url,dominio
qhgctz.com/xianggangguojibananli/81.html,qhgctz.com
whisperswear.com/products/new-45,whisperswear.com
cosmosmagazine.com/space/the-cassini-story-so-far/,cosmosmagazine.com
czujniki.co/11_oxyline,czujniki.co
izi-moscow.ru/zima/,izi-moscow.ru
unearthed.solutions/news/university-technology-sydney-makes-hackathons-mandatory-after-unearthed-sydney-2015,unearthed.solutions
all-electronics.de/bildergalerien/die-top-10-auf-all-electronicsde-im-juni-2022-341.html,all-electronics.de
comtrust.pl/en/sap-contact-center-new-quality-for-utilities-2/page/2/?et_blog,comtrust.pl
arc-nt.nihr.ac.uk/search?query=%22Cost%22+%22cost+effective%22+%22cost-effectiveness%22&Cat1901=on&Cat1901=on&Cat1901=on&Cat1901=on&Cat2096=on&Cat2140=on&Cat2140=on&Cat2140=on&Cat2167=on&Cat2116=on&Cat2116=on&Cat2116=on&Cat2116=on&Cat2100=on&Cat4354=on&Cat2108=on&type=project,arc-nt.nihr.ac.uk
stoffdronning.no/products/skreddersaks-kai-23-cm---for-prym,stoffdronning.no
musikinhalle.de/kontakt/,musikinhalle.de
sos.state.mn.us/elections-voting/lao/%E0%BA%A5-%E0%BA%87-%E0%BA%84%E0%BA%B0-%E0%BB%81%E0%BA%99%E0%BA%99-%E0%BA%AA%E0%BA%BD%E0%BA%87-%E0%BA%A5-%E0%BA%A7%E0%BA%87-%E0%BB%9C-%E0%BA%B2%E0%BA%94-%E0%BA%A7%E0%BA%8D%E0%BA%9A-%E0%BA%94%E0%BA%97-%E0%BA%9A-%E0%BB%84%E0%BA%94-%E0%BA%A1%E0%BA%B2%E0%BA%AA-%E0%BA%87%E0%BB%83%E0%BA%99%E0%BA%A1-%E0%BA%9B-%E0%BA%AD%E0%BA%99%E0%BA%9A-%E0%BA%94-vote-early-with-an-absentee-ballot/,sos.state.mn.us
larryagibbons.com/blog/category/mary-tallmountain,larryagibbons.com
theyogajunction.com/blogs/news/confined-in-the-room-of-our-mind,theyogajunction.com
designs4days.com/189-aquatic-life,designs4days.com
natuurzonderdrempels.nl/347-toegankelijkheid-dagjes-uit-in-nederland-is-verbeterd,natuurzonderdrempels.nl
n-tecs.com/example,n-tecs.com
narozlucku.cz/bily-plechacek-nevesta-se-srdicky/,narozlucku.cz
trendenterprises.com/products/t91408,trendenterprises.com
paintgallery.de/kretschmer/in_der_klosterschenke.htm?pos=a,paintgallery.de
purepharmacy.ie/products/manuka-health-manuka-honey-drops,purepharmacy.ie
kostnica.com.pl/punisher-marvel-knights-2-garth-ennis-steve-dillon-joe-quesada-tom-mandrake/?amp,kostnica.com.pl
sexcalofrios.es/firella-babydoll-y-tanga-talla-l-xl-2/,sexcalofrios.es
bunseiken.com/006/,bunseiken.com
mercateo.nl/p/1029-4473665/4_port_module_with_4_serial_dev.html,mercateo.nl
creatic.es/tag/cliente/,creatic.es
hypnotise-store.com/,hypnotise-store.com
ne-stuff.net/2014/05/,ne-stuff.net
didierlab.ie/products/premium-gel-liquid-didier-lab-rose,didierlab.ie
axacare.de/Spendersysteme/Handtuchrollenspender/,axacare.de
aeo-se.de/news/pressemitteilungen/,aeo-se.de
troyandlindsey.com/2012/06/summer-bucket-list-3.html/,troyandlindsey.com
pentair.eu/index.php/components/products/valves/fleck-5600,pentair.eu
travaillerlebois.com/realisations/page/2/,travaillerlebois.com
vistahomeimprovement.com/bathroom-remodeling/replacement-bathtubs/,vistahomeimprovement.com
ddtsnegn.ru/index/it-kub-o-centre/0-263,ddtsnegn.ru
flawlessskincosmetics.com/es/referral,flawlessskincosmetics.com
pay-me.pl/category/panele/,pay-me.pl
meaganchurch.com/tag/authortip/,meaganchurch.com
jts.edu/oss/phpBB3/memberlist.php?mode=leaders&sid=097a16d74d1fdfc0d9836fc964be7213,jts.edu
nestavista.com/2009/03/como-descomprimir-con-winzip.html,nestavista.com
ldaily.ua/interviewstag/yaroslav-niczak/,ldaily.ua
thornburyprimaryschool.co.uk/blog-posts/foundation-year-1-and-year-2s-weekly-reading-mornings,thornburyprimaryschool.co.uk
en.fta.com.cn/page/gchj.html,en.fta.com.cn
lacicalalibri.it/tag/eleonora-lorenzet/,lacicalalibri.it
week-end.com.ua/uk/chili-argentina-urugvay-braziliya-2/,week-end.com.ua
shop.koups.com/products/zero-motorcycles-kmc-420h-chain-special-order-30-03460,shop.koups.com
violetrosejewellery.com/de/product-page/clover-ring,violetrosejewellery.com
vriendenvanwatergraafsmeer.nl/de-cabaretschool-van-bob-bouber/,vriendenvanwatergraafsmeer.nl
repositorio.ufma.br/jspui/simple-search?query=&sort_by=score&order=desc&rpp=10&filter_field_1=author&filter_type_1=equals&filter_value_1=PARENTE%2C+Henrique+Nunes&filter_field_2=author&filter_type_2=equals&filter_value_2=ANDRADE%2C+Alber%C3%ADcio+Pereira+de&filter_field_3=author&filter_type_3=equals&filter_value_3=ARAUJO%2C+Kallianna+Dantas&filter_field_4=author&filter_type_4=equals&filter_value_4=PARENTE%2C+Michelle+de+Oliveira+Maia&filter_field_5=subject&filter_type_5=equals&filter_value_5=Goats&etal=0&filtername=author&filterquery=SANTOS%2C+Edson+Mauro&filtertype=equals,repositorio.ufma.br
eludamos.org/index.php/eludamos/article/view/7131/7794,eludamos.org
renault-novosib.ru/kak-bistro-lechit-nasmork-narodnimi-sredstvami.html,renault-novosib.ru
cmsmusic.org/series/progressions-jazz-camp/,cmsmusic.org
bibliotheek.ortho.nl/ziektebeelden/infectieziekten-virus?page=6,bibliotheek.ortho.nl
prg-ltd.ru/about/employee/,prg-ltd.ru
zoo-prestige.ru/shop/product/derevenskie-lakomstva-myasnaya-narezka-s-oleninoj-dlya-sobak-90gr,zoo-prestige.ru
clubriva.dk/bedste-casino-med-paysafecard-i-danmark/,clubriva.dk
nl.wiktionary.org/wiki/cultiv%C3%A9,nl.wiktionary.org
lanotamp3.com/tag/el-barto/,lanotamp3.com
alexandredeparis.co.jp/item/detail/1_1_ACCM-16920-04_1/G,alexandredeparis.co.jp
iris2.de/forum/search.php?search_id=unanswered&sid=00873d2f0dff623ecd9cb6774e5c8bae,iris2.de
amia.org.ar/tag/empleo/page/3/,amia.org.ar
hqxxnxx.net/video/44,hqxxnxx.net
northernskyfabrics.ca/products/pure-solids-morning-frost,northernskyfabrics.ca
gumbogumbo.be/gallery/,gumbogumbo.be
sexvidxxx.org/hu/category/homemade,sexvidxxx.org
nerskogen.net/om-nerskogen/ordbok/,nerskogen.net
dramasnite.com/zindagi-aik-paheli-episode-13/,dramasnite.com
oqlis.com/tag/production-line/,oqlis.com
dekeukenvanannemieke.nl/tag/bootcatering/,dekeukenvanannemieke.nl
kirtkirtla.com/ogretmenler-gunu-boyama-sayfasi/,kirtkirtla.com
physiciansaesthetics.org/facial-rejuvination,physiciansaesthetics.org
seacadetshop.org/royal-marines-cadets,seacadetshop.org
sanctuaryatcitywell.org/find/florist/,sanctuaryatcitywell.org
gaysex69.net/hunk-channel-mn-0057/,gaysex69.net
shoptransmitter.com/moxa-price-list/,shoptransmitter.com
webimentor.ca/payment/,webimentor.ca
pan.weipaitang.com/bcp2202161858an8c,pan.weipaitang.com
blogwolke.de/tornadomap-blogspot-de/,blogwolke.de
natsumeaika.com/tag/%E7%A7%81%E3%81%AE%E7%A8%BC%E3%81%8E%E6%96%B9/page/2/,natsumeaika.com
autolist.com/hyundai-tucson-lubbock-tx,autolist.com
nationalhighways.citizenspace.com/he/a30-chiverton-to-carland-cross-improvement-scheme/,nationalhighways.citizenspace.com
gnglglj.com/list/17.html?page=5,gnglglj.com
bandinilibros.com/es/libro/la-gran-via-de-madrid_13967,bandinilibros.com
barng.co.kr/surgery/page01.html?PHPSESSID=fbfe96b4d3b54f8ab4ab738d8ac9198e,barng.co.kr
vallen.com/p/national-marker-notice-this-door-is-for-emergency-use-only-sign-p8hiayzyd4gm,vallen.com
kevinharvick.com/?URL=activemeq.weebly.com,kevinharvick.com
champsdenergie.be/%C3%A9v%C3%A8nement/conseil-dadministration-11/,champsdenergie.be
tus-videojuegos.com/guia-final-fantasy-viii/,tus-videojuegos.com
dgexp.de/tag/futuristic/,dgexp.de
gartenfreunde-brb.de/freie-parzellen/freie-parzellen/feldstrasse-ev/14404,gartenfreunde-brb.de
lmc-uae.com/make-an-appointment/,lmc-uae.com
scoutcomics.com/products/travelers-guide-to-flogoria-1-page-27-magenta-comic-printer-plate-pressworks,scoutcomics.com
healthview.gr/tag/astheneis-syntagografoymena-farmaka/,healthview.gr
senncom.jp/tokyo/kokuritsu/attachment/kokuritsu33/,senncom.jp
infotresta.hatenablog.com/archive/2016/03,infotresta.hatenablog.com
rootsculinair.nl/duurzame-catering/extra-diensten/,rootsculinair.nl
ml-tech.com/tag/rotating-electrical-connector/,ml-tech.com
globaleasy.com.cn/6518.html,globaleasy.com.cn
midnights-mojo.com/listing/677346779/sapphire-or-ruby-gold-nose-ring-hoop-20,midnights-mojo.com
agri-news.ru/zhurnal/2018/22018/ot-redaktora/,agri-news.ru
mavic-center.ru/p/kvadrokopter-dji-mavic-3-enterprise-universal-edition,mavic-center.ru
intrepidgrand.ca/product-category/audio/accessories/,intrepidgrand.ca
alive-records.com/2019/04/awesome-review-of-datura4-blessed-is-the-boogie-via-soundblab/,alive-records.com
craftsbyamanda.com/decorating-a-composition-notebook/,craftsbyamanda.com
npt.ac.th/pages/about/diagram?option1=about,npt.ac.th
castor-hara.com/vente/55191,castor-hara.com
mizbuilders.com/calcium-fluoride-suppliers/,mizbuilders.com
budzybox.com/login/,budzybox.com
davidgraeber.org/events/material-photographies-reading-group/,davidgraeber.org
lenews.info/tag/buongiorno-ceramica/,lenews.info
jobs.palsgaard.com/pages/what-s-it-like-to-work-for-palsgaard,jobs.palsgaard.com
nov.si/tag/instrukcije-statistika/,nov.si
samaritanmedicalcare.com/urgent-care/wart-removal/,samaritanmedicalcare.com
kinderhaus-st-josef-tutzing.de/gamdom-com-casino/,kinderhaus-st-josef-tutzing.de
colonialseal.com/application-data-sheet/,colonialseal.com
usio.co.jp/topics/24319.html,usio.co.jp
littleaussiemonster.com.au/baby-modern-cloth-nappies/owl-bowtie-mcn/,littleaussiemonster.com.au
carlson.fi/nk1917-nahkalompakko-nk1917-nk4529-919-pinkki-6416140060226.html,carlson.fi
takumi-union.com/news/%E5%BD%93%E7%B5%84%E5%90%88%E3%81%AE%E9%81%8B%E5%96%B6%E3%81%99%E3%82%8B%E6%97%A5%E6%9C%AC%E8%AA%9E%E5%AD%A6%E6%A0%A1%E3%81%AE%E6%B4%BB%E5%8B%95%E3%81%8C%EF%BD%8E%EF%BD%88%EF%BD%8B%E3%81%A7%E7%B4%B9/,takumi-union.com
developer.zuora.com/v1-api-reference/api/operation/GET_Payment/,developer.zuora.com
hundetrainer-online.ch/agb-newsletter/,hundetrainer-online.ch
lacancha.com.ec/tag/aucas-vs-flamengo/,lacancha.com.ec
coopcancook.com/steak-smoked-gouda-alfredo/,coopcancook.com
luisterrijk.nl/luisterboek/9788728278147/the-spring-of-second-chances,luisterrijk.nl
sas1946.com/main/index.php?topic=51465.msg560689,sas1946.com
kinocheck.de/film/5ue/racionais-2022/streams,kinocheck.de
scgchemicals.com/en/articles/stories/1653810476,scgchemicals.com
beightondentalcare.co.uk/dental-emergency-2-emergency-dentist/,beightondentalcare.co.uk
jobbguru.se/jobs/logistics-or-warehouse-jobs-in-ange--ange?occupationType=INTERNSHIP_APPRENTICESHIP,jobbguru.se
ornamentmall.com/1999-Babys-First-Christmas-Photo-HolderNoahs-Ark_p_1107.html,ornamentmall.com
borate.com.tw/ProductDetails.asp?produid=10&nouse=420,borate.com.tw
sskclaw.com/resources/,sskclaw.com
adems.pro/catalog/stanki_dlya_zatochki_parikmakherskogo_instrumenta/basic-set-for-sharpening-tools-of-the-beauty-industry/,adems.pro
lux-quality.com/cat/brand/rolex/milgauss/,lux-quality.com
marjin.com.tr/kadin-oxford-ayakkabi-poti-ekru-38,marjin.com.tr
top-android.org/programs/6622-novogodnie-tortyi/,top-android.org
republiccharterschools.org/blog/team/gayle-geeter/,republiccharterschools.org
tecnoblog.guru/2015/08/tasktide-publica-tus-necesidades.html,tecnoblog.guru
delawarenewshub.com/2018/02/16/turkey-frees-one-journalist-but-jails-several-more-for-life/,delawarenewshub.com
irza.ru/sursk,irza.ru
3d.226101.com/student-resources/makerlab.html,3d.226101.com
kidscarz.com.au/blogs/news/christmas-deadlines-2022-make-sure-to-get-your-orders-in-time,kidscarz.com.au
3dvizart.com/2022/03/fasad-puspitaloka-bsd-tangerang.html,3dvizart.com
rule34.rocks/porn/european-pornstars-reveal-their-legs-for-intense-oral-and-anal-play-with-hitachi-magic-wand,rule34.rocks
corporate-sustainability.org/venue/university-of-virginia/,corporate-sustainability.org
nieruchomosci-wroclaw-24.pl/16594/%D9%82%DB%8C%D9%85%D8%AA/%D9%85%D8%B3%D8%AA%D9%82%DB%8C%D9%85/%DA%A9%D8%A7%D8%B1%D8%AE%D8%A7%D9%86%D9%87/%D9%81%D9%88%D9%84%D8%A7%D8%AF/%D8%A2%D8%B3%D8%AA%D9%86%DB%8C%D8%AA%DB%8C/%D9%85%D9%88%D8%B1%D8%AF/%D8%A7%D8%B3%D8%AA%D9%81%D8%A7%D8%AF%D9%87/%D8%AF%D8%B1/%D9%82%D8%B7%D8%B9%D8%A7%D8%AA/%D8%AE%D9%88%D8%AF%D8%B1%D9%88,nieruchomosci-wroclaw-24.pl
lilyandgraceclothing.com/products/striped-quarter-zip-collared-sweater,lilyandgraceclothing.com
shuxuezhiyou.com/3xjSo9zo/xxgk.htm,shuxuezhiyou.com
m.triumph-cn.com/fayancailiao/2023/1228/117155.html,m.triumph-cn.com
data.numismatics.org/results?q=mint_facet:%22Paros%22&lang=sv,data.numismatics.org
y6766.com/apakah-perjudian-baik-berkaitan-dengan-anda/,y6766.com
auto-magazin.info/alfa-romeo-zeigt-auch-auf-essen-motor-show-mit-exklusiver-sonderausstellung/,auto-magazin.info
lorey.de/products/messbecher-1l,lorey.de
manteena.com.au/tag/quality-finishes/,manteena.com.au
"ihe.ca/advanced-search?date=2010,2016&resulttype=1039,1043&type=1025&topic=1037,1038,1035,1021,1050,1065,1066,1093,1088&author=1090,1011,1028,1396,1304",ihe.ca
tartu.ee/et/uudised/laupaeval-kesklinnas-liiklusmuudatused,tartu.ee
e-cash.top/index.php/2024/05/07/binance-ceo-says-nigeria-is-detaining-us-exec-as-a-control-tactic-reveals-bribe-demands/,e-cash.top
bomeco.eu/2023/10/17/conte-dai-monti-ha-debuttato-al-festival-riverberi-di-aosta/,bomeco.eu
support.blinkcharging.be/vragen/my-installation-was-rejected-what-now/,support.blinkcharging.be
eriweb.net/author/banana/,eriweb.net
24farmacia.ru/apteki/catalog/845ad3ff-8640-11eb-bb90-00155d121616/pishchevaritelnaya-sistema-i-obmen-veshchestv/dlya-lecheniya-ozhireniya/orsoten-kaps-120mg-21/,24farmacia.ru
onthebrightsideblog.com/2020/06/its-all-fun-and-games-until-you-dont/,onthebrightsideblog.com
editorial.ugr.es/noticia/libro-del-mes-de-octubre-granada-napoleonica-ciudad-arquitectura-y-patrimonio_5091/,editorial.ugr.es
clp.law.harvard.edu/events/is-the-legal-ethics-sky-falling-the-role-of-the-big-4-in-the-global-legal-ecosystem/,clp.law.harvard.edu
bosara.sultraprov.go.id/produk/detail/printer-ink-tank-hp-115-infus-with-tinta-gt51-032608,bosara.sultraprov.go.id
prolighting.de/zubehoer/kabel-stecker/audiomulticore/omnitronic-multicore-stagebox-mus-810-8in-10m.html,prolighting.de
cloturesetloisirs.com/harnaisdesecuritegrandconfortprofessionnel-xml-443_465-1930.html,cloturesetloisirs.com
ventananegocios.com/listado/kumon-2/,ventananegocios.com
parquemontecillo.org/2018/06/celebracion-estacional-de-invierno.html,parquemontecillo.org
cartemurali.com/carte-murali/spagna-mappe/regionali-mappe-spagna/comunita-valenciana/,cartemurali.com
jilicity.city/cach-choi-pok-deng/,jilicity.city
clock3x.com/seriya-sa.html,clock3x.com
beropex.hu/index.php?view=properties&id=3689:_2,beropex.hu
elib.smolensklib.ru/en/account/login?returnUrl=http%3A%2F%2Felib.smolensklib.ru%2Fbd%2Fdvorus%2Fd0000596.pdf%2Fen%2Finfo,elib.smolensklib.ru
galleryflowers.co.uk/flowers/mixed-seasonal-coffin-spray,galleryflowers.co.uk
turkedebiyati.org/anafor-nedir/,turkedebiyati.org
education.vermont.gov/documents/cte-perkins-plan-proposed-revisions-2023,education.vermont.gov
balabaksha.kz/75507/,balabaksha.kz
stratgard.com/id/news/best-smart-wearables-of-2023,stratgard.com
ceserebrothers.com/,ceserebrothers.com
discoverdallastours.com/student-services.html,discoverdallastours.com
arasstore.com/product-769/%D8%B3%D8%AA-96-%D9%BE%D8%A7%D8%B1%DA%86%D9%87-6-%D9%86%D9%81%D8%B1%D9%87-%D9%86%D9%87%D8%A7%D8%B1%D8%AE%D9%88%D8%B1%DB%8C-%D8%A8%D8%A7%D9%85%D8%A8%D9%88%D9%85,arasstore.com
osiguraj.me/nacin-placanja/,osiguraj.me
cevaplar.org/index.php?content_view=9015&ctgr_id=181,cevaplar.org
kzyx.org/2022-09-28/what-caused-2-key-natural-gas-pipelines-under-the-baltic-sea-to-rupture,kzyx.org
crystalcava.com.hk/products/%E7%91%AA%E7%91%99%E7%A2%97-10cm-tp1526,crystalcava.com.hk
doganddoll.com/shop/poodles-custom-products/girly-paris-theme-custom-binder/,doganddoll.com
shoots.video/video-production/audibly-yours/,shoots.video
paititi.pe/rescate/,paititi.pe
bazaarhome.com/decor/home-organization/hooks.html,bazaarhome.com
winnerirobot.com/grey-chanel-backpack-83694/,winnerirobot.com
salero.pt/page/book-a-table,salero.pt
mountgravattmazda.com.au/new-car/mazda/3/q-6auto-sedan-g25-evolve-sp-vision/11132088/,mountgravattmazda.com.au
ddx91.com/cnijx/1304685/ztzl84/bwcx_ljsm36/index.html,ddx91.com
812kraska.ru/kraski-npo-812/poliuretanovye.html,812kraska.ru
ecm.ict-online.ru/news/orange-stroit-zonovye-seti-planiruya-pokryt-desyat-subektov-za-god-250151,ecm.ict-online.ru
hic-net.org/hic-president-blog/?date=2021-11,hic-net.org
loocool.at/shop/reflektierende-warnweste-einhorn/,loocool.at
altenstadt-obb.de/vereine/freiwillige-feuerwehr/einsatzarchiv/einsaetze-2022/1521042022-vu,altenstadt-obb.de
gratomic.ir/%D8%AF%D8%A7%D9%86%D9%84%D9%88%D8%AF-%D8%A2%D9%87%D9%86%DA%AF-%D8%A2%D9%84%D8%AA%D9%88-%D9%87%DB%8C%D9%BE-%D9%87%D8%A7%D9%BE/,gratomic.ir
decathlon-outdoor.com/fr-fr/solo/geocaching-au-cirque-des-walkyries-600064a554280,decathlon-outdoor.com
intelmediaupdate.com/2024/05/masyarakat-nanggung-geruduk-atr-bpn-kabupaten-bogor-tolak-perpanjangan-hgu-pt-hi/,intelmediaupdate.com
stampedeculinarypartners.com/food-drink-magazine-features-stampede-meat/img_0158,stampedeculinarypartners.com
urbanthick.com/blog/handy-tips-for-the-fabulous-thick,urbanthick.com
computec.ch/projekte/tractatus/?s=tractatus&m=logik&h=3.3.2.1.3.3&l=3,computec.ch
vpnprotocolmigo.web.app/cyvydytec/configurer-apple-tv-sur-un-nouveau-wifi202.html,vpnprotocolmigo.web.app
mpnet.cn/xinshuangli/index.html,mpnet.cn
novinykraje.cz/ustecky/tag/rozumne/,novinykraje.cz
pzyjjd.com/xinwen/451.html,pzyjjd.com
cdnhub.io/audiosynth/1.0.0,cdnhub.io
fabriques.myshopify.com/collections/ykk/products/ykk-nylon-dress-and-skirt-zip-30cm?variant=40605859414083,fabriques.myshopify.com
carosanat.ir/product/alternator-bearing-tolerance-ring-cap-for-peugeot-405/,carosanat.ir
zpformular.hu/https%3A/www.zpformular.hu/azsia-konyha-kaposvar,zpformular.hu
ru.m.netdania.com/calendar/u6-underemployment-rate--97d51809-28b0-42fb-9307-07cf9cfdf991,ru.m.netdania.com
agenda.albi.fr/events/les-nocturnes-gourmandes-227302?nc=eyJpbmRleCI6ODksInRvdGFsIjoyMzl9,agenda.albi.fr
buckexpert.com/fr/pages/produit_select/194,buckexpert.com
forumobywatelskie.org/2019/12/101-rocznica-wybuchu-powstania.html,forumobywatelskie.org
cestujemeposvem.cz/fotoalbum/novy-zealand-2017/auckland---zoo-2.html,cestujemeposvem.cz
pro-laser.com/en/p/1861-canon-570xl-571xl-pack-x-5-pgi570-cli571xl-compatible-ink-jets-bpbcmy.html,pro-laser.com
lebensberatung-holzborn.de/tag/tipps-wasserfasten/,lebensberatung-holzborn.de
nanubhaiproperty.com/property-details/2-bhk-1150-sq-ft-multistorey-apartment-flat-for-rent-chandivali-in-mumbai?pid=2bdZ052Jujv/mYBmvf9CmA==,nanubhaiproperty.com
40luv.com/public/13475.html,40luv.com
bouw-select.nl/project/15-september-2021/,bouw-select.nl
tawasolegypt.org/collections/kaftans/products/white-galabeya-with-islamic-design-gold-sequins,tawasolegypt.org
rathaus-apotheke-wiesbaden.de/shop/kategorie/Weleda-97550,rathaus-apotheke-wiesbaden.de
frcsr.com/carols-in-the-park/,frcsr.com
locostusa.com/forums/index.php?sid=8979f511d9fbbfb6aa1c12b7fd7cc45d,locostusa.com
rtn.com.ar/tag/peluqueria-recoleta/,rtn.com.ar
celcjusz.pl/essential_grid/sustanability/,celcjusz.pl
optikaobuda.hu/slideshow/putnok,optikaobuda.hu
earthinpink.com/2014/04/tokyo-cherry-blossoms/,earthinpink.com
slunecnice.cz/sprava-a-zabezpeceni-pocitace/systemove-utility/procesor/,slunecnice.cz
ibuysom.com/en-dj/products/228-colors-art-supplies-double-sided-trifold-easel-art-set-includes-oil-pastels-crayons-colored-pencils-markers-watercolor-cakes-sketch-pad-for-artists-adults-teens-beginners,ibuysom.com
emporn.com/videos/8570/tiny-latina-gf-vs-world-s-laziest-boyfriend-violet-gems-perfect-girlfriend-alex-adams/,emporn.com
digital.francke-halle.de/mod3/content/structure/1225,digital.francke-halle.de
hcs.thaihealth.or.th/%e0%b8%aa%e0%b9%88%e0%b8%ad%e0%b8%87%e0%b9%81%e0%b8%99%e0%b8%a7%e0%b8%84%e0%b8%b4%e0%b8%94%e0%b8%97%e0%b9%89%e0%b8%ad%e0%b8%87%e0%b8%96%e0%b8%b4%e0%b9%88%e0%b8%99-3-%e0%b8%9e%e0%b8%b7%e0%b9%89/,hcs.thaihealth.or.th
appleguideweb.com/tag/buy/,appleguideweb.com
violinotech.com/product/violin-left-hand-mechanisms-volume-1/,violinotech.com
vokativ.hr/oznaka/madarska/,vokativ.hr
instaforex.eu/forex_indicators/coppock,instaforex.eu
erzincan-magazin-haberleri.xyz/polonyada-euro-degerlendirmesi/,erzincan-magazin-haberleri.xyz
playingfor90.com/2017/01/02/5-managers-who-might-replace-wenger-at-arsenal/2/,playingfor90.com
sheincosplay.com/product-category/anime-costumes/goblin-slayer/,sheincosplay.com
fauxirondirect.com/?attachment_id=806,fauxirondirect.com
gcuf.edu.pk/faculty-life-sciences,gcuf.edu.pk
herescapeboutique.com/products/off-white-x-dunk-low-lot-27-of-50-dm1602-120-86450,herescapeboutique.com
agriculture.gouv.fr/la-conchyliculture-production-et-elevages,agriculture.gouv.fr
outletdasreparacoes.pt/canalizacao-em-graca.html,outletdasreparacoes.pt
blogs.embarcadero.com/ru/svgdelphi/,blogs.embarcadero.com
southforker.com/2023/06/20/sag-harbors-restaurant-scene-includes-more-diverse-dining-options/,southforker.com
ashmarin.cv-haval.org/eo/words/view/*?id=1693,ashmarin.cv-haval.org
brittanysbookblog.com/reviews/one-year-home-by-marie-force,brittanysbookblog.com
boltdepot.com/Catalog?F_Length=8--1%2F2%22&F_Grade=316,boltdepot.com
sinymedical.com/quadruple-blood-bag/,sinymedical.com
honorechampion.com/fr/index.php?controller=attachment&id_attachment=1240,honorechampion.com
kragten.nl/projecten/inventarisatie-buitenruimte-woonstad-rotterdam-als-basis-voor-effectief-beheer,kragten.nl
natudelia.com/tips-khusus-membersihkan-lantai-vinyl-kayu/,natudelia.com
samutsakhononly.com/cheap-backpacks-101-quality-discounted-backpacks-4/,samutsakhononly.com
sellingwaves.com/2005/12/14/414/,sellingwaves.com
revista-notariado.org.ar/index.php/tag/liquidacion-comunitaria/,revista-notariado.org.ar
astralwatches.co.il/product-category/%D7%AA%D7%9B%D7%A9%D7%99%D7%98%D7%99%D7%9D/%D7%AA%D7%9B%D7%A9%D7%99%D7%98%D7%99-%D7%99%D7%94%D7%9C%D7%95%D7%9E%D7%99%D7%9D/%D7%A6%D7%9E%D7%99%D7%93%D7%99-%D7%99%D7%94%D7%9C%D7%95%D7%9E%D7%99%D7%9D/,astralwatches.co.il
sieuthiruoubia.vn/vang-phap/ruou-vang-roche-mazet-cabernet-sauvignon.html,sieuthiruoubia.vn
discoveringtheplanet.com/port-louise-en-doft-av-mangfald/,discoveringtheplanet.com
dallarivolley.com/it-it/archivio-editoriali-37.aspx,dallarivolley.com
cruisetipstv.com/cruise-tips-for-couples/,cruisetipstv.com
worldtourdates.info/category/live-casino-online-51/,worldtourdates.info
belyaevaekaterina.com/%D0%B8%D0%BD%D1%82%D0%B5%D1%80%D1%8C%D0%B5%D1%80/project-planner/,belyaevaekaterina.com
rtlplay.be/top-models-p_8971/episode-9076-c_13058114,rtlplay.be
shinjo-ganka.jp/medical/glaucoma/,shinjo-ganka.jp
newcarsca.com/tag/2023-chevy-blazer-pictures/,newcarsca.com
weteringbrug.info/?URL=https%3A%2F%2Fgogomekar18.weebly.com%2F,weteringbrug.info
craftshop-pebble.com/?mode=grp&gid=2363207,craftshop-pebble.com
planbsailing.com,planbsailing.com
cnrfconnector.com/product-114g-n-type-rf-solderless-connector-n-male-plug-straight-connector-crimp-for-rg58-rg223-rg142-rg400-lmr195-lmr200-cable,cnrfconnector.com
translaser.fr/pages/cgu,translaser.fr
sandiegoreader.com/news/2014/mar/26/note-jimmy-ruelas-resonator-guitar/,sandiegoreader.com
childsplayclothing.co.uk/collections/stone-island-junior,childsplayclothing.co.uk
weathernews.jp/hatsumoude/spot/id_60b50d1b-c6d2-4bd5-80c5-7d85012653a2/,weathernews.jp
buildinggreen.gr/dihmero-energeias-apo-to-tee/,buildinggreen.gr
xiaoyi.gov.cn/xxgk/fdzdgknr/czxx_57552/yjsgk/bmyjs/bmys/2018n_43975/fgk_43984/201805/t20180508_773189.shtml,xiaoyi.gov.cn
massagechair.com.vn/ghe-massage-fuji-care-co-gi-dac-biet/,massagechair.com.vn
plaskidach.pl/portfolio/dachy-zielone/,plaskidach.pl
consejosdelimpieza.com/2013/07/ELIMINAR-CUCARACHAS-PARA-SIEMPRE.html?showComment=1403771576009,consejosdelimpieza.com
ami.mr/archives/194378,ami.mr
bjmas.org/index.php/bjmas/citationstylelanguage/get/associacao-brasileira-de-normas-tecnicas?submissionId=762&publicationId=1418,bjmas.org
eurekafabrics.com/products/bargain-cotton-lycra-jersey-forest,eurekafabrics.com
krnd.kr/%EC%9D%B8%EB%8D%95%ED%84%B0inductor%EC%9D%98-%EC%A0%95%EC%9D%98%EC%99%80-%EC%84%B1%EC%A7%88/,krnd.kr
bb-chat.tv/blog/fd50450042877b79/25912,bb-chat.tv
ppswan.com/games/doudoutang/,ppswan.com
krovlya-s.com/vanna-serii-standart/,krovlya-s.com
ethereum.stackexchange.com/users/56290/saeedi,ethereum.stackexchange.com
icmuk.net/about-us/partners/,icmuk.net
ratsinfo.erlangen.de/to0050.asp?__ktonr=5006267,ratsinfo.erlangen.de
my-cartouches.com/collections/cartouche-pour-imprimante-hp-envy-pro-6422,my-cartouches.com
vmonitor.ru/wp/62128/,vmonitor.ru
searchyellowdirectory.com/phone-books/israel/,searchyellowdirectory.com
dating-online24.com/,dating-online24.com
numizmatik.ru/shopcoins/moneta-namibiya-10-tsentov-medno-nikel-2002_c1623958_m1.html,numizmatik.ru
takuvanyiing.pixnet.net/album/photo/212236652,takuvanyiing.pixnet.net
agendapompierului.ro/articole/Interventii/2023_06/Patru_ore_de_munca_asidua_pentru_salvarea_unei_cateluse.html,agendapompierului.ro
plomby.be/plombier-angleur/,plomby.be
nbri.ru/news/1463-v-nacionalnoi-biblioteke-sostojalos-nagrazhdenie-pobeditelei-vserossiiskogo-proekta-simvoly-ros.html,nbri.ru
fdocuments.ec/document/aqualogy-views-4.html,fdocuments.ec
kestan.co/en-gb/products/clarissa-drop-necklace-gold-vermeil,kestan.co
cahootz.com/news/interest-rates-are-rising-again-how-can-landlords-adapt,cahootz.com
library.sunkei.edu.hk/Pages/Book.aspx?acno=CC0025,library.sunkei.edu.hk
netmaps.co/mapas/mapa-bergen-en-noruega/,netmaps.co
ja.language.exchange/language/EN-%E8%8B%B1%E8%AA%9E/9/,ja.language.exchange
printeroutlets.com/my-account/lost-password/,printeroutlets.com
lingq.com/ru/%D0%B8%D0%B7%D1%83%D1%87%D0%B0%D0%B9-%D0%BF%D0%BE%D1%80%D1%82%D1%83%D0%B3%D0%B0%D0%BB%D1%8C%D1%81%D0%BA%D0%B8%D0%B9-%D0%BE%D0%BD%D0%BB%D0%B0%D0%B9%D0%BD/courses/829568/pompeia-6572131/,lingq.com
objekteinrichtung.omikron-gmbh.de/toro-24-drehsessel-mit-kopfstuetze-und-armlehnen/,objekteinrichtung.omikron-gmbh.de
cafeboudin.be/nl/menu/4622386264748851282,cafeboudin.be
ekofence.com/product/garden-fencing/welded-mesh-panels-garden-fencing/3d-panels-welded-mesh-panels-garden-fencing/welded-panel-fence-znpvc-2500x1730x4mm-anthracite/,ekofence.com
docs.touchpointsoftware.com/CustomProgramming/Python/Scripts/BatchReport2.html,docs.touchpointsoftware.com
xn--d1adjnci2gva.xn--p1ai/testimonial/super-vsjo-ochen-horosho-spasibo/,xn--d1adjnci2gva.xn--p1ai
lithosia.com/product/ensemble-6-mini-bougies-douceur-de-b-b-/136,lithosia.com
wincmd.ru/forum/search.php?sid=7cd9245ac2726970b6473cda514193b3,wincmd.ru
books.google.com.bd/books?id=4RkkDwAAQBAJ&q=rational+capacity&dq=editions:ISBN178720409X&output=html_text&source=gbs_word_cloud_r&cad=4,books.google.com.bd
haven-collective.com/collections/price-asc-ballerina-girl,haven-collective.com
fhmotor.es/amortiguadores/1-amortiguador-gh-gas-delantero-referencia-4251530806891.html,fhmotor.es
gemeinde-mittelangeln.de/verzeichnis/index.php?kategorie=1027,gemeinde-mittelangeln.de
groupesemico.com/etiquette-produit/serenity-4500/,groupesemico.com
dungeonartifacts.com/products/atlantean-building-4-atlantis-dark-realms-terrain-wargaming-d-d-dnd,dungeonartifacts.com
techallbest.com/2023/11/06/one-swallow-does-not-make-the-spring-2/,techallbest.com
hurmaninvesterarypww.firebaseapp.com/18353/51927.html,hurmaninvesterarypww.firebaseapp.com
anderewelten.de/products/lifeforce-die-todliche-bedrohung-filmplakat,anderewelten.de
upsc.gov.in/sites/default/files/LIT_MARATHI2.pdf,upsc.gov.in
thinkkers.com/financial-calculators-pro/,thinkkers.com
magyarszo.rs/vajdasag/zenta/,magyarszo.rs
10tv.com.ar/nota/1023655/fallece-chico-del-brillante-en-accidente,10tv.com.ar
photostp.free.fr/phpbb/search.php?search_id=unanswered&sid=508123b8727e9454dd17706fddb46c3a,photostp.free.fr
rehab-online.org.uk/test-cqc/,rehab-online.org.uk
line.amone.info/v/d/56596,line.amone.info
greaterbinghamtonobgyn.com/doctors_category/outpatient-rehabilitation/,greaterbinghamtonobgyn.com
foodieyardhk.com/products/kiss-my-keto-keto-gummies-sour-bears,foodieyardhk.com
radroutenplaner.hessen.de/usertour/brit-scherer-1532346688/,radroutenplaner.hessen.de
saving.in/amazon-coupons,saving.in
homeandgardennj.com/post-tag/at-home/,homeandgardennj.com
gesinflot.com/tag/transporte-de-mercancias-por-carretera/,gesinflot.com
seriesdatv.pt/noticias/novidadeselenco/2019/09/helen-mccrory-david-suchet-e-cristela-alonzo-no-elenco-de-his-dark-materials/,seriesdatv.pt
cok123.cn/en/col.jsp?id=102,cok123.cn
adyan-iran.com/2023/02/26/,adyan-iran.com
globaltoptrend.com/category/lifestyle/health/,globaltoptrend.com
perucontable.com/excelcontable/matematicas-financieras-para-la-toma-de-decisiones-empresariales/,perucontable.com
chamber.conroe.org/list/member/sarah-jones-cpa-llc-5016648.htm,chamber.conroe.org
trulyart.com/products/birds-eye-view-of-hickory-north-carolina_north-carolina,trulyart.com
bttbb.com/review/music/r-b-soul/monica/,bttbb.com
czwa.odr.net.pl/galeria/krajowa-konferencja-pszczelarska-w-czestochowie/xix-krajowa-konferencja-pszczelarska-w-czestochowie/42-kategoria/dzialy/metodyka-doradztwa-szkolen-i-wydawnictw/3072-centralne-targi-rolnicze.html,czwa.odr.net.pl
in-christ.net/keywords_blog/ular_tedung?page=5,in-christ.net
kourakawaraten.com/2023/01/20/post-3802/,kourakawaraten.com
forskningsradet.no/utlysninger/2022/forprosjekt-innovasjonsprosjekt-i-offentlig-sektor/,forskningsradet.no
daltons.co.nz/gardening-guides/august-gardening-tasks,daltons.co.nz
kennyspizzacoxheath.ca/product/pltfngr/,kennyspizzacoxheath.ca
florestal.revistaopinioes.com.br/es/revista/detalhes/8-mudancas-no-uso-da-terra-como-oportunidade/,florestal.revistaopinioes.com.br
n70.autoweb.no/race/results/results.jsp?rid=7&lang=en,n70.autoweb.no
djnshots.it/index.php?3auvy30e98eb54ostzt,djnshots.it
eprints.ibb.waw.pl/2060/,eprints.ibb.waw.pl
thedoctorsmethod.com/gp-wellbeing/dermatology-procedures/personalised-care-2024-04-30t102729-723/,thedoctorsmethod.com
vase-pot-de-fleurs.fr/produit/cache-pot-trepied/,vase-pot-de-fleurs.fr
hotcum.me/?pmln=en&sxcaf=8KVUNHU4PG&pmsc=ad,hotcum.me
embroiderykhazana.com/pack/numeric-3d-puff-font/97,embroiderykhazana.com
southhawks.org/main/teamschedule/id/3624812/seasonid/4799729,southhawks.org
morgaella.com/,morgaella.com
rainworld.com.tr/ev-tipi-su-aritma-sebilleri/,rainworld.com.tr
forums.dancescape.com/archive/forums.dancescape.com/eve/forums@a=prply&x_popup=y&f=281106172&m=217107572.htm,forums.dancescape.com
location.steers.africa/mandela,location.steers.africa
uranai.nifty.com/cs/bookmark/uranai/bkuserlist/sid_service/aid_service20120712/1.htm,uranai.nifty.com
ecoamazonico.com/opinion-de-la-asambleista-de-pastaza-del-posible-traspaso-de-fondos-de-cesantia-al-biess/,ecoamazonico.com
news-portal.t-catv.co.jp/%E3%80%90jr-%E3%80%91%E7%86%B1%E4%B8%AD%EF%BC%81%E3%82%B9%E3%83%9D%E3%83%BC%E3%83%84%E3%82%AD%E3%83%83%E3%82%BA%E3%80%80%E6%AD%A6%E7%94%9Ffc%E3%82%AC%E3%83%BC%E3%83%AB%E3%82%BA/,news-portal.t-catv.co.jp
katrinapricevo.com/voice-over-web-design.html,katrinapricevo.com
snowrecords.jp/?mode=srh&sort=n&cid=624153%2C0&keyword=S.U.N.%20PROJECT%20i%20feel%20/%20slap,snowrecords.jp
cambuiestofados.com.br/ten-deposit-gambling-establishment-nz-top-ten-money-put-casinos-2024/,cambuiestofados.com.br
banki.bobrodobro.ru/22884,banki.bobrodobro.ru
sophiebillebrahe.com/collections/the-great-embrace,sophiebillebrahe.com
picanha2020.hatenablog.com/entry/2023/09/03/103819,picanha2020.hatenablog.com
newyearspartydenver.com/category/new-years-eve-near-me/,newyearspartydenver.com
support.gamecity.ne.jp/hc/ja/articles/4419532516889--%E6%88%A6%E5%9B%BD%E7%84%A1%E5%8F%8C5-Steam-%E3%82%AA%E3%83%95%E3%83%A9%E3%82%A4%E3%83%B32P%E3%83%97%E3%83%AC%E3%82%A4%E3%81%AE%E6%96%B9%E6%B3%95%E3%82%92%E7%9F%A5%E3%82%8A%E3%81%9F%E3%81%84,support.gamecity.ne.jp
getproofed.com.au/writing-tips/how-to-cite-a-poem-in-harvard-referencing/,getproofed.com.au
multimediamayhem.net/,multimediamayhem.net
services.georgia.gov/dhr/cspp/do/public/FAQ;jsessionid=C090C04DAB96F43DB3806FEE1A2A809A,services.georgia.gov
amarai.es/servizos/area-cognitiva/,amarai.es
water2litter.net/rum/post/pc_surface_multi/,water2litter.net
azavlahyshop.cz/azavlahy/eshop/0/0/5/674-Kapkovaci-potrubi-RB-DRIPLINE-XF-17-2l-33-Role-100-m,azavlahyshop.cz
gdkburzenin.pl/2018/09/18/ix-sieradzki-jarmark-powiatowy/,gdkburzenin.pl
whitemagnoliastudio.com/product-page/inclusion-quartz,whitemagnoliastudio.com
tukoweb.com/project-category/product-design/,tukoweb.com
boos-eifel.de/index.php/links-service-64/85-info-seiten,boos-eifel.de
fujii-denko.co.jp/product/construction-equipment/,fujii-denko.co.jp
toshin-shizuoka.com/%E6%96%B0%E5%AD%A6%E6%9C%9F%EF%BC%81%E3%80%80%E7%B6%99%E7%B6%9A%E3%81%AF%E5%8A%9B%E3%81%AA%E3%82%8A%EF%BC%81/,toshin-shizuoka.com
uncreatetools.com/quality-control/,uncreatetools.com
qpgyyy.com/sbvod/1049.html,qpgyyy.com
nabulsi.shop/product/%D7%A9%D7%9E%D7%9F-%D7%A7%D7%99%D7%A7%D7%99%D7%95%D7%9F/,nabulsi.shop
boating-holidays-uk.co.uk/whixall/centaurus-whixall.asp,boating-holidays-uk.co.uk
encocina.com/tag/muffin/,encocina.com
preder.net/r/geriadur/enmoned.php?dic=8&ent=1332,preder.net
maillot.jp/mac-21213-gray-size0-model-women/,maillot.jp
cotlf.org/wp-content/uploads/2023/12/EMHC-Schedule-1st-Quarter-2024.pdf,cotlf.org
xtremeshop.cz/zeny/p-velikost/6xl,xtremeshop.cz
middaysomewhere.com.au/prices/brand/kalleske,middaysomewhere.com.au
goreportcard.com/report/github.hscsec.cn/wabarc/wayback,goreportcard.com
apuntesdesanluis.com/index.php/2023/10/04/formularon-cargos-contra-un-hombre-por-abusar-de-un-menor-en-tilisarao/,apuntesdesanluis.com
az-jenata.bg/a/5-zdrave-i-krasota/28605-mnogobroinite-polzi-za-zdraveto-ot-ricinovoto-maslo/,az-jenata.bg
ajanshaber.com.tr/lgs-sinavi-ne-zaman-lgs-sinavi-kacta-basliyor-lgs-sinavinda-kac-soru-var-lgs-saat-kacta-basliyor-lgs-kac-dakika-surecek-haber-508317,ajanshaber.com.tr
redmine.pfsense.org/issues/9128,redmine.pfsense.org
nene.ru/product/raduga-sku=bouq0005-base=0-5/,nene.ru
fahrschule.de/Fragenkatalog/1.3.01-103-M,fahrschule.de
astromedic.hu/products/avertible1368681?id=122,astromedic.hu
inlichtingenbureau.nl/Beleidsterreinen/Werk-en-Bestaanszekerheid/Rechtmatigheidscontrole/Voortvluchtig-veroordeelden,inlichtingenbureau.nl
amf7.style/mineral-roselite01/dsc04136,amf7.style
westinghouse.co.nz/support/gug511hw/,westinghouse.co.nz
horikawad.hatenadiary.com/entry/2014/07/14/014435,horikawad.hatenadiary.com
virgin.com/branson-family/richard-branson-blog/celebrating-15-years-of-virgin-unite,virgin.com
top1imports.com/2022/02/18/adventure-of-great-wolf-download-xbox-one/,top1imports.com
workpoint-tv.com/archives/31743,workpoint-tv.com
kirov.eventnn.ru/events/2022-11-20/?type=18,kirov.eventnn.ru
kb.tecware.com.br/?w=best-brow-lamination-treatments-in-rushmere-saint-andrew-ipswich-jj-DrW22BH2,kb.tecware.com.br
vfb-graefenhainichen.de/datenschutz,vfb-graefenhainichen.de
wordcrazeanswers.net/malcom-in-___-_____-started-in-2000-and-starred-frankie-muniz/,wordcrazeanswers.net
klikberita.net/brigif-para-raider-3-kostrad-terima-penghargaan-dari-kppn-makassar-i/,klikberita.net
adultseeker.purebank.net/id/14987.html,adultseeker.purebank.net
smyckefynd.se/product/budda-3/,smyckefynd.se
caicasalemonferrato.it/23.04.16---punta-dell-aquila.html,caicasalemonferrato.it
aderome.com/UI/en-US/Product/Derome%20Catalog/MaxLight-XL2-535-Pre-Inked-stamp%2C-Round/20200109223317320,aderome.com
passportvisasexpress.com/visa_services/mongolia/mongolia_washington_dc_embassy/embassy_information,passportvisasexpress.com
eksopolitiikka.fi/eksopolitiikka/haastattelussa-kapteeni-bill-uhouse-takaisinmallinnetut-ufot-area-51-avaruusolento-nimelta-j-rod/,eksopolitiikka.fi
velozelectric.com.au/products/vamos-papa-grande-pro-electric-trike,velozelectric.com.au
nordic.com.tw/product_category/58,nordic.com.tw
gite-hias.com/es-ES/presentacion/el-apartamento-nuevo-en-domaine-hias.html,gite-hias.com
voms.kr/79,voms.kr
usartsupply.com/products/chf-ab3395-9z,usartsupply.com
meeting.lv/phpBB2/posting.php?mode=post&f=21&sid=9522e3e4e05a0db62e6a98ad5d908b91,meeting.lv
orangefreesounds.com/funny-cartoon-horn-sound/,orangefreesounds.com
sala7.de/bilder/,sala7.de
bolf.se/product-swe-91120-Dam-Sweatpants-Svart-Brun-Bolf-CYF802NM.html,bolf.se
fisi-on.com/gs/telerehabilitacion-2/,fisi-on.com
kristaraasch.com/stacked-bricks-with-support,kristaraasch.com
sweetcayenne.com/best-baked-italian-meatballs/,sweetcayenne.com
deadshow.libsyn.com/website/dead_show_podcast_for_3_12_2010,deadshow.libsyn.com
csemart.com/SalePage/Index/9254431,csemart.com
starsport.rs/image/I0000Cqreln9qgTc,starsport.rs
patnosrehberim.com/component/adsmanager/4-emlak-gayri-menkul.html?Itemid=543,patnosrehberim.com
shop.sonyalpharumors.com/sales/30-electric-guitar-for-kids-beginners-with-20-watt-amp-right-handed-red,shop.sonyalpharumors.com
cryptocoin.smallprices24.com/ethereum-eth-kaufen-per-kreditkarte/,cryptocoin.smallprices24.com
phokitagrill.com/,phokitagrill.com
royalrobbins.com/us/en-us/women/bottoms/shorts?Size=16%2FSHORT+US+-+46%2FSHORT+EU_6+US+-+36+EU_6+US_8%2FLONG+US_S%2F9%22_XL%2F9%22_10%2FSHORT_4%2FSHORT_8%2FLONG,royalrobbins.com
pizzahut.de/en/menu/chicken_wings_8_602c,pizzahut.de
mir.linux.kg/bullseye-security/pool/updates/main/e/ecdsautils/,mir.linux.kg
camhonk.nl/,camhonk.nl
bbs.zhhusw.com/read.php?tid=7899&page=e,bbs.zhhusw.com
partexpert.nl/en/tags/a1457/,partexpert.nl
kosicebaptist.sk/kalendar/1830-biblicka-hodina-46/,kosicebaptist.sk
agc-glass.eu/cs/news/press-release/zprava-spolecnosti-agc-o-udrzitelnosti-2017-je-jiz-line?language=it,agc-glass.eu
all4soul.com/gryaznaya-devushka-poprosila-kupit-ej-kusok-myla-i-ya-stala-za-nej-nablyudat/,all4soul.com
promsat.com/list/g32_meanwell/,promsat.com
bungoudou.blog.fc2.com/img/20211121142210ad0.jpg/,bungoudou.blog.fc2.com
gbsoftware.it/legginotizia_DocWeb.asp?idnews=39148&Tipo=98&Comp=&MatriceVuota=&LinkQuadro=&IdNewsCorrelati=0&CodCli=LUCHETTIMICHELA&Proc=1&app=ETS2023,gbsoftware.it
shop.kitaguni.tv/shopdetail/000000000256/510/page1/order/,shop.kitaguni.tv
daihatsupurworejo.my.id/p/luxio-harga-promo-diskon-dan.html,daihatsupurworejo.my.id
druckort.pl/de/fototassen/248-fototassen-vatertag-2.html,druckort.pl
jeevibrowstudio.com.au/jbs-waxing/ax_blog/,jeevibrowstudio.com.au
assessmenatlas.com/payeer-review/,assessmenatlas.com
domwoodsky.ru/tag/kartofel/,domwoodsky.ru
pullot-ja-purkit.fi/200-ml-patenttikorkkilasipurkki-fido-roosa-suu-patenttikorkki-100032250,pullot-ja-purkit.fi
class.cyuncai.com/index.php?route=journal2/blog,class.cyuncai.com
grids.thinksmartbox.com/en/natgrid/088b12e8-c659-4644-b96f-c4c5d5c155b7,grids.thinksmartbox.com
glasgowcityofscienceandinnovation.com/research-group-awarded-1-35m-to-install-fib-microscope-a-swiss-army-penknife-for-the-nanoworld/,glasgowcityofscienceandinnovation.com
workersdiscount.org/coupons/gamestop-first-responder-discount,workersdiscount.org
windmilllane.com/hse-christmas-bubbles-hse-show-me-the-covid/,windmilllane.com
tiberiumweb.org/forums/index.php?s=1d18b7c972453e175290730e23b8ede1&showtopic=2556,tiberiumweb.org
thelychway.co.nz/2018/10/09/jackson-raymond-peter/,thelychway.co.nz
mmagnesfoto.hu/2021/07/06/andrew-olia/,mmagnesfoto.hu
opencart.com.pl/doplata-do-formy-platnosci-opencart,opencart.com.pl
doddsandshute.com/shop/product.html?manufacturer=5978&price=2500-4000&product_category=5930&sustainable_features=5658_5659,doddsandshute.com
ww12.optimungroup.com/category/brighton-australia-dating-2/?usid=18&utid=25921340450,ww12.optimungroup.com
falconflues.co.uk/news/northampton-general-hospital,falconflues.co.uk
ukrfun.com.ua/charkov/karaoke-restoran-ne-goni,ukrfun.com.ua
sunmarket.es/en/washing-units/,sunmarket.es
bodensee-gastgeber.de/Ferienwohnung-in-Konstanz-id634.html,bodensee-gastgeber.de
m.k223.cn/news/show-36314.html,m.k223.cn
quadrifoglio.com/es/iluminacion/luminarias-decorativa/apliques-de-pared/,quadrifoglio.com
gabariteconcurso.com.br/simulado/assunto/imunofarmacologia,gabariteconcurso.com.br
trueweightammo.net/product/advanced-tactical-soc-ii-fde/,trueweightammo.net
soundpollution.se/produkt/hellbutcher-ash-grey-smoke-vinyl-lp/,soundpollution.se
alldressedupshop.com/products/la-femme-31775,alldressedupshop.com
shop.dynamicfastener.com/storefrontCommerce/categorybrowse.do;jsessionid=FC1E7F7B2CF03F4F4D4BE68B8E9563EB?category-name=DYNA-GUARD%26reg%3B+SNOW+RETENTION&path=all+products%2F%2F%2F%2FDYNA-GUARD%26reg%3B+Snow+Retention%2F%2F%2F%2FDYNA-GUIDE%26trade%3B&currentPage=1&numResults=10,shop.dynamicfastener.com
thestaffordvoice.com/2009/ford-posts-1-billion-third-quarter-profit/,thestaffordvoice.com
highjump.org.uk/high-jump-construction/highland/alcaig/,highjump.org.uk
pacoperfumerias.com/nelly-champu-seco-26472.html,pacoperfumerias.com
marcozullo.it/il-piano-marshall-del-ministero-dellambiente-contro-il-dissesto/,marcozullo.it
technowell.ru/catalog/adv/seriya-m420-trekhfaznye/preobrazovateli-chastoty-adv-m420-55-0kvt-380v/,technowell.ru
iklangratis.aqilacourse.net/detail.php?id=1038,iklangratis.aqilacourse.net
forum.thirty-thousand.org/app.php/smartfeed/ui?sid=8f6077a37da065352a7ed71172c86c18,forum.thirty-thousand.org
tukuwa.com/tag-%E7%81%AB%E8%BD%A6%E7%AB%99/,tukuwa.com
livewithanny.cz/lusteninove-placky/,livewithanny.cz
upcomingseason.com/tv-reviews/page/15/,upcomingseason.com
xn--stpipe-vxa.se/produkter/standarror-korrugerat-600mm/,xn--stpipe-vxa.se
blog.lgchem.com/tag/%EC%8B%AC%EC%8B%A0%EB%B6%88%EC%95%88/,blog.lgchem.com
amoxicillinonline.us.com/tag/agen-judi-slot-online-livechat-barbarslot-online-24jam/,amoxicillinonline.us.com
autoescuelatercero.es/teleformacion/,autoescuelatercero.es
unwatad.com/books/mwfgo/25289.html,unwatad.com
schnauzer-hof.ch/sitemap/,schnauzer-hof.ch
m.amclinic.ru/kogda-obrashhatsya-za-medicinskoj-pomoshhyu-11938928,m.amclinic.ru
sdl.thuathienhue.gov.vn/?gd=4&cn=301&tc=87050,sdl.thuathienhue.gov.vn
gc168.store/desktop/slots/fachai,gc168.store
insuranceandtechguide.com/company/843471/visage-mobile,insuranceandtechguide.com
talkingwoso.com/category/features/page/3/,talkingwoso.com
astro-lsst-01.astro.washington.edu:8080/internal_u_expt45_nscale1.5v3.4_10yrs_sci/internal_u_expt45_nscale1_5v3_4_10yrs_GalPlaneSeasonGapsTimescales_pencilbeams_map_Tau_25_0_HEAL_Histogram.pdf,astro-lsst-01.astro.washington.edu
tiahelenita.com.br/incentivos/igreja-volta-de-jesus,tiahelenita.com.br
campkar.com/collections/meubles-de-camping/page/2,campkar.com
hairfree-esthetique.de/haarentfernung/,hairfree-esthetique.de
jiangyun3.com/,jiangyun3.com
ofenseite.com/produkttest-04-2018,ofenseite.com
vht.se/produkt/pintinox-matgaffel-superga-196mm/,vht.se
tibibiri.sk/moringa-tablety--360-tbl/,tibibiri.sk
test.edicionesjournal.com/resultados.aspx?c=patricia+fern%C3%A1ndez+d%C3%ADaz&por=autorestricto&aut=12136&orden=fecha&tema=567,test.edicionesjournal.com
wimp.com/article/ridiculous-article-about-what-to-wear-when-working-from-home-gets-roasted-on-twitter/,wimp.com
albirex-d.com/article/199218926-html.html,albirex-d.com
gameena.com/products/princess-peach-showtime-switch,gameena.com
mcmullens.co.uk/keep-in-touch/spice-of-life,mcmullens.co.uk
ims.bg/night-of-the-stars-2021-2-3-2-2-2-2-2-2-2-2-2-2-2-2-2-2-2-2-2-2/,ims.bg
anisonpreviews.com/anime/cossette-no-shouzou,anisonpreviews.com
upday.com/fr/wembanyama-ecrit-lhistoire-du-basket-francais-en-nba-les-recherches-autour-du-titan-les-5-infos-de-ce-vendredi,upday.com
eigo-academy.com/hk/2024/03/27/spring-school-2024-03-18-22/,eigo-academy.com
aaronholloway.substack.com/p/humanitys-end-2-the-year-of-vengeance-add,aaronholloway.substack.com
acteal.es/producto/juego-escuadra-marco-door-2/,acteal.es
niconico-smile.com/voice/8960/,niconico-smile.com
betterbikeshare.org/resource/biking-everyone-lessons-learned-nice-ride-neighborhood/,betterbikeshare.org
zdraven.bg/%D0%BF%D0%B5%D1%82%D1%8A%D1%80-%D1%81%D1%82%D0%BE%D0%B9%D1%87%D0%B5%D0%B2-%D0%B5-%D1%88%D0%B0%D0%BC%D0%BF%D0%B8%D0%BE%D0%BD-%D0%BF%D0%BE-%D0%BF%D0%BB%D1%83%D0%B2%D0%B0%D0%BD%D0%B5-%D0%B2-%D0%B0%D0%BD/,zdraven.bg
oroatrade.com/products/rectangular-abstract-area-rug-5-x-7-5-zuiver-magic,oroatrade.com
izumi-hirodental.com/access-time/,izumi-hirodental.com
traveltania.com/oyen-ca/,traveltania.com
shop.tuimelaarzwolle.nl/product/fourth-element-xerotherm-legging-heren/,shop.tuimelaarzwolle.nl
login-eu.recruiterinsider.com/account/login?returnUrl=%2Fconnect%2Fauthorize%2Fcallback%3Fclient_id%3Dri%26redirect_uri%3Dhttps%253A%252F%252Fmy-eu.recruiterinsider.com%252Fsignin-oidc%26response_type%3Dcode%2520id_token%26scope%3Dopenid%2520offline_access%2520email%2520roles%26response_mode%3Dform_post%26nonce%3D638307028698704651.ZDJmZWRiZGMtZGFkZi00Y2JhLWE4OGMtODVkMTY3N2UzMDkwMGZlN2Y4YzctOWQxZi00YmYxLWJjOWItODRmMjhkNDVlMzg1%26state%3DCfDJ8HjGFbgKSShPi2ki-E6xhBWh4aNK6cdZKg9lxbPG4K7l_jvZSSgGMtjLBa1nE-w_RK3a3oFX7S6cumqCYtzLnJh2WwaI2b7qqM8JIALPdbhj8eJOegrW3m0Nw-hal_TwYAdTQPKSSPq6Izx50odTG9NFv6DErBhmmutpjdLux4HGJYl9yWsiBvazvrcc7qkE8p1IT2HMHQGKdRsWMhJYYtNVarTZsM1IxSTUSMCScvq5PXE6mdMUAmZe97aZFYGiy3przJeNqjVX-DWlc7qgj86iJt550JoFdhH3h5qxXQV8juj5bmw12_hO1pN9ssDd4Q%26x-client-SKU%3DID_NETSTANDARD2_0%26x-client-ver%3D6.10.0.0,login-eu.recruiterinsider.com
tr.swdstu.com/news/9601-water-based-steel-structure-anti-rust-primer/,tr.swdstu.com
deharttile.com/flooring/area-rugs/care-and-maintenance/,deharttile.com
riliving.com/multifamily-for-sale/1697-Chalkstone-Avenue-Providence-RI-02909-370480374,riliving.com
toolworld.dk/Powerplus-1600-watt-i-kuffert-17-dele-p138664,toolworld.dk
swingjo.com/phpBB217/profile.php?mode=viewprofile&u=4909&sid=ed78a0252926d591b0d06d1f5a0922cf,swingjo.com
divokevino.cz/7515/bystrov.php,divokevino.cz
vuonducvuong.com/tag/chau-bau-day/,vuonducvuong.com
globalstudentnetwork.com/login-page/,globalstudentnetwork.com
dulapdormitor.ro/produs/dulap-dormitor-nova-plus-200-cm-x-200-cm-fara-oglinda-alb-cu-usi-glisante-gri/,dulapdormitor.ro
reflets-de-bijoux.com/oeil-de-sainte-lucie/2067-clous-d-oreilles-en-oeil-de-sainte-lucie-.html,reflets-de-bijoux.com
forjatspardo.com/ca/productes/illuminacio-exterior/projectors/ben4401sky20w-foco-sky-20w-2700k-marro,forjatspardo.com
tjb-presse.de/ilahiyatci-karaman-aleviye-kiz-verilmez/,tjb-presse.de
cleancutal.com/11150350469.html,cleancutal.com
edipassion.com/l/0195,edipassion.com
carabobo.tsj.gob.ve/decisiones/decisiones_dia.asp?instituto=727&fc=05/03/2020&id=007,carabobo.tsj.gob.ve
forums.sonic.net/ucp.php?mode=register&sid=7c920668b4698db33f952d655ef37d28,forums.sonic.net
projekcevesely.cz/rss/all.xml,projekcevesely.cz
laptra.com.ar/koyi-a13,laptra.com.ar
harrkungensfiske.com/produkt/scierra-vadarstav/,harrkungensfiske.com
pay-less.com/p/birds-eye-sesame-and-garlic-frozen-stir-fry-veggies-and-sauce-frozen-vegetables/0001450003159,pay-less.com
t-shirtsoccer.com/product/italy-2006-away-retro-jersey/,t-shirtsoccer.com
ist-hasch-eine-droge.de/tags/joint,ist-hasch-eine-droge.de
elknim.com/top-7-honda-hrx-537-c5-vk-sichelmaher/,elknim.com
kykladiki.gr/allazei-to-skiniko-tou-kairou-apo-avrio-i-prognosi-tis-tetartis-17-4/,kykladiki.gr
xuanstyl.com/msellen-ig-talks/,xuanstyl.com
jimschwartzfistpump.com/chapel-interior-twbnoi/rez-dog-urban-dictionary-16ebbc,jimschwartzfistpump.com
"p3d.in/e/D3cMd+spin+shading,dl,help,share,spin,link,border-hidden",p3d.in
diariodoestado.com/livro-um-casamento-arranjado.html,diariodoestado.com
cas.com.ar/producto/andnuts/,cas.com.ar
nittenis.com.br/joao-fonseca-recebe-wild-card-para-o-aberto-da-republica,nittenis.com.br
ulukul-bibl.ru/o-nas/,ulukul-bibl.ru
qaschool.ru/students/e_lopatina/,qaschool.ru
guziyuan5.com/guinfo/97149.html,guziyuan5.com
nosec.org/home/detail/4050.html,nosec.org
ffrf.org/news/media/media-media/progressive-org-demands-school-district-ban-the-bible-after-it-banned-other-obscene-books/,ffrf.org
greenacreslive.com/hardscaping-bucks-county/retaining-walls-bucks-county/,greenacreslive.com
flowerfull.nl/?attachment_id=3991,flowerfull.nl
leluba.hr/proizvod/ulozak-za-olovku-kemijsku-uchida-jumbo-urb10r-3-plavi/,leluba.hr
screenwriting.ai/crafting-tension-and-suspense-in-horror-screenplays-techniques-for-building-fear/,screenwriting.ai
ssl.twitcasting.tv/sby_maidreamin/movie/780885067,ssl.twitcasting.tv
espanol.radio.cz/referendum-aprobado-por-el-parlamento-checo-8059078,espanol.radio.cz
scroll-viewport.io/tag/partai-kebangkitan-bangsa/,scroll-viewport.io
forum.geocaching.com.au/search.php?search_id=unanswered&sid=29daecb7cbe52a385d205770289b8078,forum.geocaching.com.au
petitcadeux-tonton.net/calendar/1555520,petitcadeux-tonton.net
zsdolnizivotice.cz/dite-nechce-mluvit/,zsdolnizivotice.cz
capitallaparoscopy.com/radijatori/23544/,capitallaparoscopy.com
flowzz.com/strain/ludina,flowzz.com
greek-language.gr/periodika/mags/neaporeia/1989/413-415/113991,greek-language.gr
danmurphys.com.au/dans-daily/drinks-directory/eau-de-vie-sydney,danmurphys.com.au
miowebsite.com/realizzazione-siti-web/lombardia/esine/,miowebsite.com
dandychocolate.com/product/light-chocolate-cream-pearl-croquant-pie/,dandychocolate.com
icpa.org/resource/advancing-corrections-journal-edition-16-reforming-corrections-through-technology-acj16-a008.html,icpa.org
secretplanet.ca/products/on-the-go-game-duo-space-adventure,secretplanet.ca
dexonline.net/definitie-bijuterie,dexonline.net
dkwadrat.pl/pl/products/fotel-snug-catl2-buk-premium-26642.html,dkwadrat.pl
plainadventures.com.au/blog/category/project-7in4/7-everest-asia/,plainadventures.com.au
krosswordscanword.ru/otvety-na-krosswordy/igroman-riska.html,krosswordscanword.ru
uk.noo.ma/products/2x-oly-bundle,uk.noo.ma
autoline.co.za/-/AC-hoses/truck-tractors/Volvo--c1049fc42tm2819,autoline.co.za
masterlist.fi/lists/UgcM59jjhwqFVvqo5cJ6JQ/tasks/1,masterlist.fi
artwareeditions.com/en-de/products/expressionism-snow-globe-by-ligoranoreese,artwareeditions.com
nature.com/articles/d41586-020-02709-3?error=cookies_not_supported&code=19e0fc37-6904-43c5-9197-b9ea6d3c1d66,nature.com
icxing.com/products/cat_2030/,icxing.com
pcsriyadh.com/product-page/rog-strix-g10dk-gaming-desktop-pc-amd-ryzen-7-3700x-geforce-gtx-1660-ti-16gb,pcsriyadh.com
stillinvest.com/product.php?type_id1=4,stillinvest.com
vipassanaforum.net/forum/index.php?topic=1622.50,vipassanaforum.net
birgitskoufotografi.dk/studenter-portraetter-hos-fotograf-i-aarhus-viby-birgit-skou-fotografi/fotograf-i-aarhus-viby-birgit-skou-fotografi-laver-studenter-portraetter-og-billeder-16/,birgitskoufotografi.dk
utilitymapping.com.au/news-insights/,utilitymapping.com.au
aucotec.com/cn/,aucotec.com
archivesofrheumatology.org/contact-the-editor/211,archivesofrheumatology.org
thebiogrid.org/interaction/2001331,thebiogrid.org
daisy.rigsarkivet.dk/da/Fejlmelding_af_billede?bsid=240452&bid=46223586,daisy.rigsarkivet.dk
forum.muratordom.pl/forumdisplay.php?373-FORUM-EKSPERCKIE-MARBET-BAUSYSTEM&s=cd6d33fa235bb7b38a61a6c7f0edceb9,forum.muratordom.pl
jenniecruz.nl/tag/klas/,jenniecruz.nl
herrenknecht.com/de/karriere/arbeiten-bei-uns/schueler-1-1/,herrenknecht.com
sinaya-ptica.info/rasshirennye-konkursy/r-izobrazitelnoe-iskusstvo/zhanr/mifologicheskij-zhanr,sinaya-ptica.info
rockzone.se/t-shirts-band-merch/saxon/saxon-wheels-of-steel-t-shirt,rockzone.se
bisnobe.com/de/results/?lan=de&id_tipo_operacion=1&od=img.a,bisnobe.com
cqyti.com/info/1141/385332.htm,cqyti.com
thecalmbirthschool.com/blog/hypnobirthing-definitely-helped-me-to-accept-the-change/,thecalmbirthschool.com
rosoku.kameyama.co.jp/other/altar_goods/sj2010010/,rosoku.kameyama.co.jp
aspace-atlantahistorycenter.galileo.usg.edu/agents/people/1560,aspace-atlantahistorycenter.galileo.usg.edu
cndongkai.com/1.html,cndongkai.com
11teamsports.bg/p/puma-suede-mayu-mix-damen-weiss-blau-f02-382581-002,11teamsports.bg
wellbeinggps.com/products/collagen-replenish-caps,wellbeinggps.com
olivenshoppen.dk/vare/oekologisk-saebe-m-olivenolie-fyrrenaale-25g/,olivenshoppen.dk
demonsly.fr/accessoires-demon-slayer/horloges-demon-slayer/,demonsly.fr
s-style.co.jp/press/16643,s-style.co.jp
privilegestores.com/products/floral-print-plunge-neck-dress-with-puff-sleeves?variant=45127529660636,privilegestores.com
oushop.osu.cz/pikunikku-japonsky-piknik-id2879-sk9002.html,oushop.osu.cz
enyakinyetkiliservis.com/airfel/istanbul/afat-teknik-servis-san-ve-tic-ltd-sti-,enyakinyetkiliservis.com
osas-shop.com/hpgen/HPB/entries/1.html,osas-shop.com
thefullpantry.com.au/shop/pepper-kibbled/,thefullpantry.com.au
verolub.be/nl-nl/motoroli%C3%ABn-2/castrol-magnatec-hybrid-0w-20-4x5l-a18881,verolub.be
kitchenessentialsco.com/wuoxhgl-5105betidm79jhb.htm,kitchenessentialsco.com
sapicom.dk/varer/smeg-opvaskemaskine-stl333cl-silver/,sapicom.dk
premiumhome.hr/miete/wohnungen,premiumhome.hr
addria.com/start-new-year-with-a-right-decision-outsource-to-adriatic-region,addria.com
alexreviewstech.com/the-razr-40-isnt-motorolas-new-flagship-phone-but-its-the-more-exciting-one/,alexreviewstech.com
newlike-info.ru/%D5%B0%D5%A1%D5%A6%D5%A1%D6%80-%D5%BF%D5%A1%D6%80%D5%BE%D5%A1-%D5%A8%D5%B6%D5%AF%D5%A5%D6%80%D5%B6%D5%A5%D6%80-%D5%A3%D5%AB%D5%BF%D5%A5%D5%B4-%D5%B8%D6%80%D5%B8%D5%B6%D6%84-%D5%AB%D6%80%D5%A1/,newlike-info.ru
bluehelix.co.uk/product/lc-adapter-for-otdr-ii-power-meter-option/,bluehelix.co.uk
kapitel11.de/tag/kommissariat/,kapitel11.de
williamcollinsbooks.co.uk/products/the-wrong-kind-of-shirts-1999-text-only-9780007476602/,williamcollinsbooks.co.uk
lcadesign.com.au/st-helena-road,lcadesign.com.au
blog.thebiggamehunter.us/is-it-normal-job-search-radio-2/,blog.thebiggamehunter.us
automotive-online.nl/management/marketing/2020/04/29/digitalisering-in-de-autobranche-gaat-enorme-impuls-krijgen/,automotive-online.nl
rc.fm/kulturalne/latawce-czyli-pekin-w-muzeum.html,rc.fm
mobilepcworld.net/?URL=gigawiz.weebly.com,mobilepcworld.net
endofthenet.org/archives/8808,endofthenet.org
katicatanya.hu/jatekaink/page/1/kategoria/132/?jatek=elektromos-versenygokart-palya,katicatanya.hu
arcobalenollc.com/product/pasta-machine-aex130m-arcobaleno-pasta-extruder/,arcobalenollc.com
livein.sk/portfolio-item/2732/,livein.sk
stmaryaac.org/hy/product-page/kilikia-beer-500-ml,stmaryaac.org
tattoomagz.com/tag/reduce-stress-anxiety/,tattoomagz.com
eastofmaui.com/products/billabong-surftrek-explorer,eastofmaui.com
kitschetnet.fr/tag/space/,kitschetnet.fr
liansuo-expo.com/newsinfo/7014755.html,liansuo-expo.com
fsshilang.com/jiancai/q15067.html,fsshilang.com
telechargerdesjeux.com/telecharger-tintin-reporter-cigars-of-the-pharaoh-gratuit/,telechargerdesjeux.com
gartenvielfalt24.de/gartengeraete/handgartengeraete/eisenwaren/gabeln/31/ideal-ideal-maisgabel-6-zinken-ohne-stiel,gartenvielfalt24.de
harmanco.com/?attachment_id=4050,harmanco.com
chartered-engineer.com/sky-bet-live-roulette/,chartered-engineer.com
punktum.me/filozofari/iluminarea-esuata,punktum.me
brickizimo-toys.com/de/ninja-turtles/1626-dr-o-neill.html,brickizimo-toys.com
tegaki.pipa.jp/s/744014/25885031.html,tegaki.pipa.jp
bradipodiario.it/libere-frequenze-natalizie/,bradipodiario.it
hd-vertrieb.de/gewuerze/pfeffersorten/181/pfeffer-gruen,hd-vertrieb.de
chemdryofsummerville.com/employment-application/,chemdryofsummerville.com
melamed.fr/spip.php?page=liste&matiere=2&rubrique=26,melamed.fr
umami-bio.de/produkt/terrasana-maislutscher-himbeere-bio/,umami-bio.de
thedanishdesigner.com/2013/03/04/funny-and-wierd-pictures/image5-7/,thedanishdesigner.com
mes-aides-region.fr/lannuaire-des-professionnels-31/,mes-aides-region.fr
msmbb.my/index.php/awards-grants/msmbb-edustem-grant,msmbb.my
velondo.pt/bbb-plug-roundhead-a-head-carbono.html,velondo.pt
zeelink-legden.de/filters/pressemitteilungen/,zeelink-legden.de
superkuu.ee/toode/pilt-unistused/,superkuu.ee
deluxurywatch.com/2016/05/for-sale-brand-new-seven-friday-m103.html,deluxurywatch.com
dykg.vgfacts.com/thread-1680-page-11.html,dykg.vgfacts.com
mlkxshop.com/xzjd/1503.html,mlkxshop.com
misionverdad.com/file/2432,misionverdad.com
kaartist.com/fr/products/for-you-mini-hand-drawn-greeting-card,kaartist.com
namphuong.eu/featured_item_category/lookbook/,namphuong.eu
svac.villageartsandeducation.com/portfolio/patricia-g-yockey/,svac.villageartsandeducation.com
manchaugpond.org/2013/04/local-newspaper-headline-beaton-property-goes-to-manchaug-pond-foundation-for-now/,manchaugpond.org
smokensteel.com/forum/index.php?topic=34048.new,smokensteel.com
radio-home.net/radio.php?radio=radio%20skikda%20algerie&lang=FR,radio-home.net
lotd.org/tag/elyon/,lotd.org
miassdolina.ru/kupit-zakladki-mdma-v-vetluga.html,miassdolina.ru
hoermann-autoteile.de/Eibach-MAN.html,hoermann-autoteile.de
texdokument.ru/katalog_item_6146/,texdokument.ru
newtritionshots.com/collections/energy-shots,newtritionshots.com
thebusinessresearchcompany.com/Enquiry?id=8157&type=smp,thebusinessresearchcompany.com
admkrsk.ru/Pages/search.aspx?accessability=on&spacing=2,admkrsk.ru
lesannoncesdesproprietaires.com/?CFID=12331073&CFTOKEN=57171416,lesannoncesdesproprietaires.com
biobankjp.org/publication/2710,biobankjp.org
tvsportiva.it/calcio/hajduk-split/,tvsportiva.it
pc.weathercn.com/weather/59588/?partner=&p_source=&p_type=jump&areatype=,pc.weathercn.com
cherrylmedia.com/cjn-ariwoola-to-swear-in-9-newly-appointed-justices-of-appeal-court-details/,cherrylmedia.com
westsalonaustin.com/book-online,westsalonaustin.com
aartswijnen.nl/product/1069360111/di-lenardo-vineyards-venezia-giulia-just-me-merlot-2020,aartswijnen.nl
fenstoncarter.co.uk/products/tarkett-essence-pure-ad07-4422-carpet-tiles,fenstoncarter.co.uk
en.ecgpedia.org/index.php?title=File:Amc_logo.png,en.ecgpedia.org
telekom-profis.de/vermitteln/news/die-extra-services-f_r-fernseh-und-internet-produkte-der-telekom-593.html,telekom-profis.de
flora-of-cyprus.eu/cdm_dataportal/polytomousKey/cc6394d9-8986-47c4-9c4f-c1cac29367f6,flora-of-cyprus.eu
lepetitvendomois.fr/economie-societe/schoralia-chante-les-restos-du-coeur/,lepetitvendomois.fr
sozidanie.estate/lot.php?lot_id=3602,sozidanie.estate
aurea.cz/francie--10-euro-2008-lurdy/,aurea.cz
sanitaer-direkt.de/sanitaer/badewannen/urban-komfortbad-coram-sealskin-detailansicht.html,sanitaer-direkt.de
migrateshop.com/tag/ebay/page/3/,migrateshop.com
baystatepet.com/boss-dog-frozen-yogurt-cheddar-bacon-4-pack.html,baystatepet.com
jjcnc.com/tansuo/12054OR022.html,jjcnc.com
welcome-studio.com/portfolio/proekt-odnokomnatnoj-kvartiry-gorod-garmonii/attachment/kuxnya-rakurs-4-7/,welcome-studio.com
hyperstealth.in/analysis-of-permutations-and-combinations-for-ipl-matches/,hyperstealth.in
m.dinimizislam.com/detay.asp?Aid=658,m.dinimizislam.com
teeshine.store/iraq/Thai-Bernadette-basra.php,teeshine.store
hotwalls.ru/blondinka_v_kovboyskoy_shlyape/640x480,hotwalls.ru
reports.mintel.com/homepages/rps/main/?view=12&date_from=201901&sub_id=12736,reports.mintel.com
myqueenstowndiary.com/marlborough-sounds-page/,myqueenstowndiary.com
uken-r.com/co_diary/d749088c1f55317a43f107d1c5939b5c.html,uken-r.com
devices.vodafone.com.au/oppo/?type=datacard,devices.vodafone.com.au
visitdadesvalley.com/,visitdadesvalley.com
yh4771p307.hatenablog.com/entry/2023/12/31/063700,yh4771p307.hatenablog.com
edf.org/people/marilynn-marsh-robinson,edf.org
indyphotobooths.com/2013/05/01/get-your-graduate-something-special/,indyphotobooths.com
bookfast.ro/cazare-hotel-posada-curtea-de-arges-s264,bookfast.ro
gesetze.berlin.de/bsbe/document/NJRE001280078,gesetze.berlin.de
madeinnevada.org/places/category/books-magazines/united-states/nevada/fallon/,madeinnevada.org
skilerareninformatie.nl/shop/curling/yiida-winterhandschoenen-vijf-vingers-thermische-handschoenen-koudebestendig-thermisch-waterbestendig-voor-rijden-fietsen-hardlopen-wandelen-sneeuwskien-bij-koud-weer-warme-cadeaus-voor-mannen/,skilerareninformatie.nl
club-liner.net/%E3%81%8A%E9%87%91%E6%8C%81%E3%81%A1%E3%81%A7%E3%82%82%E3%82%AE%E3%83%A3%E3%83%B3%E3%83%96%E3%83%AB%E3%81%AF%E6%A5%BD%E3%81%97%E3%81%84%E3%82%82%E3%81%AE%EF%BC%9F/,club-liner.net
myiict.com/approved-modalities/angelic-reiki-membership-insurance/,myiict.com
tshirtsa.com/product/nice-trump-hillary-clinton-political-joke-parody-quote-shirt/,tshirtsa.com
elektrofahrrad-ratgeber.de/produkt/uvex-fahrradhelm-i-vo-cc/,elektrofahrrad-ratgeber.de
verrykerry.com/collections/kimono-dressing-gowns/products/brass-feline-long-kimono-dressing-gown,verrykerry.com
summersidehyundai.com/new/compare/2024-Hyundai-Palisade-Preferred-vs-2024-Hyundai-Sonata-N_Line_Ultimate.html,summersidehyundai.com
supplierbesi.web.id/expanded/grid-mesh-1/,supplierbesi.web.id
printthecalendar.com/april-holidays-2026,printthecalendar.com
mocacosmeticos.com/products/toalla-desmaquillante-m1205,mocacosmeticos.com
iv.at/-Partnerorganisationen-/Partnerorganisationen-Seiten/IBI-(Institut-fuer-Bildung-und-Innovation).de.html,iv.at
old.onco.news/cancro-colo-retal-impacto-psicologico-no-doente-e-no-conjuge/,old.onco.news
bigcycling.eu/sk/big/index/statistics/big/166/,bigcycling.eu
financialfox.ru/zaymy/zaymy-bez-foto/zlatoust/,financialfox.ru
wettbonus.net/sportwetten-tipps/nba/cleveland-cavaliers-toronto-raptors-playoff-spiel-3-tipp/,wettbonus.net
crownandbuckle.com/orange-nato-21mm.html,crownandbuckle.com
davidgwallace.com/achievements/,davidgwallace.com
vkopanivska-gromada.gov.ua/news/13-37-58-09-08-2017/,vkopanivska-gromada.gov.ua
transitcars.in/car-rental-pondicherry-to-ambur/,transitcars.in
walmye.com/products/mens-fashion-trendy-men-autumn-and-winter-leather-jackets,walmye.com
tomasovia.tomaszow.info/fotorelacja-ze-spotkania-z-wolczanka-wolka-pelkinska/,tomasovia.tomaszow.info
broomball.ca/team/8823/2470/21472/221668/player/2859462,broomball.ca
thebeautyassembly.co.nz/pages/celluma,thebeautyassembly.co.nz
yeoldesignshoppe.net/country-decor-signs.html,yeoldesignshoppe.net
manuzoid.com.de/manuals/jwaQb-Philips%20PD7025%2012%20Product%20Datasheet,manuzoid.com.de
peek-cloppenburg.de/de/stylebop/p/copenhagen-sneaker-mit-kontrastbesatz-gold-1870209,peek-cloppenburg.de
artsandhumanitiesswla.org/?s=%EC%B9%B4%EC%A7%80%EB%85%B8%20%EB%AC%B4%EB%A3%8C%20%EB%B3%B4%EB%84%88%EC%8A%A4%202022%E3%80%90eggc.vip%E3%80%91lax,artsandhumanitiesswla.org
bavlnkaren.sk/produkt/potlaceny-gobelin-soulos-60x70cm-1326992535,bavlnkaren.sk
jonwsportsinjury.co.uk/vip-1027858_1280/,jonwsportsinjury.co.uk
tvoi.by/zapchasti_dlya_mobilnyh_telefonov/displei_ekrany_dlya_telefonov/26006-1/,tvoi.by
dakabicak.com/contre-et-cela-levant-d-la-collectif-il-se/,dakabicak.com
springervilleflowers.com/product/bouquet-of-mixed-cut-flowers-intercat-3124/display,springervilleflowers.com
poisk.center/profile/kodirov-iskandar-269815760000,poisk.center
maylanhgiakho.com.vn/may-lanh-giau-tran-ong-gio-rd36bmrc36bmd-40-hp,maylanhgiakho.com.vn
happyware.com/uk-en/fscom-s5860-48sc,happyware.com
freemusic.land/song/grinding-stone/,freemusic.land
anpiroma.org/2012/11/appello-al-governo-salviamo-la-memoria.html,anpiroma.org
qurux.com.do/?chainlink=j0g8l9b.html,qurux.com.do
wb98.com/post/337.html,wb98.com
alaskatours.com/alaska-stories/anchorage-alaska-history-culture-festivals/,alaskatours.com
frogum-shop.de/maty-do-bagaznika/mata-do-bagaznika-proline-dopasowana-do-mercedes-benz-klasa-c-w204-2007-2014-2/,frogum-shop.de
english-hindi.net/english-to-hindi-meaning-left,english-hindi.net
icann.org/sites/default/files/packages/applications-16nov15/heussler-motivation-letter-16nov15-en.pdf,icann.org
senkyogoods.jp/business/,senkyogoods.jp
utswmed.org/medblog/tag/tortoise/,utswmed.org
dedoverecepty.sk/rservice.php?akce=info&cisloclanku=2009100022,dedoverecepty.sk
braga.by/rozliv-i-hranenie/etiketki-na-butylki/etiketka-pertsovka,braga.by
amsel39.de/seite5.html,amsel39.de
guardianfarm.org/post/planting-cinchona-pubescens,guardianfarm.org
voicetoword.com/tag/how-to-prepare-yourself-for-an-interview/,voicetoword.com
uaptm.ro/venue/galeria-de-arta-park/,uaptm.ro
kr.wilson.com/products/wm32006413crm,kr.wilson.com
bellyfullboards.us/product/thanksgiving-charcuterie-runner-4ft/222,bellyfullboards.us
fashionsteelenyc.com/2019/04/the-only-5-hats-you-need-this-spring-summer/,fashionsteelenyc.com
altdriver.com/originals/danica-patrick-richard-childress-racing-nascar/,altdriver.com
esab-brandenburg.de/da/o-nas/aktuelles/,esab-brandenburg.de
myhikingtales.com/2016/04/06/my-riches-consist-not-in-the-extent-of-my-possessions-but-in-the-fewness-of-my-wants-j-brotherton/,myhikingtales.com
bostitch.co.uk/?URL=www.acadia-schoodic.org/,bostitch.co.uk
integrate-expo.com/product-directory/?offset=12&category=AV+Systems+%26+Integration,integrate-expo.com
portaldatropical.com.br/category/entretenimento,portaldatropical.com.br
monchegorsk.epson-trade.ru/t/struynoe-mfu-epson-l3151,monchegorsk.epson-trade.ru
homemaidsimple.com/mental-health-giveaway-hop/,homemaidsimple.com
lifeillinois.org/10years/jeff-deyo-27-small/,lifeillinois.org
abatskoe.russianflower.ru/category/po-tipu/,abatskoe.russianflower.ru
weinarium.com/hxwh/zbjs/201711/t20171107_442746.html,weinarium.com
academy.myeloma.org.uk/cpd-learning/myeloma-nurse-learning-programme/module-1-overview-and-epidemiology-of-myeloma/reflective-activity-3/,academy.myeloma.org.uk
businessconnectworld.com/job-post/public-relations-and-communications-intern/,businessconnectworld.com
59plus.de/veranstaltungen/tischtennis-50-plus-borussia-duesseldorf-2024-06-17/,59plus.de
m.haozhuo.com/iosapp/198358.html,m.haozhuo.com
atersol.es/INSTALACION-DE-AUTOCONSUMO-EN-MADRIGUERAS-ALBACETE_fr_3_35_0_4.html,atersol.es
31yzr.cn/index.php?s=tag&name=zhengguishipanpeizipingtaichaxunfuwu,31yzr.cn
pti-nebraska.org/ptine-login/?redirect_to=https%3A%2F%2Fpti-nebraska.org%2Fevent%2Feastern-region-transition-conference%2F,pti-nebraska.org
sumutnews.sigapnews.co.id/prestasi/sn-69610/hadiri-diskusi-pencegahan-pencurian-humas-pt-grahadura-ledong-prima-apresiasi-polsek-kualuh-hulu,sumutnews.sigapnews.co.id
greece.inaturalist.org/taxa/5034-Botaurus-lentiginosus,greece.inaturalist.org
genbuz.com/birthday/be-careful/,genbuz.com
amazingcyg.pe/6-iluminaci%C3%B3n-para-estaciones-servi,amazingcyg.pe
shop.mu-mo.net/avx/sv/favArtistMod/?jsiteid=mumo&artist_id=MAMES&seq_exhibit_id=278321&categ_id=,shop.mu-mo.net
amersfoortsezwaan.nl/wp-admin/admin-ajax.php?action=eventon_ics_download&event_id=1560&ri=0,amersfoortsezwaan.nl
monomak.com/en/rosettes/traditional-rosettes/1008-rosette-3-tiers-3-tails.html,monomak.com
eu.elegoo.com/en-fr/blogs/3d-printer-user-guide/elegoo-mars-3-how-to-replace-the-light-board,eu.elegoo.com
fermi.utmb.edu/cgi-bin/new/sdap_05?ProtName=UserSequence&Peptide_Sequence=PEQIEEFKE&NoSeq=50,fermi.utmb.edu
abphe.org.br/noticias/concurso-para-professor-de-economia--ufes,abphe.org.br
1kjw168.com/view/kuai3/kuai3_jiouzs.html,1kjw168.com
ifyoulove.net/top-7-alternatives-to-the-victorinox-swiss-army-knife-sentinel/,ifyoulove.net
fikicks.com/product-tag/sports-performance/,fikicks.com
lesosibirsk.stalex-trade.ru/c/oborudovanie-dlya-raboty-s-armaturoy,lesosibirsk.stalex-trade.ru
backyard-hockey.com/2010/12/15/hbos-247-winter-classic-series-debuts-tonight/,backyard-hockey.com
askul.co.jp/f/services/furniture/partition.html?sc_i=cp_a_b_tbfr_partition_support_W_MAIN_PAGE_CINEMA,askul.co.jp
avtonet.online/izdelek/cev-turbine-opel-astra-j-13265282-original/,avtonet.online
hocho.ichimonji.co.jp/maintenance/whetstone/whetstone-type/whetstone-number/double-sided-whetstone/,hocho.ichimonji.co.jp
community.languagetool.org/rule/list?sort=pattern&max=10&offset=5990&order=desc&lang=en,community.languagetool.org
casaegiardino.net/la-batteria-del-telefono-si-scarica-rapidamente-con-questi-3-errori-comuni/,casaegiardino.net
willshermusic.com/group/peterwillsher-group/discussion/80e37bdc-8bd5-4fe9-8b6f-40ccedfcd4d6,willshermusic.com
taxact.com/support/1285/2019/married-filing-separate-itemized-or-standard-deduction,taxact.com
institutbroggi.org/featured/instal%C2%B7lacions-artistiques/,institutbroggi.org
"wiki.whitneygen.org/wrg/index.php?title=Archive:1870_Census_Extracts,_New_Jersey,_Mortality_Schedules&oldid=217279",wiki.whitneygen.org
immobilien.derstandard.at/immobiliensuche/i/kaufen/wohnung/niederoesterreich/sankt-poelten-land/3203-rabenstein-an-der-pielach,immobilien.derstandard.at
cosmogrill.co.uk/it/collections/all-barbecues,cosmogrill.co.uk
little-search.com/chouchou-copain/,little-search.com
godalming-tc.gov.uk/organiser/heather/,godalming-tc.gov.uk
caseygerry.com/2015/04/14/eyes-on-the-road-please/,caseygerry.com
tipsenweetjes.nl/lifehacks/gaat-de-batterij-van-jouw-telefoon-ook-altijd-zo-snel-leeg-met-deze-truc-niet-meer/,tipsenweetjes.nl
halidonmusic.com/en/cartoon-warriors-a-728.html,halidonmusic.com
okleinyfilipiak.pl/akcesoria-do-taras%C3%B3w-S%C3%AAp%C3%B3lno-Kraje%C3%B1skie-tag.html,okleinyfilipiak.pl
newslinekg.com/article/750262/,newslinekg.com
"cz-museums.cz/calendarium/stredocesky-kraj/kutna-hora/chotusice?actionTypes=8191,8164,8160,53695,8158",cz-museums.cz
pedalpaddle.ca/,pedalpaddle.ca
diarioabierto.es/508754/todo-comunica-hasta-el-silencio,diarioabierto.es
rarefilms.xyz/les-chatouilleuses-1975,rarefilms.xyz
charliecrooijmans.nl/tag/monoswezi/,charliecrooijmans.nl
blog.sfp.asso.fr/?post/2014/11/06/Marie-Louise-dans-le-Journal-des-Arts,blog.sfp.asso.fr
simpleketodietmeals.com/one-pan-chicken-and-spinach-orzo/,simpleketodietmeals.com
20gpts.weebly.com/earn-online-facebook-groups.html,20gpts.weebly.com
sto-arm.ru/uslugi/gaz4216/koleso-proverka-davleniya-podkachka,sto-arm.ru
magnagreciagroup.com/en/products/orecchini-in-argento-con-statere-cod-mgk-4006-v,magnagreciagroup.com
vetopharm-dz.com/2023/05/05/avonhurst-legal-services-llp-expert-legal-advice-and-representation/,vetopharm-dz.com
xxxbf.click/bf/Stepmom+playes+ners,xxxbf.click
highqualitywatchesreplica.com/product/high-quality-replica-rolex-datejust-36mm-116244swdaj-mens-bracelet/,highqualitywatchesreplica.com
chihiro-umi.com/tag/%E3%82%BF%E3%83%83%E3%82%AF,chihiro-umi.com
iortiakultura.com/txiki-euskera/,iortiakultura.com
bmwclubmoto.ru/media/10/,bmwclubmoto.ru
depilisepilazionelaser.it/cerca-un-centro-depilis/epilazione-laser-sicilia/porzio-parrucchieri-pa/,depilisepilazionelaser.it
asproylas.gr/2011/05/%CF%83%CE%BF%CE%BB%CE%BF%CE%BC%CF%8C%CF%82-%CE%B3%CE%B9%CE%B1-%CE%B4%CF%8D%CE%BF.html,asproylas.gr
buyrsaccounts.com/2017/04/3-essential-steps-to-file-a-personal-injury-claim/,buyrsaccounts.com
ofeksjudaica.com/products/lulav-egrog-holder-12,ofeksjudaica.com
giftoriginal.com/products/personalised-girly-dinosaurs-name-only-pink-lunch-box,giftoriginal.com
celler-city-gutschein.de/partner/mtv-eintracht-celle,celler-city-gutschein.de
avrupahaber11.org/ageb-kampanya-brosuru-cikti-2.html,avrupahaber11.org
25-kopeek.ru/gazonokosilka-elektricheskaya-champion-em3110-7442,25-kopeek.ru
moneyreport.com.br/dinheiro-2/eua-impedem-desvalorizacao-maior-na-semana/,moneyreport.com.br
jamiasiddiqia.com/product/1992-volvo-740-repair-manual-instant-access-on-sale/,jamiasiddiqia.com
rcsworks.eu/category/systemisches-konsensieren/,rcsworks.eu
daili.at/2022/11/pakethaufen-in-waldstueck-in-bezau-aufgefunden/,daili.at
portada.com.uy/noticias/deporte/32389/,portada.com.uy
zukan.biz/distribution/iseki-chushikoku/,zukan.biz
boutique-maximom.com/please-jean-taille-haute-nouvelle-collection-c6x34042983?PGFLngID=0,boutique-maximom.com
kleurmijninterieur.nl/product-tag/felcesimposium/,kleurmijninterieur.nl
resideindelaware.com/listing/724929/,resideindelaware.com
ika.hkm.hr/oznake/znanstveni-skup/,ika.hkm.hr
campervanculture.com/shop/piston-ring-set-85-5mm-1600-2x2x5/,campervanculture.com
ketr.org/2023-06-30/in-a-new-video-dylan-mulvaney-says-bud-light-never-reached-out-to-her-amid-backlash,ketr.org
psychic.bitwine.com/forums/9-ask-a-psychic/topics/150909?page=1,psychic.bitwine.com
www23.statcan.gc.ca/imdb/p3VD.pl?Function=getVD&TVD=139420&CVD=139428&CPV=325110&CST=01011997&CLV=7&MLV=7,www23.statcan.gc.ca
nasza-szkola.com/wydarzenia/2-uncategorised/251-11-listopada-swieto-niepodleglosci-polski,nasza-szkola.com
famscoalition.com/UPC/890863008806,famscoalition.com
evoxl.ru/product/tunika-kelli2-chernyj-czepi-razmer-50/,evoxl.ru
schmuck-batih.de/products/57447,schmuck-batih.de
dati.regione.umbria.it/dataset/?tags=covid19,dati.regione.umbria.it
digitalcommons.library.uab.edu/etd-collection/3853/,digitalcommons.library.uab.edu
lasnoticiasdecuenca.es/cuenca/minuto-silencio-cuenca-por-victimas-violencia-genero-51852,lasnoticiasdecuenca.es
breakingnewsmail.com/index.php,breakingnewsmail.com
bronnitsy.com/catalog/i/podveska-tc-p00967-w-w-w-x-w/,bronnitsy.com
lekkervanbijons.be/recepten/type/aperitiefhapje/product/brood%20fruit%20melk%20kaas%20ei%20ei%20groenten%20konijn%20kip%2Bkaas?difficulty%5B0%5D=is_easy&difficulty%5B1%5D=has_video,lekkervanbijons.be
blog.homeswitch.pl/tag/koszty-ogrzewania/,blog.homeswitch.pl
stim.qom.ac.ir/article_1286.html?lang=en,stim.qom.ac.ir
jolietoujours.jp/arrivals/%E3%83%9E%E3%83%83%E3%83%88%E3%82%A2%E3%82%AF%E3%83%AA%E3%83%AB%E3%81%AD%E3%81%98%E3%82%8A%E3%83%91%E3%83%BC%E3%83%84%E3%83%94%E3%82%A2%E3%82%B9/,jolietoujours.jp
muenchnerwochenmaerkte.de/tag/feinkost/,muenchnerwochenmaerkte.de
mobius.mysticseaport.org/detail.php?name_title=Charles+W.+Morgan&module=objects&type=advanced&kv=119630&record=830&page=10&kv=21551&record=840&module=objects,mobius.mysticseaport.org
siz-opt.ru/siz/sredstva-zashchity-glaz-i-litsa/rosomz.html,siz-opt.ru
marklandbiler.dk/biler/mercedes-c220-bluetec-stc-aut-cmxunphrj38,marklandbiler.dk
sysme.net/2017/04/,sysme.net
m.douguo.com/cookbook/3291802.html,m.douguo.com
oneforisrael.org/2014/05/30/,oneforisrael.org
fadenkaiaks.ru/tags,fadenkaiaks.ru
seo20743.blogozz.com/26824489/the-fact-about-seo-%CE%B9%CF%83%CF%84%CE%BF%CF%83%CE%B5%CE%BB%CE%B9%CE%B4%CE%B1%CF%82-that-no-one-is-suggesting,seo20743.blogozz.com
americacarrental.com.mx/it/auto/aeroporto-di-queretaro/nissan-kicks-automatico,americacarrental.com.mx
5172869.cn/lzolbdb/,5172869.cn
nails-first.e-progres.eu,nails-first.e-progres.eu
teksynap.com/about-us/teksynap-community-charity/,teksynap.com
veym.net/events/fundraising-campaign,veym.net
flomec.com.au/products/oval-gear-flowmeter-om100a001-841r5,flomec.com.au
yuruyurumarumaru.com/keitsuiherunia/,yuruyurumarumaru.com
bresverhuur.nl/contact/activiteiten-contact-pagina-header/,bresverhuur.nl
photocompete.com/2012/11/26/creatures-photography-exhibition/,photocompete.com
scholarships.study/opportunities/opportunity_type_filter-scholarship/opportunity_eligible_nationalities_filter-all-nationalities/,scholarships.study
dubaidutyfreetennischampionships.com/tag/wta-australianopen/,dubaidutyfreetennischampionships.com
chioutian.pixnet.net/album/photo/671835378,chioutian.pixnet.net
albisteak.eus/2024/03/14/ermuko-erdiguneko-hondakin-urak-apraizeko-araztegira-bideratu-dira/,albisteak.eus
kelloggs.nl/nl_NL/brands/coco-pops-consumer-brand.html,kelloggs.nl
pasewalk.de/valentins-aktion-innenstadt-2/veranstaltungen/,pasewalk.de
mammoth-review.jp/lagnet-bubble-scrub-review-rating/lagnet-bubble-scrub-review-rating04/,mammoth-review.jp
alisonlouvet.fr/la-mariee-aux-pieds-nus/,alisonlouvet.fr
costume-sur-seine.fr/produit/robe-bustier-de-bal-3/,costume-sur-seine.fr
weddinghost.tw/2018/07/30/%E5%8F%B0%E5%8C%97%E5%A9%9A%E6%94%9D-%E7%99%BD%E9%87%91%E8%8A%B1%E5%9C%92%E9%85%92%E5%BA%97/%E5%8F%B0%E5%8C%97%E5%A9%9A%E6%94%9D-4/,weddinghost.tw
mykomon.jp/office/office25225431/,mykomon.jp
hobbymall.ro/895-saci-de-dormit-pescuit,hobbymall.ro
read.bookcreator.com/hn4APZFX9ZNFWNBKeBdq6T2jekd2/brQp-bdhTdanPz8bmbBdWw/o7Bi9I3iSOqUMRZX5Ew6iw,read.bookcreator.com
sans-online.nl/jack-jones-overhemden-jprblacardiff-print-shirt-s-s-ss24-12254795-navy-blazer-confort-fl-15008602,sans-online.nl
soyamodecasa.com.ar/portfolio-item/the-neutrals/,soyamodecasa.com.ar
support.markel.de/support/solutions/articles/75000020546-schadenmeldung,support.markel.de
hello.tesylate.co.uk/meetings/adam-rowles,hello.tesylate.co.uk
tos.camcom.it/Portals/_UTC/images/default/file/240310kompassnews.pdf,tos.camcom.it
emelighting.com/aiwz-fluorescent-light-switch-to-energy-efficient-light-bulbs-selfgrowth-com,emelighting.com
outlet-levne.cz/,outlet-levne.cz
mooreshekhamufti.com/news/page/2/,mooreshekhamufti.com
xn--u9ju32nb2az79btea.asia/search.php?m=tag&tag=%E3%81%84%E3%81%96%E3%81%AA%E3%81%BF,xn--u9ju32nb2az79btea.asia
bcl-lex.it/fondamenti-romanistici-del-diritto-europeo-la-disciplina-generale-del-contratto/,bcl-lex.it
gnstore.pk/products/black-velvet-shawl-with-floral-design-and-embroidered-border-elegance-in-every-drape,gnstore.pk
zhteitai.gr/proslipseis/idiotikos-tomeas/ad.html?id=16159:lantziera&cid=1,zhteitai.gr
libreriaesotericaibis.it/prodotto/apri-il-tuo-cuore-apri-la-tua-mente/,libreriaesotericaibis.it
marecguillemot.fr/politique-de-confidentialite/,marecguillemot.fr
ingetjetadros.com/gallery-image/Caged-Humans-in-Bali/G0000OjUZekgxMbA/I00004LvSKEk_y9c/C0000jgZPQch0sBo,ingetjetadros.com
packman.links2linux.org/package/opencore-amr/540490,packman.links2linux.org
kurimoto.co.jp/product/metal/index.html,kurimoto.co.jp
callawaystore.com.ar/contacto/?order_cancellation_without_id=true,callawaystore.com.ar
kureen.ru/kakuyu-katushku-firmyi-salmo-vyibrat-dlya-ryibalki/,kureen.ru
c3groupconsulting.com/2022/01/,c3groupconsulting.com
wita-gen.pl/gdzie-szukac-dobrych-ksiazek-o-zdrowiu/,wita-gen.pl
expi.tv/en?login=1&lastUrl=%2Fde%2Fprofile%2Foverview,expi.tv
krishimis.in/tag/dish-tv-job-vacancy-work-from-home/,krishimis.in
mycpark.appsweb.kr/65/?q=YToyOntzOjEyOiJrZXl3b3JkX3R5cGUiO3M6MzoiYWxsIjtzOjQ6InBhZ2UiO2k6MTt9&page=1,mycpark.appsweb.kr
postingtree.com/wp-admin/profile.php,postingtree.com
invitra.com/en/arkansas-fertility-center/reviews-arkansas-fertility-center/,invitra.com
tylerpace.com/2023-pasrs-conference.html,tylerpace.com
under25universe.com/home/mission-page?mission=85791,under25universe.com
bmp-statik.de/,bmp-statik.de
filomatheiapatra.gr/where-to-get-single-females-in-your-area-without-having-tired/,filomatheiapatra.gr
rosyfharia.com.br/tag/nano-capsulas,rosyfharia.com.br
podijeli.net/tekstovi/mladen-cvetanovic,podijeli.net
rio19.mx/2019/10/27/condena-amlo-politica-de-seguridad-de-exterminio/,rio19.mx
wr24.de/de/stellenangebote/werkstudent-content-marketing/,wr24.de
skupina.coop/en/coop-zborovy-zborovy-138,skupina.coop
assistenza-baxi.it/vendita-caldaie-baxi-pratocentenaro-milano/,assistenza-baxi.it
wyndhamgardenmanama.com/booking-form-popup-mice/,wyndhamgardenmanama.com
muz.uz/music/27702-manzura-onamdan-ayrildim.html,muz.uz
politie.nl/mijn-buurt/politiebureaus/03/politie-utrecht-bureau-marco-pololaan.html?geoquery=Utrecht&distance=10.0,politie.nl
sircharlesincharge.com/posts/3-reasons-milwaukee-bucks-will-lose-first-round-nba-playoffs-again,sircharlesincharge.com
vill.rusutsu.lg.jp/hotnews/category/205.html,vill.rusutsu.lg.jp
eastindiesgin.com/pink-gin-cocktail/,eastindiesgin.com
sklep.jacobbirge.eu/pl/p/BLUZA-BEZOWA-Z-FREDZLAMI/1033,sklep.jacobbirge.eu
rakuou-kyodo.co.jp/category/news/,rakuou-kyodo.co.jp
keghart.org/%D5%A8%D5%B6%D5%BF%D6%80%D5%B8%D6%82%D5%A9%D5%AB%D6%82%D5%B6%D5%B6%D5%A5%D6%80%D5%A8-%D5%A5%D6%82-%D5%A1%D5%B6%D5%BE%D5%BD%D5%BF%D5%A1%D5%B0%D5%B8%D6%82%D5%A9%D5%AB%D6%82%D5%B6%D5%A8/,keghart.org
biketorque.co.nz/products/qfhfpts55,biketorque.co.nz
artnature.org/infancia/,artnature.org
tadejbernik.com/london-2/,tadejbernik.com
oa.mg/work/2277244675,oa.mg
nutriform.com.br/whey-protein-907g-bcaa-120-caps-crea-100-pure-100g-coqueteleira,nutriform.com.br
ujts.de/,ujts.de
unoursdansmamaison.com/ajoutcommentaire-shao_17cm_1.jpg.html,unoursdansmamaison.com
guvzy.com/s04/caisonglabs/cpxx/20200729/2063698948.html,guvzy.com
republicamexico.com/que-rompio-la-ciudad-de-la-fiesta-video/,republicamexico.com
toastoncoast.com/homepages/blog-metro,toastoncoast.com
villagebutty.com/news,villagebutty.com
drsayeeds.com/,drsayeeds.com
laowaienshanghai.com/2009/06/por-que-china-es-el-centro-del-mundo.html,laowaienshanghai.com
brandcadabra.com/products/desensitiser,brandcadabra.com
boykyo.cn/archives/9820.html,boykyo.cn
tokobungaonline.web.id/standing-flower-di-pradah-kalikendal/,tokobungaonline.web.id
vg192.com/html/ip/OoO1949758!050225d8fe00f59a.html,vg192.com
nailartgallery.nailsmag.com/glamorousnail/photo/570947/cliarestelle8-may-2019-day-7-minimalist/tag/39185,nailartgallery.nailsmag.com
maptrove.com/special-interests-maps/historical/countries/japan-and-korea-published-1945.html,maptrove.com
ramosrealestateng.com/property/fully-furnished-3-bedroom-apartment-ikota-lekki-lagos/,ramosrealestateng.com
scontifarmacie.com/cystophan-therapet-30-cps-3/,scontifarmacie.com
support.kettenbrecher.club/de/support/solutions/articles/6000189820-sind-icons-kostenlos-,support.kettenbrecher.club
eloiseplease.com/index.php/blog/comments/growing-up-fast,eloiseplease.com
siska.video/video.php?videoID=172729,siska.video
palmexx-online.ru/p/transmitter-resiver-bluetooth-palmexx-2-v-1-pxb2-palmexx-bluetooth-priemnik-peredatchik-blyutuz-resiver-transmitter,palmexx-online.ru
unrealengine.com/marketplace/ko/product/rotting-office-prop-pack,unrealengine.com
nosproduitsdequalite.fr/labels/640,nosproduitsdequalite.fr
viblo.asia/rss/tags/rails-vs-angular.rss,viblo.asia
e-kompas.cz/z6412-v-rozpitych-barvach,e-kompas.cz
sam64.ru/official-documents/documents/proekty-resheniy/9450/,sam64.ru
flykid520.pixnet.net/blog/post/405948803-%E3%80%90%E6%B8%85%E6%BD%94%E3%80%91%E6%B4%97%E8%87%89%E4%B8%8D%E4%B9%BE%E7%B9%83-%E6%B4%97%E5%87%BA%E5%92%95%E6%BA%9C%E6%BB%91%E5%AB%A9%E8%82%8C%EF%BD%9Cde,flykid520.pixnet.net
in-nature.ruriboshi.net/wpblog/category/%E9%87%8E%E9%B3%A5/,in-nature.ruriboshi.net
otland.net/members/natsume.224531/,otland.net
screenon.pt/products/screenon-works-intel-core-i3-240gb-m-2-uhd-graphics-officepc-z10541,screenon.pt
dieschreibmaschine.net/tag/inder/,dieschreibmaschine.net
wardpeter.com/tag/forbes,wardpeter.com
zengyunhua-yfzx.com/,zengyunhua-yfzx.com
wrestdag.ru/news/tag/%D0%98%D1%81%D0%BB%D0%B0%D0%BC+%D0%91%D0%B0%D0%B9%D1%80%D0%B0%D0%BC%D1%83%D0%BA%D0%BE%D0%B2/,wrestdag.ru
pornzmature.com/mature/fake-taxi-huge-big-boobs-real-mom-josephine-james-drilled,pornzmature.com
vets-for-trump.com/dont-reward-putins-bad-behavior/,vets-for-trump.com
imcmexico.com.mx/catalogo-de-retroexcavadoras-deere-710c-1375734999429333,imcmexico.com.mx
sacekimiburada.com/sac-ekimi-makaleler/sac-ekimi-sincik,sacekimiburada.com
yourdrugcard.com/2023/08/22/understanding-and-preventing-common-infections-this-article-provides-information-on-common-infections-their-causes-symptoms-and-prevention-strategies/,yourdrugcard.com
ryanoconnellcfa.com/video/monte-carlo-method-value-at-risk-var-in-excel/,ryanoconnellcfa.com
almendron.com/tribuna/etiqueta/conflicto-inter-ccaa/,almendron.com
rajawc.com/tukang-membersihkan-tinja-tersumbat-di-secang-magelang-hub-0812-6629-5620/,rajawc.com
dt-prices.ru/p/akkumulyatornaya-batareya-delta-dt-12045-6st4.5,dt-prices.ru
forum.catram.org/ucp.php?mode=login&redirect=viewforum.php%3Ff%3D18&sid=e69be5520e2aada8421a622140be7b75,forum.catram.org
vaq623.com/siete-porteros-de-lezama-futbol-deportes/,vaq623.com
anankemag.com/2020/02/12/empowering-pakistani-women-in-the-legal-profession/,anankemag.com
cucarecu.com/post/%D0%BF%D1%83%D1%82%D0%B5%D1%88%D0%B5%D1%81%D1%82%D0%B2%D0%B8%D0%B5-%D0%B2-%D0%B3%D0%B0%D0%B0%D0%B3%D1%83-%D1%81-%D1%81%D0%BE%D0%B1%D0%B0%D0%BA%D0%BE%D0%B9-%D0%BE%D1%82%D0%B5%D0%BB%D0%B8-%D0%B3%D0%B0%D0%B0%D0%B3%D1%83-%D0%B4%D0%BB%D1%8F-%D0%BF%D1%80%D0%BE%D0%B6%D0%B8%D0%B2%D0%B0%D0%BD%D0%B8%D1%8F-%D1%81-%D0%B4%D0%BE%D0%BC%D0%B0%D1%88%D0%BD%D0%B8%D0%BC%D0%B8-%D0%B6%D0%B8%D0%B2%D0%BE%D1%82%D0%BD%D1%8B%D0%BC%D0%B8,cucarecu.com
downtownlondon.ca/news/business-insider-february-12/,downtownlondon.ca
streetpress.com/rubriques/album,streetpress.com
chasinghazelboutique.com/products/ashley-denim,chasinghazelboutique.com
kickitlikelira.com/spielerin/fabienne-dongus/,kickitlikelira.com
kagaken.co.jp/news/786/20220921142018_00001/,kagaken.co.jp
cvetyru-vn.ru/product/11-alstromerij/,cvetyru-vn.ru
ukraine-prostitutki.online/pervomayskiy/index2.html,ukraine-prostitutki.online
newalbanypresbyterian.org/category/lament/,newalbanypresbyterian.org
obecdolnatizina.sk/18452/register-obyvatelov,obecdolnatizina.sk
coupon.travel.rakuten.co.jp/coupon/hotel/175168?f_type1=0&f_type4=0&f_sort=1&f_teikei=&f_campaign=,coupon.travel.rakuten.co.jp
klik388togel.net/index/article/articleinfo/news_id/197168.html,klik388togel.net
infotraining-jakarta.com/2018/11/05/training-public-speaking-presentation-skills/,infotraining-jakarta.com
numizmatika.store/product/saudi-arabia-riyal-coins-set-of-5-unc-1977-2015/,numizmatika.store
noutorekids.net/hikizan-hissann/%E7%AD%86%E7%AE%97_047/,noutorekids.net
vinted.fr/brand/683468-fashy-little-stars,vinted.fr
ozarksphotos.com/p567861690/hC8003EE8,ozarksphotos.com
ppsrentals.com/newsview/id=2923-sortid=3.html,ppsrentals.com
cornuag.ch/produkt-kategorie/hm-fraeswerkzeuge/zylinderform/mit-langschaft-zylinderform/,cornuag.ch
repositorio.bahiana.edu.br/jspui/handle/bahiana/136/simple-search?query=&sort_by=score&order=desc&rpp=10&filter_field_1=dateIssued&filter_type_1=equals&filter_value_1=2020&filter_field_2=subject&filter_type_2=equals&filter_value_2=Pr%C3%B3tese+dent%C3%A1ria&filter_field_3=subject&filter_type_3=equals&filter_value_3=Restaura%C3%A7%C3%A3o&etal=0&filtername=has_content_in_original_bundle&filterquery=true&filtertype=equals,repositorio.bahiana.edu.br
futon.dk/en/solid-pine-775/senza-bed-frame-160x200-karup-design-p28028,futon.dk
kreativplotter.de/sublimation/ink-transfer-sheets/sommer,kreativplotter.de
katiekaizerphotography.com/congratulations-meg-and-ben-a-fun-and-beautiful-fall-wedding-on-nantucket-st-pauls-church-and-the-nantucket-yacht-club/,katiekaizerphotography.com
garblemedia2.blogspot.com/?gunoad_cid=,garblemedia2.blogspot.com
kulturakdm.ru/catalog/privodnye-remni/klinovye-remni/2474-privodnoj-remen-darwin-plus-spa-1120/,kulturakdm.ru
welsh-cottages.co.uk/blog/page/3,welsh-cottages.co.uk
myzoe.org/video_tag/the-definition-of-love/,myzoe.org
gloriagalante.com/gamjkq/hstkdp-c.html,gloriagalante.com
farcy-architecte.com/portfolio/construction-de-109-logements-avec-commerces/nemesis-clamart00007/,farcy-architecte.com
lnx.usmilazio.it/?page_id=I901625,lnx.usmilazio.it
javoba.com/video/168555/dkd-011c,javoba.com
kuniaev.ru/%D0%BA%D0%BD%D0%B8%D0%B3%D0%B8-%D0%BE%D0%BD%D0%BB%D0%B0%D0%B9%D0%BD/%D0%BF%D0%BE%D1%8D%D0%B7%D0%B8%D1%8F-1970-1975/,kuniaev.ru
vertigo.org.il/event/food-art/,vertigo.org.il
devida.org/copia-de-retrato-de-un-ego%C3%ADsta,devida.org
oldbreasts.net/be?ab=1&yy=www.scoreland2.com/tour/?posting=34908&gt=1&nats=acerace.2.75.183.1.7034228.0.0.0,oldbreasts.net
zambelislights.gr/fotistika/20216-%CF%86%CF%89%CF%84%CE%B9%CF%83%CF%84%CE%B9%CE%BA%CF%8C-%CE%B4%CE%B1%CF%80%CE%AD%CE%B4%CE%BF%CF%85/,zambelislights.gr
blog.littlewritermonkey.com/2009/12/,blog.littlewritermonkey.com
ruchnoi.ru/foto/koshechka-origami/nmomryg1tggjpg?page=11,ruchnoi.ru
mezari.ca/products/toile-de-ville-wallpaper-noir-st-denis,mezari.ca
ariesrc.gr/gr/505-quanumcx-20-dji-parts,ariesrc.gr
"huludun.taichung.gov.tw/ca/archives/index.asp?Parser=99,4,11,,,,905,,,,80",huludun.taichung.gov.tw
eromanga-sora.com/tag/%E3%82%8C%E3%81%9F%E3%81%99%E3%83%BC/,eromanga-sora.com
xn----7sbatc6bctge9a3h.xn--p1ai/catalog/penoplast/penoplast_tolshchina_50_mm/,xn----7sbatc6bctge9a3h.xn--p1ai
developermonkeys.com/2021/04/19/how-created-incredible-ui-ux-design/,developermonkeys.com
dorset.live/news/dorset-news/scary-poole-park-double-stabbing-6008259,dorset.live
directory.playtomic.io/spain/padel-courts-in-san-vicente-de-la-barquera/,directory.playtomic.io
alsooeri-enekkar.at/instrumente/,alsooeri-enekkar.at
congregationalsong.org/tag/unison/,congregationalsong.org
mairie-fleurieusursaone.fr/infos-pratiques-et-demarches/etat-civil/naissance/?xml=R61768,mairie-fleurieusursaone.fr
imedicale.fr/les-atouts-et-limites-de-la-prothese-faciale-3d/,imedicale.fr
schtools.com/membersnew/public/index.cfm?fuseaction=teamdir&TeamID=6402&SchoolYear=2024&Org=MPA&CFID=11043918&CFTOKEN=a0d582880ea915d-62A162C9-C88A-7F18-418F3F3E45A6E7C6,schtools.com
m.doosanartcenter.com/en/exhibit/1590,m.doosanartcenter.com
themagnifico.net/support/reply/8617/,themagnifico.net
bizsme.co.th/%E0%B8%88%E0%B8%94%E0%B8%9A%E0%B8%A3%E0%B8%B4%E0%B8%A9%E0%B8%B1%E0%B8%97%E0%B8%AD%E0%B8%B8%E0%B8%97%E0%B8%B1%E0%B8%A2%E0%B8%98%E0%B8%B2%E0%B8%99%E0%B8%B5/,bizsme.co.th
asart.com.ar/definicion-de-originalidad/,asart.com.ar
ohgood.bg/bg-us/account/register,ohgood.bg
colsongroupusa.com/caster/2_05254_445_mtg11_brk1/,colsongroupusa.com
gauthiervineyard.com/2014/04/01/aimee-renee-rose/,gauthiervineyard.com
canapesusa.com/collections/deli-garden,canapesusa.com
nodetlv.com/ticket-event/new-test-nodejs-conference/,nodetlv.com
primosur.com.uy/producto/tapon-auditivo-reutilizable-c-cordon-kayo/,primosur.com.uy
buzzbingoueap.web.app/goettsch6081xy/igt-authentique-casino-du-monde-ryel-343.html,buzzbingoueap.web.app
dlawapera.pl/pl/c/ELF-BAR-600/52,dlawapera.pl
snowmagazine.com/login?return=aHR0cHM6Ly93d3cuc25vd21hZ2F6aW5lLmNvbS9mZWF0dXJlcy9mb2N1cy1vbi9sZXMtYXJjcy1yZW5haXNzYW5jZQ==,snowmagazine.com
ambarella.com/blog/author/amit/,ambarella.com
myselflearning.org/product-category/cartoons/monster/?products-per-page=24,myselflearning.org
tempurl.org/product/juanzhi/00000290.html,tempurl.org
bonjour-cocotte.com/products/coudiere-sangle,bonjour-cocotte.com
supermercadocampos.com/product/speed-stick-regular-light/9944,supermercadocampos.com
bluesquaremanagement.com/10-minutes-social-media-plan/,bluesquaremanagement.com
archiv.erdmost.hu/2017/11/24/diamesek-a-kozossegi-hazban/,archiv.erdmost.hu
ja.zjideallens.com/news/polarized-what-polarized-polarized-sunglasses/,ja.zjideallens.com
jurnal.id/id/blog/kenali-model-cloud-yang-bisa-dipakai-ukm-untuk-hadapi-krisis/,jurnal.id
bearbearcar.com/post/honda-cr-v-hybrid-racer-%E5%A4%A7%E6%94%B9%E9%80%A0,bearbearcar.com
blog.x.com/fr_fr/a/fr/2011/traduire-twitter,blog.x.com
app.habitude.co/,app.habitude.co
paulmulcairltd.co.uk/cookie-and-privacy-policy/,paulmulcairltd.co.uk
tv1.ir/program/282383,tv1.ir
shirtify.shop/en/products/60-geburtstag-geschenk-t-shirt-geboren-1962-limited-edition-1,shirtify.shop
destinationcraft.blogspot.com/2012/01/pinterest-inspired-craft-night.html,destinationcraft.blogspot.com
koreacrate.com/blogs/blog/a-time-called-you-starring-jeon-yeo-been-and-ahn-hyo-seop-confirms-its-premiere-date,koreacrate.com
sprout-insutitute.org/2022/05/16/%E3%82%B9%E3%83%97%E3%83%A9%E3%82%A6%E3%83%88%E9%80%9A%E4%BF%A1-%E3%82%8F%E3%81%8F%E3%82%8F%E3%81%8F-133%E5%8F%B7-%EF%BC%94-%EF%BC%95%E6%9C%88%E5%8F%B7/,sprout-insutitute.org
metar-taf.com/it/CYGX,metar-taf.com
motoquadconcept.fr/colonie_moto-_cross/,motoquadconcept.fr
naturebaby.dk/products/bibs-boheme-sut-2-pak-str-1-naturgummi-desert-sand-honey-bee,naturebaby.dk
wobbes.info/vakantie/nog-6-weken/,wobbes.info
amanda-bella.com/tag/winter-style/,amanda-bella.com
rb-hfw.de/service/rechtliche-hinweise/agb-sonderbedingungen.html,rb-hfw.de
southeastqueensscoop.com/2020_02_09_archive.html,southeastqueensscoop.com
aktien-research.de/mgx-minerals-schliesst-grabungen-beim-lithiumprojekt-salinitas-in-argentinischer-provinz-salta-ab-und-identifiziert-bohrziele/,aktien-research.de
vandtechnical.com/classwithtostring.php?product/dantiphysicianr3911917?id=47,vandtechnical.com
3181818.com/recip.html/1321991.search/SearchResults.form,3181818.com
notjustbabybrain.com/cara-bermain-di-agen-slot-online-terpercaya/cara-bermain-di-agen-slot-online-terpercaya/,notjustbabybrain.com
lovepresent.ru/product/nabor-vse-po-vzroslomu-oranzhevyj,lovepresent.ru
thepeskypatriot.com/products/finish-the-wall-3x5-ft-flag-with-grommets-for-anti-biden-and-trump-supporters-border-crisis-f-biden-banner,thepeskypatriot.com
dvg-tanzsport.de/footer,dvg-tanzsport.de
markafox.com/kedi-oyuncagi,markafox.com
hetledwarenhuis.nl/en/blogs/nieuws/the-best-led-grow-lights-from-2023-rated-by-our-customers,hetledwarenhuis.nl
langenbachgmbh.de/Basecap-HH-camofl---schw--Logo---100-BW-Unigroesse-Schnappverschl--item-PLUS6_73794968,langenbachgmbh.de
"mnki.pl/pl/aktualnosci/pokaz/189,pieszo_przez_himalaje:_zanskar_i_ladakh,1",mnki.pl
social-cycle.com/SbLmtZDqHD/newxq.php?id=1342,social-cycle.com
gl.m.wikipedia.org/wiki/Piero_Drogo,gl.m.wikipedia.org
zarabotaem.bbmy.ru/viewtopic.php?id=1413,zarabotaem.bbmy.ru
gullerupstrandkro.dk/2018/05/31/zovirax-pil-halen-zonder-recept-fast-worldwide-delivery-cheap-medicines-online-at-our-drugstore/,gullerupstrandkro.dk
shorinjikempo-kanagawa.com/news/common/2022/%E5%B0%91%E6%9E%97%E5%AF%BA%E6%8B%B3%E6%B3%95%E3%82%B0%E3%83%AB%E3%83%BC%E3%83%97%E7%A5%9E%E5%A5%88%E5%B7%9D%E7%9C%8C-%E3%81%AE%E5%85%AC%E5%BC%8Ftwitter%E9%96%8B%E5%A7%8B,shorinjikempo-kanagawa.com
user-1723486.cld.bz/igm-286/21,user-1723486.cld.bz
vapeteach.com/product/nasty-trap-queen-2/,vapeteach.com
strikeball-board.ru/item/straykbolnyy-drobovik-cyma-cm351m-m870-metall/,strikeball-board.ru
panasonicnovin.com/product-tag/%D8%B3%D8%A7%D9%86%D8%AA%D8%B1%D8%A7%D9%84-%D9%BE%D8%A7%D9%86%D8%A7%D8%B3%D9%88%D9%86%DB%8C%DA%A9-%D9%85%D8%AF%D9%84-kx-ta308,panasonicnovin.com
vanderlindenrioolservice.nl/rioolservice-nederwetten,vanderlindenrioolservice.nl
ovalerysvg.com/product/santas-favorite-family-svg-mom-dad-boy-girl-svg-santa-claus-svg-christmas-svg-cricut-silhouette-cut-file/,ovalerysvg.com
stthomaschc.org/about/wendi-sweetland-hauver-np/,stthomaschc.org
mch.si/blog/tag/za-otroke/,mch.si
origamikaikan.co.jp/eccube/products/detail.php?product_id=1317,origamikaikan.co.jp
brookewestontrust.org/news/?pid=9&nid=22&storyid=1715,brookewestontrust.org
hiphollywood.com/2020/01/aboutlastnight-its-all-about-the-bad-boys/premiere-of-columbia-pictures-bad-boys-for-life-arrivals-12/,hiphollywood.com
stores.homecentre.in/home-centre-home-furniture-shop-industrial-area-chandigarh-244032/Products/bath-and-laundry,stores.homecentre.in
keycloak.org/docs-api/22.0.3/javadocs/org/keycloak/representations/idm/ConfigPropertyRepresentation.html,keycloak.org
72goetia.com/2020/04/vual-duke-of-hell.html,72goetia.com
amazingmindscape.com/60000-pound-decaying-whale-carcass-successfully-removed-from-california-beach-after-herculean-effort-trang/,amazingmindscape.com
megasexshop.cl/product/disfraz-de-policia-sexy-vestido-latex/,megasexshop.cl
chinatribune.us/?post_type=nproject,chinatribune.us
samplepotswallmaster.com.au/products/rain-slicker-wm17cc-093-7,samplepotswallmaster.com.au
partysupplyfactory.com/tag/diy-your-party/,partysupplyfactory.com
yarnspirations.com/products/red-heart-holiday-edged-fleece-throw?utm_campaign=featured%20patterns&utm_medium=blog&utm_source=influencer_MB,yarnspirations.com
globalformsrl.it/codice-prodotto/aisf-ai-22000-24f/,globalformsrl.it
miningquiz.com/hangman/hangman.php?letters=MGERDOQISFT&n=41,miningquiz.com
v.soso.com/movie/mzuwy3k7geytgmrsgmzqtufgwdf47sowv3bmbnvuwh3m7qwjxu.html,v.soso.com
slgwitness.com/impact-of-govs-new-orders-on-churches-religous-orgs/,slgwitness.com
lovejoyrealestate.com/home/review/,lovejoyrealestate.com
ouiinnov.com/,ouiinnov.com
martin-gitarre.de/products/multi-color-pearloid-pick-pack,martin-gitarre.de
nexe-crijep.hr/prodaja-crijepa/grand-prom-d-o-o/,nexe-crijep.hr
prawomieszkaniowe.com/tag/szyld-reklamowy/,prawomieszkaniowe.com
usaequipmentdirect.com/myaccount.asp?catalogid=8750,usaequipmentdirect.com
goroskop365.ru/sonnik/snitsya-brichka/,goroskop365.ru
teccoe.org/posts/archives/06-2016,teccoe.org
everlast-original.ru/eks-direktor-zverevskogo-oxotnichego-xozyajstva-taki-proigral-sud/,everlast-original.ru
enjoying.rs/open-positions/,enjoying.rs
berkane.cloorient.com/employing-due-diligence-application-to-automate-ma-due-diligence/,berkane.cloorient.com
mg-exterior-contracting.com/services/deck-repair-clackamas-or/,mg-exterior-contracting.com
oliveraiebarthelemy.fr/actualites/46-noel-au-moulin,oliveraiebarthelemy.fr
mykyivregion.com.ua/news/evakuyuvali-22-doroslix-ta-tryox-ditei-na-bilocerkivshhini-goriv-budinok-foto,mykyivregion.com.ua
raytang.com/2012/07/a-teaser-from-the-wedding-of-hayley-and-mark-minterne-house-wedding-photographer/,raytang.com
mamas-spot.com/post/2012/07/19/FREE-Sample-of-Apple-Cinnamon-Chex.aspx,mamas-spot.com
ispo.toscana.it/stili_vita,ispo.toscana.it
blog.delsol.com/2017/fun-sun-caribbean-island-st-lucia/,blog.delsol.com
xdx.cn/category-53.html,xdx.cn
"gmina.gminaserokomla.pl/a,626,zawiadomienie-ii-zwyczajna-sesja-rady-gminy-serokomla",gmina.gminaserokomla.pl
werbewelt-messe.de/pressestimmen/,werbewelt-messe.de
cotocontigo.pro/categoria/54-caja-derivacion-y-mecanismos,cotocontigo.pro
cstictv.com/tendencias-para-el-sector-financiero/video,cstictv.com
cartoshop.eu/products/blocco_corrispettivi_245_x_297mm_12_x_2_autoricalcanticop-fg_id1764,cartoshop.eu
stonehamphoto.com/wwwboard/book.php?q=download-St%C3%A4dtische-Mobilit%C3%A4tskulturen-und-Wohnumz%C3%BCge-2017/,stonehamphoto.com
silverkris.com/search/italy/page/2/,silverkris.com
tiiya.ru/catalog/bodi_kombinezony_iz_setki/bodi_kombinezon_pautinka/,tiiya.ru
tallfitfinder.com/product/505-regular-fit-stretch-mens-jeans/,tallfitfinder.com
jokariclub.com/category/indonesiancupid-kortingscode/,jokariclub.com
talentintelligence.com/hybrid-work-model-how-to-successfully-make-the-transition/,talentintelligence.com
pn-bogor.go.id/sosialisasi-jkn-dan-kis-oleh-bpjs-kesehatan-kota-bogor/,pn-bogor.go.id
cabinetjbm.com/espaceclient,cabinetjbm.com
coachcopro.com/projets-realises/4-rue-simonet-75013-paris,coachcopro.com
hmshood.org.uk/crew/database/databaseindividual.php?myrec=7046,hmshood.org.uk
astoria.response.news/monday-press-log-209/?manage-my-subscriptions,astoria.response.news
skrzaty.garwolin-gmina.pl/dzien-kredki-%F0%9F%96%8D/,skrzaty.garwolin-gmina.pl
guzelyurtescort.net/reklamiletisim/,guzelyurtescort.net
zinge.co.uk/collections/vehicle-accessories/accessories,zinge.co.uk
lkg-fredersdorf.de/jt_event/jt_event_new-440/,lkg-fredersdorf.de
purvite7.bg/malkiyat-prints-trgna-na-detska-gradina-i-ne-proroni-slza/,purvite7.bg
jspainting81.com/,jspainting81.com
chinaholiday.com/weather-forecast/xinxiang.html,chinaholiday.com
muzey.mk.ua/2016/02/25/%D0%B8%D1%81%D1%82%D0%BE%D1%80%D0%B8%D1%8F-%D1%81-%D0%BE%D0%B1%D1%80%D0%B0%D0%B7%D0%BE%D0%B2%D0%B0%D0%BD%D0%B8%D0%B5%D0%BC/,muzey.mk.ua
deence.com/contact/,deence.com
wo-men-talk.ch/tag/blog-bern/,wo-men-talk.ch
keyword-secure.vendercom.com/contact.html,keyword-secure.vendercom.com
hannamexicana.com/products/hanna-96-charcoal,hannamexicana.com
entomelloso.com/2018/noticias/sociedad/del-9-al-11-de-agosto-se-celebrara-la-fase-final-del-ix-certamen-nacional-de-monologos-de-humor-en-tomelloso/247475/,entomelloso.com
meta.appinn.net/t/topic/21725,meta.appinn.net
app.clubnacionaldetocho.com/season/35/,app.clubnacionaldetocho.com
grapeinc.com/badger-bobs/,grapeinc.com
schmidt-staats.de/bmf-vordruckmuster-fuer-das-umsatzsteuer-voranmeldungs-und-vorauszahlungsverfahren-2024,schmidt-staats.de
ut11.net/de/blog/dein-geschaftsmodell-kompakt-der-business-model-canvas/twitter-business-model-2/,ut11.net
primespielhalle.de/not-found/,primespielhalle.de
helios.pl/tczew/kino-helios/filmy/basia-jestem-w-sam-raz-3505,helios.pl
aiya.org.au/2022/12/05/aiya-links-5-december/,aiya.org.au
cristiangonzalezpropiedades.com.ar/p/4754762-Terreno-en-Venta-en-Mar-Del-Plata-Jotge-Newbery-5000,cristiangonzalezpropiedades.com.ar
freedomlandsofamerica.com/product-page/1-43-peaceful-acres-in-yavapai-county-az,freedomlandsofamerica.com
"go-st.net/live/?time=month&dy=28&month=11&yr=2022&mcat=7,12,10,5",go-st.net
jadedohertyphotography.co.uk/hitchin-priory-wedding-photography/hitchin-priory-wedding-photography-85/,jadedohertyphotography.co.uk
inesquecivelcasamento.com.br/tag/decor-de-casamento/,inesquecivelcasamento.com.br
soundi.fi/uutiset/in-flames-ammensi-menneisyydestaan-inspiraatiota-uudelle-singlelleen-tallaista-kamaa-emme-olekaan-pitkaan-aikaan-tehneet/,soundi.fi
dispropil.com.br/produto/adaptador-clip-para-magazine-airsoft-m4-rossi,dispropil.com.br
balikpapan.aqiqah.online/2017/10/jasa-murah-dan-terbaik-balikpapan.html,balikpapan.aqiqah.online
motspirituel.org/mercredi-25-octobre-de-la-ferie-2/,motspirituel.org
kratomhelper.cz/zlaty-kratom-ze-sumatry,kratomhelper.cz
promesses.org/parkinsonien-et-heureux/,promesses.org
irit.com.ru/kukhonnye-prinadlezhnosti/nozhetochka-irh-541/,irit.com.ru
crzmetal.com/de/anxiyintaiinternationalhotel,crzmetal.com
matthewhayfordphotography.com/xhqxjyrkaea,matthewhayfordphotography.com
cncsctruck.com/water-tank-truck-18000-litres-sinotruk_p67.html,cncsctruck.com
hannainstruments.be/en/Catalog/applications/agri-horticulture/light/,hannainstruments.be
forum.videotron.com/t5/tele-et-divertissement/ecoute-de-telechargements/td-p/32779,forum.videotron.com
zooshopberlin.de/product-page/hug-ems-emperor-penguin-chick-16253,zooshopberlin.de
victorygirl.com/products/jp-porsche,victorygirl.com
alumni.uni.edu/calendar/month?tid%5B1%5D=16&tid%5B2%5D=70&tid%5B3%5D=64&tid%5B5%5D=69&tid%5B8%5D=105&tid%5B9%5D=81&tid%5B10%5D=125&tid%5B11%5D=83&tid%5B12%5D=79&tid%5B14%5D=47,alumni.uni.edu
boufmr.top/js/1760.html,boufmr.top
trainlance.com/faq/,trainlance.com
kutyascuccok.hu/BARF-LOVE-Edesburgonya-trening-jutalomfalat-kutyak,kutyascuccok.hu
spcregion.org/contacts/russell-singer/,spcregion.org
data.lib.hutech.edu.vn/chi-tiet?id=93961,data.lib.hutech.edu.vn
allmymillionmoons.com/en/products/mahta-moonstone-925-silver-hooks,allmymillionmoons.com
mccartneycarpet.com/custom/1063a/about-us-westfield,mccartneycarpet.com
holidaypirates.com/hotels/wasa-resort-hotel-apartments-and-spa,holidaypirates.com
nskmi.ru/news/news/774/,nskmi.ru
docan.hatenablog.com/entry/20181219/1543929921,docan.hatenablog.com
internetgeography.net/topics/ecosystems/,internetgeography.net
marlowrefugeeaction.org.uk/2020/04/,marlowrefugeeaction.org.uk
stribro.cz/prehled.php?den=2023-03-11,stribro.cz
pinewoodwine.com/products/chapuy-brut-tradition-1,pinewoodwine.com
jullyfit.com/product/wawsam-butterfly-gym-drawstring-backpack-15-x-17-sports-gym-bag-drawstring-bag-for-girls-waterproof-string-backpack-for-beach-swim-travel-yoga-gift-with-zipper-pocket-and-water-bott/,jullyfit.com
theholy1.com/product_info.php?products_id=33&osCsid=6h5bateucmaiigehno2qal6nu7,theholy1.com
aumilitaire.com/communaute/topic/47758-3%C3%A8me-rpima/?do=reportComment&comment=455570,aumilitaire.com
yalove.ru/rizotto/,yalove.ru
ru1.md/category/balti/,ru1.md
sosoactive.com/search-engine-optimization/,sosoactive.com
agpointprecision.com/tag/brass/,agpointprecision.com
foxteach.co.uk/store/p132/BUNDLE_-_LIGHT_5_LESSON_PACK_ON_TOPIC_%28Short_description_-_see_other%29..html,foxteach.co.uk
eir.news/2023/11/daily-brief/eir-daily-news-saturday-november-18-2023/,eir.news
coloringsun.com/the-wild-hungry-wolves-coloring-pages/,coloringsun.com
bbs.canadw.com/register.aspx,bbs.canadw.com
gcitao.buese.net/aboutcui/social-media,gcitao.buese.net
bally.eu/en/category/men/?p=41&cursor=eyJsYXN0X2lkIjo3MTkxNDg1NzQzMTU3LCJsYXN0X3ZhbHVlIjo0ODB9,bally.eu
bpnw.blogspot.com/2009/03/small-press-story-21-metacreative-press.html,bpnw.blogspot.com
bymyheels.com/contemporaty-house-la/contemporary_house_los_angeles_california-1/,bymyheels.com
libertychristianwi.org/athletics/basketball-camp/,libertychristianwi.org
biggerplate.com/mindmaps/iEPVLyTY/wheel-of-life,biggerplate.com
doc.pdftoword.cn/899.html,doc.pdftoword.cn
archiheart.vn/du-an-vung-liem-vinh-long/,archiheart.vn
piraten-offenbach.de/2015/03/18/stammtisch-der-piraten-in-offenbach-7/,piraten-offenbach.de
tejaratnews.com/%D8%A8%D8%AE%D8%B4-%D8%B7%D8%B1%D8%AD-%D9%87%D8%A7%DB%8C-%D9%81%D8%B1%D9%88%D8%B4-%D8%AE%D9%88%D8%AF%D8%B1%D9%88-10/911320-%D8%A2%D8%BA%D8%A7%D8%B2-%D8%B7%D8%B1%D8%AD-%D9%81%D8%B1%D9%88%D8%B4-%D9%85%D8%AD%D8%B5%D9%88%D9%84%D8%A7%D8%AA-%D8%B3%D8%A7%DB%8C%D9%BE%D8%A7-%D8%A7%D8%B2-%D8%A7%D9%85%D8%B1%D9%88%D8%B2,tejaratnews.com
entryeurope.com/,entryeurope.com
antiqa.net/,antiqa.net
storage.staging.kernelci.org/api/kunit-64b46a19a5d9d80e942cd823/?C=N&O=D,storage.staging.kernelci.org
chipotle.com/order/build/burrito?restaurant=4104,chipotle.com
qibs.com.au/single-product/,qibs.com.au
simmrinlawgroup.com/california-vehicle-code-section-14610-a/,simmrinlawgroup.com
www5.cao.go.jp/j-j/wp/wp-je18/h06_hz030206.html,www5.cao.go.jp
icontechshop.es/cristal-templadoiphone-12-12-pro-full-3d-negro/,icontechshop.es
knygynas.vu.lt/Vilnius%20University%20Press/bibliotheca-lituana-i-bibliologijos-metrastis-1?page=9,knygynas.vu.lt
whitehotmagazine.com/articles/angeles-by-eric-minh-swenson/5997,whitehotmagazine.com
2022.wrocloverb.com/,2022.wrocloverb.com
elselingerie.com/products/chloe-bikini-brief-black,elselingerie.com
medelcadena.com/author/medelcadenaweb/,medelcadena.com
cen713.com.tw/blog/%E8%97%8D%E7%B6%A0%E7%B7%8A%E5%92%AC%E4%BA%AC%E8%8F%AF%E5%9F%8E%E5%8C%85%E9%A4%8A%E3%80%81%E5%8C%97%E5%A3%AB%E7%A7%91%E6%A1%88-%E6%9F%AF%E6%96%87%E5%93%B2%E5%97%86%E6%BD%91/,cen713.com.tw
mein-key.de/en/level-22-steam-key,mein-key.de
asaps.it/82-Quesiti/251-Sicurstrada/2012/11/1,asaps.it
fr.ozo-world.com/product-page/secret-stash-scrunchy-420,fr.ozo-world.com
richardpryor.com/forums/search.php?search_id=active_topics&sid=18ce5948fe6cc5e401d1f828a97c9229,richardpryor.com
revolutioncoaching.co.uk/team.php,revolutioncoaching.co.uk
hotelesdunas.com/en/wellness-hotels-gran-canaria/,hotelesdunas.com
chairconcept.com/en/product/chd1-emi-2/,chairconcept.com
pharmsteroides.com/produit/rimobolan-1-ml-bayer/,pharmsteroides.com
pindae.com/,pindae.com
blog.peekapak.com/tag/vaccines/,blog.peekapak.com
atlanticsentinel.com/european-central-bank/,atlanticsentinel.com
oa8000.com/2021/zuixindongtai_0112/9073.html,oa8000.com
lexingtonrecruiter.com/professional-jobs,lexingtonrecruiter.com
woodstoveteam.com/mo/,woodstoveteam.com
help.xeneta.com/en/articles/210-how-to-follow-market-trends-air,help.xeneta.com
pornuj.cz/tag/incest-video/,pornuj.cz
parroscollegeplanning.com/tag/academics/,parroscollegeplanning.com
smyrnajournal.com/2024/04/21/funneltopia-unveils-game-changing-features-for-online-business-success/,smyrnajournal.com
fightstoryapparel.com,fightstoryapparel.com
camotionllc.com/connex-set-p-134.html?osCsid=udobsm6pobeh0nsjjpjkbalv94,camotionllc.com
mugas-ci.com/careers_archive/deputy-principal-construction-manager/,mugas-ci.com
goodwillnn.ru/magazin/product/maugli-02-05,goodwillnn.ru
board.flavii.de/search.php?search_id=active_topics&sid=fb9d2924a41af3cef1646c07e63ba918,board.flavii.de
laverda-register.de/forum/phpBB3/posting.php?mode=quote&p=38987&sid=ce29324bdfac5b41486b42fd19d9cd9a,laverda-register.de
huntvalleyinn.com/upgrade-your-oasis-unbeatable-pool-remodel-services-tailored-to-you.html,huntvalleyinn.com
haavind.no/forste-rettssak-om-overtredelses-gebyr-ilagt-av-kofa/,haavind.no
visiterlesenegal.com/lecolodge-de-palmarin-a-lentree-du-sine-saloum/,visiterlesenegal.com
collegestreetcottages.com/,collegestreetcottages.com
3nnbqcngy1.cn/2024/01/07/%E5%85%A8%E9%9D%A2%E8%AF%A6%E7%BB%86%E7%9A%84%E4%BB%8B%E7%BB%8D%E6%99%BA%E8%83%BD%E5%BC%80%E5%85%B3-%E6%99%BA%E8%83%BD%E5%BC%80%E5%85%B3%E7%9A%84%E4%B8%BB%E8%A6%81%E5%8F%82%E6%95%B0%E6%9C%89%E5%93%AA/,3nnbqcngy1.cn
midi-box.com/pop-up-card-box-template/gift-box-pop-up-card-template-creative-pop-up-cards-in-pop-up-card-box-template/,midi-box.com
boulmerbirder.blogspot.com/2009/06/this-swallow-has-at-least-4-eggs-now-in.html,boulmerbirder.blogspot.com
foliosociety.com/row/blog/seamus-heaney-1939-2013/,foliosociety.com
xnsq.com/company-88cfc575e6ae4d849b5d048fec88f042.html,xnsq.com
donatelife-texas.org/keyword/recibieron/,donatelife-texas.org
maisquatro.com.br/arch,maisquatro.com.br
mediamonitors.org.zw/download/assessment-of-the-medias-coverage-of-the-election-period/,mediamonitors.org.zw
neurorgs.net/investigacion-index/epilepsia-estudios-neurofisiologicos/,neurorgs.net
tampabaycrimsontide.com/index.php/membership/,tampabaycrimsontide.com
pistolwww.usashooting.org/usa-shooting-announces-retirement-of-dan-durben-national-rifle-coach/,pistolwww.usashooting.org
lifeyou.net/2019/05/26/lakeshore_hotel_suao/,lifeyou.net
rijiyagems.com/signin,rijiyagems.com
djmj.fun/,djmj.fun
decathlon.fr/vc/plaquette-frein-shimano-ultegra,decathlon.fr
alfaautomotives.com/collections/car-care/alfa-automotives,alfaautomotives.com
hp-gertraud-schmid.de/informationen/tag/immunsystem/,hp-gertraud-schmid.de
wildfork.ca/en-CA/products/Frenched-Lamb-Rack-8033,wildfork.ca
mhs.mb.ca/docs/people/skelly_j.shtml,mhs.mb.ca
papershootitaly.com/en/products/tree-hugger-case,papershootitaly.com
discountbrandsneaker.com/?country=Singapore,discountbrandsneaker.com
seafarerstore.com/Blue-Sea-2107-PowerBar-600AMP-Cable-Connector--8-x-3834-16-Stud-Terminal_p_1054.html,seafarerstore.com
w3schools.am/react/react_css.html,w3schools.am
alfa-estate.com/wanboguanwangmanbetx/chanpinzhanshi/shoudongjiaju/index.aspx,alfa-estate.com
kotyamotya.ru/info/drenazh/drenazh-udobnee-montirovat-zimoj,kotyamotya.ru
apk28.ru/novosti/meropriyatiya-v-chest-dnya-vossoedineniya-kryma-s-rossiej/,apk28.ru
goodiebag.tv/formation-pour-devenir-un-freelance-rentable/,goodiebag.tv
amorecraftylife.com/mothers-day-kids-gift-craft-flower-market-bag/,amorecraftylife.com
foodinstitute.com/fi-newscast/fi-newscast-july-28-2023-featuring-hunter-thurman-alpha-diver/,foodinstitute.com
orna.art/pages/about,orna.art
talkjive.org/news/argentinas-missing-submarine-found-a-year-after-it-vanished-with-44-aboard/,talkjive.org
financebaazar.com/procedure-for-registration-of-trademark/,financebaazar.com
miropureshop.com/collections/hair-styling-tools/products/miropure-s102-hair-straightener-brush-glod,miropureshop.com
australianvisaapplications.com/entomology-worksheets-ydygmqm/buckhorn-reservoir-topographic-map-02026d,australianvisaapplications.com
odn.comune.prato.it/group/52954c3c-04ec-40e7-b287-44883c810276?tags=salute&res_format=esri+shapefile+puntuale+compresso&groups=popolazione-e-societa&organization=comune-di-prat,odn.comune.prato.it
eccoclimate.org/publications/?t=report&a=francesca-bellisai-2,eccoclimate.org
sheliazhenko.in.ua/page/12,sheliazhenko.in.ua
yarkiy.ru/products/microsdxc-64gb-lexar-professional-1066x-uhs-i-u3-a2-v30-16070-mbs-42470,yarkiy.ru
ww12.kingmovz9.fun/tt21073770/A-Far-Shore-2022?usid=17&utid=32600570892,ww12.kingmovz9.fun
leptitobservatoire.fr,leptitobservatoire.fr
cocinadelbierzo.com/tas-aperitivos-naturales/onduladas-4/,cocinadelbierzo.com
vwdb.vermont.gov/wioa-eligible-training-providers,vwdb.vermont.gov
bomdiathreads.com/carousels-category/clients,bomdiathreads.com
kobrandwineandspirits.com/wine-reviews/?generate-shelftalker-pdf=91807,kobrandwineandspirits.com
bractwokurkowe.witkowo.pl/galeria/category/13-witkowo-wosp,bractwokurkowe.witkowo.pl
itdot.hu/index.php/en/reference/keleti-palyaudvar,itdot.hu
auction.stunningartsgallery.com/lots/view/1-90V10B/3,auction.stunningartsgallery.com
czechairforce.com/news/pardubicke-centrum-leteckeho-vycviku-prevzalo-dalsi-dva-stroje-enstrom-480b-g/,czechairforce.com
flaggen-versand.de/flaggen-kunstfaser/29/baden-ohne-wappen,flaggen-versand.de
degoorgids.nl/frond-end-developer-autosociaal-21-04-2024/,degoorgids.nl
mwstore.it/categoria-prodotto/gdt/per-tutti/,mwstore.it
glaspodrinja.rs/aktuelno/41711/tri-vozila-oduzeta-na-teritoriji-pu-sabac/,glaspodrinja.rs
stampingblanks.com/Cuff-Bracelets/,stampingblanks.com
tg.jinlaichemical.com/methallyl-chloride-product/,tg.jinlaichemical.com
malecontraceptive.org/blog/male-contraception-publications-1q24,malecontraceptive.org
secondhandwatch.my.id/2020/04/for-sale-bell-ross-br03-94-chronogoraph.html,secondhandwatch.my.id
parachutist.com/Article/planning-the-jump-jumping-the-plan,parachutist.com
dzerzhinskiy.wahl-center.ru/t/wahl-hair-beard,dzerzhinskiy.wahl-center.ru
frederic-desmesure.com/architecture/sante/maisone-de-retraite-marie-durand-bordeaux/,frederic-desmesure.com
cinemaleuven.be/types-of-pejsgq/1e4ccd-piscine-du-lagon-tignes,cinemaleuven.be
dailyartfixx.com/2011/06/19/yuliya-paintingdrawing/,dailyartfixx.com
popolarebari.it/content/bpb/it/servizi/utilita/sicurezza.home_privati_giovani_risparmioeinvestimento.html,popolarebari.it
bargainandalucia.dk/nybyggede-lejligheder-i-istan-ved-marbella,bargainandalucia.dk
spredet.no/tag/humor/,spredet.no
investeringarxyvu.web.app/36425/59892.html,investeringarxyvu.web.app
thecastlefuncenter.com/castle-card-information/,thecastlefuncenter.com
laantiguamadrid.es/tienda-online/aromas-y-mikados/aroma-dama-de-noche/,laantiguamadrid.es
yugen-gallery.com/en/products/yukinishimoto-8,yugen-gallery.com
althingi.is/altext/132/02/l15160840.sgml,althingi.is
txpatriotsoftwash.com/blog/posts/why-regular-maintenance-of-your-homes-exterior-is-so-important.html,txpatriotsoftwash.com
xn--80apamdjw.xn--p1ai/infrakrasnaya-sauna/img_2785-edit/,xn--80apamdjw.xn--p1ai
gdkrv.com/edu/art/career.html,gdkrv.com
shiningindiacrafts.com/product-tag/table/,shiningindiacrafts.com
diocesechartres.fr/a-la-decouverte-des-saints-de-notre-diocese/?print=pdf,diocesechartres.fr
wiki.openstack.org/w/index.php?title=Special:Book&bookcmd=rendering&return_to=VirtDiskApiRefactor&collection_id=457a43ec62679bce&writer=rl,wiki.openstack.org
memphis.craigslist.org/mob/d/memphis-open-box-dreams-cable-bite/7746519209.html,memphis.craigslist.org
viewtabi.jp/members/sign_in?to=%2Farticles%2F23032901&sign=11f048c8c16bf52f66a1fe1703544f627241da2ad753a791ec5a1e3d0a53f1ea,viewtabi.jp
studioonesw.co.uk/portfolio/grey-marble-wet-room-with-frosted-glass-door/,studioonesw.co.uk
metal-unlimited.de/contact.html,metal-unlimited.de
subcode.club/amelie-lens-to-mix-the-new-global-underground-city-series-compilation/,subcode.club
menstrualcupreviews.net/comparison/?rate=2&popularity=0&cervix=0&shape=4&capacity=0&firmness=0&material=0&made=0&fda=0&brand=0&show_limit=0&sort=15,menstrualcupreviews.net
bratislavskykraj.sk/tag/depeche-mode/,bratislavskykraj.sk
arbido.ch/de/artikelpdf/download.html?entryId=106518,arbido.ch
edu.tvr.ro/tvr-3-participa-la-bookfest-2018_22022.html,edu.tvr.ro
pocomokefire.com/staff/position/865,pocomokefire.com
walksofitaly.com/vatican-tours/highlights-vatican-museums-tour/,walksofitaly.com
janatarkatha.com/editorial/corona-bengalis-will-destroy-their-own-culture-and-civilization--005330,janatarkatha.com
gns.su/en/motor-transportation.html,gns.su
evg-online.org/meldungen/?tx_rsmevgsearch_search%5Bsearch%5D%5Btags%5D%5B0%5D=Beamtenpolitik&tx_rsmevgsearch_search%5Bsearch%5D%5BsortBy%5D=date&tx_rsmevgsearch_search%5Bsearch%5D%5Border%5D=desc&tx_rsmevgsearch_search%5Bsearch%5D%5BdocType%5D%5B0%5D=news&tx_rsmevgsearch_search%5Bsearch%5D%5Bfilters%5D%5Bextra.tags.names%5D%5B0%5D=Beamtenpolitik&tx_rsmevgsearch_search%5Bsearch%5D%5Bpage%5D=8,evg-online.org
kirameki.or.jp/kaiin/profile/2491,kirameki.or.jp
reimaginedbyannastark.com/product-page/ceramic-1-fabrics,reimaginedbyannastark.com
jotunheimentravel.com/en/activities/discover-jotunheimen-black-route-8-days/,jotunheimentravel.com
fac.luther.edu/index.php/Browse/objects/s/4/key/9029d6f73d753a7b29374c17297280dc/view/images,fac.luther.edu
allinclusivetrip.nl/product/majestic-hotel-spa-2/,allinclusivetrip.nl
tbeeb.net/consult-doctor/%D8%A7%D9%84%D9%85-%D9%81%D9%8A-%D8%A7%D9%84%D8%B1%D8%A7%D8%B3-%D8%A8%D8%B4%D9%83%D9%84-%D9%85%D8%AA%D9%88%D8%A7%D8%B5%D9%84-%D9%85%D9%86-%D9%85%D9%86%D8%B7%D9%82%D8%A9-%D8%AE%D9%84%D9%81-%D8%A7%D9%84%D8%B9%D9%8A%D9%86-%D8%A7%D9%84%D9%89-%D8%AE%D9%84%D9%81-%D8%A7%D9%84%D8%B1%D8%A7%D8%B3.13025/,tbeeb.net
finelliironworks.com/portfolio-items/contemporary-iron-staircase-2/,finelliironworks.com
senzacija.ba/2023/10/29/detalji-smrti-sina-mirka-kodica-otkriveno-na-sta-se-zalio-i-gdje-je-preminuo/,senzacija.ba
libroslibertad.ca/category/generator/,libroslibertad.ca
angielists.com/properties/3711-manorwood-loop-parrish-fl-34219-a4496897,angielists.com
naturheilpraxis-schuth.de/therapien/alternative-operationsbegleitung.html,naturheilpraxis-schuth.de
mihaylovka.volta-sale.ru/c/solncezashhitnye,mihaylovka.volta-sale.ru
reginacriminallawyer.ca/wpa-stats-type/safari/,reginacriminallawyer.ca
cafecitoroutes.com/products/tazas-hechas-a-mano-ceramica-de-alta-temperatura-capacidad-2-onzas,cafecitoroutes.com
ugmonk.com/collections/analog/products/analog-cards,ugmonk.com
bicotender.ru/tags/tendery-na-aviacionnoe-maslo.html,bicotender.ru
dalival.com/pommes/scarlet-spur-evasni-de/apfel-apfelbaum-dalival-scarlet-spur-evasni-cov-10/,dalival.com
alitrade.com.ar/lampara-velador-led-recargable-usb-tactil-dimmer-35cm-bar-color-de-la-estructura-negro/p/MLA27293722?product_trigger_id=MLA27284045&pdp_filters=seller_id:47156637%7Ccategory:MLA1574%7Cseller_id:47156637&applied_product_filters=MLA27284045,alitrade.com.ar
dhammadipa.net/2016/12/10/questions/,dhammadipa.net
xspo.fr/freeski/skins,xspo.fr
reddo.credit/?pg_user_page=3y9333822e,reddo.credit
tommcquiggan.blogspot.com/2021/12/kx2-vs-kx3-vs-ic-705.html,tommcquiggan.blogspot.com
sublicalender.com/tag/thermal-transfer-printing/,sublicalender.com
bdn.org.af/%D8%A7%D9%85%D8%B6%D8%A3-%D9%82%D8%B1%D8%A7%D8%B1%D8%AF%D8%A7%D8%AF-%D9%BE%D8%B1%D9%88%DA%98%D9%87-%D8%B5%D8%AD%D8%AA-%D8%B3%D9%87-%D9%88%D9%84%D8%A7%DB%8C%D8%AA-%D8%A8%D9%84%D8%AE/,bdn.org.af
elevationspinalcare.com/Reely-Raptor-6S-Brushless-1-8-RC-Modellauto-Elektro-Buggy-1536106.html,elevationspinalcare.com
spjnorcal.org/2018/10/31/2018-excellence-in-journalism-award-winners/,spjnorcal.org
gl-law.de/en/2022/08/,gl-law.de
about-tea.ru/brazilskij-kofe-i-ego-legenda-sorta-harakteristiki/,about-tea.ru
organicpuresense.com/collections/hydrosols/products/oatmeal-facial-soothing-toner,organicpuresense.com
medicalmag.ru/catalog/apparaty_hifu/portativnyy_apparat_hifu_dlya_smas_liftinga_mbt_hifu_mini/,medicalmag.ru
bolyst.land/inntil-80-nye-boliger-i-hov/,bolyst.land
xion.it/facebook-study-paghera-per-i-nostri-dati/,xion.it
toyota-sera.com/index.php?threads/kak-sozdat-novuju-temu-v-toyota-sera-com.3108/page-1565,toyota-sera.com
gaming-zone.info/2019/09/100-bikes-add-on-compilation-pack-final/,gaming-zone.info
karyapriboemijepara.com/blog/tag/set-kamar-tidur-minimalis-modern-duco-putih/,karyapriboemijepara.com
dialogueplatform.eu/deliberative-democracy-and-youth-engagement-citizens-assemblies-across-europe/,dialogueplatform.eu
fcbarcelona.cz/,fcbarcelona.cz
mmjyu.com/jian-kang-jian-fei/he-ru-jian-fei-you-ji-you-kang-jian-6-ge-you-qiao-men-bang/,mmjyu.com
akom-akb.ru/catalog/core-features/dlya-gruzovykh-avtomobilej.html,akom-akb.ru
fjp.mg.gov.br/quem-tem-medo-da-diversidade-luz-e-sombra-na-luta-pelos-direitos-lgbtqia-no15/,fjp.mg.gov.br
nestoria.it/case/affitto/montallegro_rapallo,nestoria.it
equestrianheadquarters.com/new-scientific-evidence-overthrows-earlier-theory-on-horse-hoof-evolution/,equestrianheadquarters.com
fxshell.com/tag/consob-warning,fxshell.com
avid.com/support/airspeed-5000,avid.com
c-mara-municipal-de-contagem.jusbrasil.com.br/,c-mara-municipal-de-contagem.jusbrasil.com.br
tikiviki.ru/animacionnaya-programma-ledi-bag-i-super-kot-dlya-detej-4,tikiviki.ru
vinyl.bertelsmann.com/de?Search%5Bquery%5D=Melanie,vinyl.bertelsmann.com
kenkako.jp/department/fields/dermatology/staff/,kenkako.jp
iqsdirectory.com/gas-filters/gas-filters-2/,iqsdirectory.com
so.jucili.com/?s=yihuag&q=stars-986,so.jucili.com
microglobe.co.uk/slik-tripod-c-151_817.html?,microglobe.co.uk
aespri.de/koerper-seele.html,aespri.de
2021.help.altair.com/2021.2/winprop/topics/winprop/user_guide/wallman_tuman/tuman_usage/zoom_window_tool_winprop.htm,2021.help.altair.com
chsongjiang.com/881.html,chsongjiang.com
donkoro.hatenablog.com/entry/2019/12/27/164245,donkoro.hatenablog.com
skyneel.com/amazon-fast-easy-amazon-pay-quiz-answers,skyneel.com
quieroseguidores.cl/etiqueta-producto/monetizar-seguidores-instagram/,quieroseguidores.cl
gilfxtube.com/?video=JTfevPvax4R&cat=mature,gilfxtube.com
formulamedica.com.co/tag/vegetarianos/,formulamedica.com.co
lkkmled.com/en/multi-functional-lighting-series,lkkmled.com
nmsportsystems.com/product/crank-brothers-mallet-dh-315841-1.htm,nmsportsystems.com
pieces-de-poele.com/rh-side-panel-al-charnwood-ref004-bu093r-al-c2x36268547,pieces-de-poele.com
langmead.com/?tag=tourism,langmead.com
leiladelima.ph/de-lima-renews-call-for-enactment-of-a-comprehensive-land-use-act-urges-govt-to-keep-agricultural-lands-agricultural/,leiladelima.ph
arbuturian.com/food/restaurants/london/the-parakeet,arbuturian.com
zulunoticias.com/biden-violated-the-us-constitution-by-blowing-up-the-nord-stream/,zulunoticias.com
practicalmachinist.com/forum/search/2253050/?c[users]=Stobl&o=date,practicalmachinist.com
favb.cat/tag/xarxes/,favb.cat
airsman-hires.com/obituaries/Michele-Stewart-Long?obId=27707189,airsman-hires.com
starlinc.com.cn/product/product.php?class2=102,starlinc.com.cn
elliottelectric.com/P/Item/PEC/2369/,elliottelectric.com
ambient-networks.org/main/partners_industry.html,ambient-networks.org
wearablescellularline.com/easyfit-touch-2-precision/?lang=es,wearablescellularline.com
ecoture.lv/product/cardboard-chair-junidesign-red/,ecoture.lv
rabkrin.org/lenin-v-i-materializm-i-empiriokrititsizm-kniga/,rabkrin.org
atwox.com/product/elie-saab-girl-of-now-shine-for-women-eau-de-parfum-90ml/,atwox.com
heartstyleshop.com/products/90-birthday-card-1,heartstyleshop.com
thorsten-huelsberg.com/2022/09/12/schwerer-krawall/,thorsten-huelsberg.com
orljaa.com/indomie-instant-noodles/,orljaa.com
okkii.com/how_do_you_treat_a_cold_naturally/article.htm,okkii.com
wordcookieanswer.com/word-cookies-meat-pie-level-1-answers/,wordcookieanswer.com
art-savjetovanje.hr/reference/,art-savjetovanje.hr
whiskey-soda.de/weil-du-nur-einmal-lebst/100316/,whiskey-soda.de
kanroad4x4.com/product-page/aletas-bota-agua-negras-iva-1,kanroad4x4.com
lowflow.ru/forum/1?num=3,lowflow.ru
ursula-corbero.us/gallery/displayimage.php?pos=-122462,ursula-corbero.us
forums.jdmvip.com/members/7882-juliatom543?s=856293042cd2089fd7d58b0d9d69d80c,forums.jdmvip.com
oecc.vn/cay-canh/cay-hoa-sam-dat/,oecc.vn
canterbury.com.au/bars-restaurants/bakehouse-cafe/,canterbury.com.au
riesa.site/blog/detail/20230126194703/,riesa.site
coltsneckreformed.org/resources,coltsneckreformed.org
iuslatin.pe/gobierno-conforma-el-comando-de-operaciones-covid-19/,iuslatin.pe
ar.damascinos.com/profile/bik777/blog-comments,ar.damascinos.com
puramente.app/category/eliminar-insomnio/page/5/,puramente.app
buffalowdown.com/2019/12/11/buffalo-bills-vs-steelers-3-matchups-will-key/,buffalowdown.com
marlowe-nature.de/products/max-lyocell-shirt?variant=45249068925194,marlowe-nature.de
tuscosicas.com/category/soportes,tuscosicas.com
relxelf.com/en-ca/products/muscle-broly-dragon-ball-league-studio,relxelf.com
gillianbarfoot.com/oregon,gillianbarfoot.com
nikkiemarklestudio.com/product-page/purple-preening,nikkiemarklestudio.com
"somalidoc.com/smf/index.php/topic,8804.0.html?PHPSESSID=8f66c2e8c68960be02e566f97dbe6542",somalidoc.com
ww4.fmovies.co/actor/joshua-leonard/,ww4.fmovies.co
zrisun.tw/beWoJinTianBuShuiJueLiao65224196/,zrisun.tw
bio-austria.at/biobauer/schlattbauerngut/,bio-austria.at
asiainterhospital.com/%E0%B8%9D%E0%B8%B6%E0%B8%81%E0%B8%8B%E0%B9%89%E0%B8%AD%E0%B8%A1%E0%B8%94%E0%B8%B1%E0%B8%9A%E0%B9%80%E0%B8%9E%E0%B8%A5%E0%B8%B4%E0%B8%87%E0%B9%81%E0%B8%A5%E0%B8%B0%E0%B8%AD%E0%B8%9E%E0%B8%A2%E0%B8%9E/,asiainterhospital.com
lorrainetyne.com/product/inc003/,lorrainetyne.com
hamilforddesign.com/spaces/the-modern-chalet,hamilforddesign.com
sklepaqua.pl/?501%2Cpl_cersanit-kompakt-colour-poziomy-(zbiornik-011-deska-duroplast-wolnoopadajaca)-k103-012-k98-0092,sklepaqua.pl
equestasia.com.au/vi/balance-and-harmony-embracing-asian-cultural-values-in-a-modern-world/,equestasia.com.au
chubbyskaraoke.com/contact-us/,chubbyskaraoke.com
cgk.nl/materiaal/?_search=Noodhulp%20Oekra%C3%AFne%202022%20flyer,cgk.nl
news.anidub.life/anime/igry/3503-novyj-trejler-resident-evil-chronicles-hd-collection-2.html,news.anidub.life
naxos.com/CatalogueDetail/ACC-30606,naxos.com
hexenstube.bplaced.net/index.php/PrivacyPolicy/?s=50509e33653dd74ad6432b6fe49993bd332cdc69,hexenstube.bplaced.net
comudelleida.cat/els-primers-24-habitatges-en-regim-cooperatiu-de-cessio-dus-a-lleida-a-cappont/,comudelleida.cat
realworldadventures.com/cycle-angkor-wat-cambodia/web_dsc00790/,realworldadventures.com
traditionalcolors.com/code/91f2e2,traditionalcolors.com
internopoesia.com/2018/12/10/10a-poesia-piu-letta-del-2018/,internopoesia.com
businessplansanddocs.com/5-ways-to-get-funding-to-open-a-bakery/,businessplansanddocs.com
jeffmaltzmanphoto.com/image/I0000Y.mLWVHtwv4,jeffmaltzmanphoto.com
liceo-orazio.edu.it/2021/03/29/circ-131-2022-proroga-campagna-test-antigenici/,liceo-orazio.edu.it
pjwinespirits.com/shop/product/springs-44-old-tom-gin-gin-old-tohandcrafted/57e6fb6369702d0de886f800?option-id=961395edc3a686985449ca5cdd753d6db08c134cdc1077960a93ed4f6c7fffdc,pjwinespirits.com
hallertauer-regional.de/hallertauer/?attachment_id=229,hallertauer-regional.de
rukita.co/stories/promo-rukita-mei-2021,rukita.co
udug.cn/detail/1675930936270,udug.cn
sanitariapesaro.com/carrello/,sanitariapesaro.com
