url,dominio
appleld-accountsupportld.feedbackldlsnmxhuh.com/session,appleld-accountsupportld.feedbackldlsnmxhuh.com
pinugrizgoy.ru,pinugrizgoy.ru
projnft82.vercel.app,projnft82.vercel.app
member-garena.vn,member-garena.vn
finalfantasyxiv.com-jt.eu/forum/threads/853291,finalfantasyxiv.com-jt.eu
adeitarea.com/ars,adeitarea.com
bncol-824988249882494.surge.sh/mua,bncol-824988249882494.surge.sh
98973733amtt.weebly.com,98973733amtt.weebly.com
advocate-shumskiy.com.ua/fbr/2019-2020OnlineTaxReturn/allaccounts/bankalhabib/index.htm,advocate-shumskiy.com.ua
bantuan-dana.click-heree.my.id,bantuan-dana.click-heree.my.id
paupaflido.com/directing/www.atbonline.com/ATB/details.html,paupaflido.com
drymixed.top/mercadolibre,drymixed.top
rhyfnjvzldfyknqcqdssyshanu-dot-gloff849483.uk.r.appspot.com,rhyfnjvzldfyknqcqdssyshanu-dot-gloff849483.uk.r.appspot.com
joomla.cpie61.fr/dsk/page,joomla.cpie61.fr
wellts--ledgree-liive.webflow.io,wellts--ledgree-liive.webflow.io
refund-hmrc.uk-codeb6159368de39251d7a-login.id-107sbtd9cbhsbtd5d80a13c0db1f546757jnq9j5754675743461596.riptributes.com,refund-hmrc.uk-codeb6159368de39251d7a-login.id-107sbtd9cbhsbtd5d80a13c0db1f546757jnq9j5754675743461596.riptributes.com
happyfitnessfood.de/pracel/Traching/pracel/RDGDESDZRFSYJNOI/index.php?FGDD=1,happyfitnessfood.de
173.82.193.75/pc,173.82.193.75
aeroembolism.shop/eO/gaz,aeroembolism.shop
invite-hype-squad.club/login,invite-hype-squad.club
amazom-account.ctmuffrpbtxsv.xyz/nWJ28vOa/z9WcosR4EmV/bjIoAeun2s/YvGusb45jXz/1,amazom-account.ctmuffrpbtxsv.xyz
atttverriifcccatiooonnnn.webflow.io,atttverriifcccatiooonnnn.webflow.io
amberlyrobinson.com/blog/temp/crypt/email.html,amberlyrobinson.com
mymtbfirshlpdeskk11.online,mymtbfirshlpdeskk11.online
karteexpre.temp.swtest.ru/client/aa640/index.php,karteexpre.temp.swtest.ru
fbcous-97696721.alfalschools.com/nextVRF.html?location=4bce7086d670961c43efcf91a798ecd9,fbcous-97696721.alfalschools.com
fb-restriction-appeal-50f17.web.app,fb-restriction-appeal-50f17.web.app
msgg-serves.surge.sh,msgg-serves.surge.sh
pub-51ffbe1340d649bda421d6905d594829.r2.dev/index.html,pub-51ffbe1340d649bda421d6905d594829.r2.dev
sso---ndax-io-auth-app.webflow.io,sso---ndax-io-auth-app.webflow.io
portplus-trezor-logon.webflow.io,portplus-trezor-logon.webflow.io
autotradea.vercel.app/managermentquan/M5wD9Rj3X7/F8tB2Qy1K0.html,autotradea.vercel.app
839393.ml/dashboard-update/dashboard-update/Auth,839393.ml
appbest.wpengine.com/wp-content/themes,appbest.wpengine.com
steamcommunitfy.com/tradeoffer/new/?partner=185739285473&token=N2nE1Js,steamcommunitfy.com
judemc0.wixsite.com/a-t-t,judemc0.wixsite.com
adminatttse0n.weebly.com,adminatttse0n.weebly.com
anzmaz.co.ip.lightacle.club/web/pc/signin1.php?signin=openid.pape.max_auth_age0&openid.return_to=https%3A%2F%2Fwww.offfffff.co.jp%2F%3F_encoding%3DUTF8%26ref_%3Dnav_ya_signin&openid.identity=http%3A%2F%2Fspecs.openid.net%2Fauth%2F2.0%2Fidentifier_select&openid.assoc_handle=jpflex&openid.mode=checkid_setup&openid.claimed_id=http%3A%2F%2Fspecs.openid.net%2Fauth%2F2.0%2Fidentifier_select&openid.ns=http%3A%2F%2Fspecs.openid.net%2Fauth%2F2.0&,anzmaz.co.ip.lightacle.club
sannittt.ultimatefreehost.in/?i=1,sannittt.ultimatefreehost.in
kimia-s3.fmipa.unri.ac.id/flexx,kimia-s3.fmipa.unri.ac.id
zephyr-haven-12b.pages.dev,zephyr-haven-12b.pages.dev
pts.wad-wtaelagernn.com,pts.wad-wtaelagernn.com
666.xiaokun778899.workers.dev,666.xiaokun778899.workers.dev
deluxe-apigateway1.duckdns.org,deluxe-apigateway1.duckdns.org
garena-event-ftee-fire.duckdns.org,garena-event-ftee-fire.duckdns.org
rotimi.pandaform.com/pub/outlook/new,rotimi.pandaform.com
meethasklgoin.webflow.io,meethasklgoin.webflow.io
nhuagpwcuxyzlwmbwnjppeafex-dot-poised-bot-306515.uk.r.appspot.com,nhuagpwcuxyzlwmbwnjppeafex-dot-poised-bot-306515.uk.r.appspot.com
phoenixdrillingllc.com/font/activation.securi-pass.agricole/077300674498b25342b081ce87dc129a,phoenixdrillingllc.com
mmtfq.blogspot.li,mmtfq.blogspot.li
pgesspprtaccntrcveryadm.cf/confirmid.php,pgesspprtaccntrcveryadm.cf
att-108075.weeblysite.com,att-108075.weeblysite.com
eggs001as.shop,eggs001as.shop
chat.whatsapp.com-i8fstbfd4irhviasosfxy.00.itsaol.com,chat.whatsapp.com-i8fstbfd4irhviasosfxy.00.itsaol.com
corperatesmail.com,corperatesmail.com
dvemaltsberger.com,dvemaltsberger.com
bjirrdagd.info/session/?view=login&appIdKey=af65b9c87f552c8&country=US,bjirrdagd.info
bouyauriceufre-7037.vercel.app/fur.qitek,bouyauriceufre-7037.vercel.app
joingrub.joingrubyoutubers.my.id,joingrub.joingrubyoutubers.my.id
qa-03jx.ficcg.my.id,qa-03jx.ficcg.my.id
hujascentre.com,hujascentre.com
rubabansari150.github.io/NETFLIX-home-page,rubabansari150.github.io
fb-recovery-10000076924-it.tk/update_security.htm,fb-recovery-10000076924-it.tk
myonlinemarketingservices.com/cgi/Exitkorea/upload/en.php?r,myonlinemarketingservices.com
oberbank-mobile.com,oberbank-mobile.com
clinker-built-conne.000webhostapp.com/0147-wadho.php,clinker-built-conne.000webhostapp.com
io-suite-help-trezor.webflow.io,io-suite-help-trezor.webflow.io
bootwalkeru.vercel.app/managermentloc/abcfghijklmnoqrstuv/zxcvbnmopqrstuvwxyz.html,bootwalkeru.vercel.app
iventpubgmobile.otzo.com,iventpubgmobile.otzo.com
864399723284568443438476829249.eu-gb.cf.appdomain.cloud,864399723284568443438476829249.eu-gb.cf.appdomain.cloud
anpagegs-563803.click,anpagegs-563803.click
accessamerica-authfirstl0g.firebaseapp.com,accessamerica-authfirstl0g.firebaseapp.com
ij5jv-vyaaa-aaaad-qdeka-cai.raw.ic0.app,ij5jv-vyaaa-aaaad-qdeka-cai.raw.ic0.app
mmennrg.tokyo/qncwsf.html?mx=9mrxlc&v=1,mmennrg.tokyo
chinechocolat.fr/wp-content/uploads/2016/01/C-Agricole/c2ceaf3e2bd9822/region.php?particulier,chinechocolat.fr
at-t-yahoo-67c1e3.webflow.io,at-t-yahoo-67c1e3.webflow.io
apphole-signinizwolyt3.godaddysites.com,apphole-signinizwolyt3.godaddysites.com
sbc-104265-101102.square.site,sbc-104265-101102.square.site
servicecno.boats/us/address.html,servicecno.boats
o2-billing-help.co.uk,o2-billing-help.co.uk
halifax.co.uk.app-review-8141.info,halifax.co.uk.app-review-8141.info
regitherega.ddns.net,regitherega.ddns.net
arlirmkhnleagkkn-dot-millinium.ey.r.appspot.com,arlirmkhnleagkkn-dot-millinium.ey.r.appspot.com
crossroads1701.com/wp-includes/images/media/Neteller/members-neteller-authentication/Update-Information,crossroads1701.com
localbitcoins.me,localbitcoins.me
150275.dropbox-mediafire.biz.id/vhsfhqpdhdsih6/login.php,150275.dropbox-mediafire.biz.id
ballisticribs.co.uk/Agricol_bank/region,ballisticribs.co.uk
955680-dot-n-e-w-me-ss-age-po-rt-al.wl.r.appspot.com,955680-dot-n-e-w-me-ss-age-po-rt-al.wl.r.appspot.com
elfaylasouf.lopezkirdaloni.com,elfaylasouf.lopezkirdaloni.com
keen-churros-ad8042.netlify.app,keen-churros-ad8042.netlify.app
business-alerts-103900828.work.gd,business-alerts-103900828.work.gd
adminuser.tg-ishebt.top,adminuser.tg-ishebt.top
notifysecure-encontrar.app/icloud-archivos/code2022esp.php,notifysecure-encontrar.app
hfhglerhguierkgbilerhgerhguierhghkrehgie.duckdns.org,hfhglerhguierkgbilerhgerhguierhghkrehgie.duckdns.org
ebay.store-de.top,ebay.store-de.top
qiqs.ru/outlookk/micro-softt/out.look.offices.com/index.php,qiqs.ru
moonton-giveaway.vxc.se.ke,moonton-giveaway.vxc.se.ke
obiz.ca,obiz.ca
spotify-premium-sow57j.rollout.site,spotify-premium-sow57j.rollout.site
4w4we.anqi88.cn,4w4we.anqi88.cn
551001f.cc,551001f.cc
project14a-e3586.web.app,project14a-e3586.web.app
iteration-uberl-additional-warm.vercel.app/cloud-solution,iteration-uberl-additional-warm.vercel.app
blog-sample.50storm.info/auth/to/ejaya/laco.php?websrc=59c275dc2e97dd3b896ed4ff2b82a8fd&dispatched=97&id=7568896440&email=redacted@redacted.invalid,blog-sample.50storm.info
amazon-clone-qo3yy1pne-ismaeldev13.vercel.app,amazon-clone-qo3yy1pne-ismaeldev13.vercel.app
pageacccservicetrobelemsystem.co.vu,pageacccservicetrobelemsystem.co.vu
mail.vidwap.cu.ma/~filxscum/D/H/L/6de416cfb705fb4ee9559522f2759aebc30b7e9cd4b06697e4386db80e2d92851ce82d6d2eb4d2c0c9a09e0628d/DHL/tracking2.php?l=_JeHFUq_VJOXK0QWHtoGYDw_Product-UserID&userid=,mail.vidwap.cu.ma
0f77e28.wcomhost.com,0f77e28.wcomhost.com
clear-storage-space-capacity-unit-limits-users-portal-setting.us-southeast-1.linodeobjects.com/index.html,clear-storage-space-capacity-unit-limits-users-portal-setting.us-southeast-1.linodeobjects.com
acces-securiser1.net/qc/banks/cibc,acces-securiser1.net
appeal-1048192321.cloud/login.php,appeal-1048192321.cloud
bansruraslras.firebaseapp.com,bansruraslras.firebaseapp.com
faq-trezorlogin-x-eng.pages.dev,faq-trezorlogin-x-eng.pages.dev
grub-video-viral-terbaru.duckdns.org,grub-video-viral-terbaru.duckdns.org
pub-6a9768e0fffb4500b7328515b4979ae4.r2.dev/link1.html,pub-6a9768e0fffb4500b7328515b4979ae4.r2.dev
activity-updeats-pages2023.start.page,activity-updeats-pages2023.start.page
clupsupervillsa.com,clupsupervillsa.com
aegiscremationandfuneralservices.com/afcubank/AmericaFirstcu,aegiscremationandfuneralservices.com
joingrubwhatsap.duckdns.org,joingrubwhatsap.duckdns.org
anazom.djmzuxrbk.buzz/pc,anazom.djmzuxrbk.buzz
ec2-3-137-178-244.us-east-2.compute.amazonaws.com,ec2-3-137-178-244.us-east-2.compute.amazonaws.com
48d7f270-cf9e-471e-a069-f9549edb0f48.usrfiles.com/html/1411d2_20babe85331bcec3acca549e98d5c9f6.html,48d7f270-cf9e-471e-a069-f9549edb0f48.usrfiles.com
metameekxtsusion.webflow.io,metameekxtsusion.webflow.io
almuttasil.sa/update,almuttasil.sa
saurabh9757.github.io/netflix_clone,saurabh9757.github.io
basvur-mobildeniz.top,basvur-mobildeniz.top
lucid-grothendieck.23-95-231-131.plesk.page/cc/08d76,lucid-grothendieck.23-95-231-131.plesk.page
contravexis-ai17s11d-trustbordery.pages.dev,contravexis-ai17s11d-trustbordery.pages.dev
4bofares.ru.com,4bofares.ru.com
accountbell.club/780/rbc2,accountbell.club
daaana-teerimaaa.ftvv.my.id,daaana-teerimaaa.ftvv.my.id
ims-fe.com/dhl/dhl/DHL.php,ims-fe.com
help-center681.crabdance.com,help-center681.crabdance.com
nataliapek.com/wp-includes/Requests/Utility/Secure/signin,nataliapek.com
rxlaegcltsbjlrgshignzfobgf-dot-gl9393jan.uk.r.appspot.com,rxlaegcltsbjlrgshignzfobgf-dot-gl9393jan.uk.r.appspot.com
halifax.online-secure-login.com,halifax.online-secure-login.com
26mayistakisisparisle.cloud/index.php,26mayistakisisparisle.cloud
aft6uyt78kuhoo90.duckdns.org,aft6uyt78kuhoo90.duckdns.org
anazoam.co.jp.mastercardnorthrhinewestphalialeave00.ml,anazoam.co.jp.mastercardnorthrhinewestphalialeave00.ml
azhelp.000webhostapp.com/help_login.htm,azhelp.000webhostapp.com
usps.com-trackixi.top/us,usps.com-trackixi.top
amzupdate.web.app/index.html,amzupdate.web.app
aktifkaan-paylaterss4.resmi-xl2.xyz,aktifkaan-paylaterss4.resmi-xl2.xyz
issue-96421.com,issue-96421.com
usps.com-trackvnt.top/us,usps.com-trackvnt.top
secure----usa-moonpay-log-in-auth.webflow.io,secure----usa-moonpay-log-in-auth.webflow.io
aviationconsultantsworldwide.com/iv/daaum/login.php,aviationconsultantsworldwide.com
post-office-ukshipping.com,post-office-ukshipping.com
join-grup-bokep-malaysia.duckdns.org,join-grup-bokep-malaysia.duckdns.org
amazon-ck.xyz/signim,amazon-ck.xyz
162.240.46.34,162.240.46.34
iunisweps.org,iunisweps.org
bdgangtret.000webhostapp.com,bdgangtret.000webhostapp.com
fecebokjobseeker.000webhostapp.com,fecebokjobseeker.000webhostapp.com
openseanftmysteryboxclaim-ochre.vercel.app,openseanftmysteryboxclaim-ochre.vercel.app
bellsouth-managementt.webflow.io,bellsouth-managementt.webflow.io
packinfos.com/public/3v1ToOCbVkytjs37bJrLZmO79y3SEPhz,packinfos.com
rcubebit.bitbucket.io,rcubebit.bitbucket.io
lienminh2021-sukiengarenavn.tk/ui/login,lienminh2021-sukiengarenavn.tk
jtgjhb.weebly.com,jtgjhb.weebly.com
bethanylawrenceart-1318334846.cos.na-toronto.myqcloud.com/bethanylawrenceart.html,bethanylawrenceart-1318334846.cos.na-toronto.myqcloud.com
mail.bokepgrubrckcbop.downloadvideomp4.my.id,mail.bokepgrubrckcbop.downloadvideomp4.my.id
jasper-rune-sandalwood.glitch.me,jasper-rune-sandalwood.glitch.me
cronologiabac.mipropia.com,cronologiabac.mipropia.com
beta-openselling.remont-express.com/nft,beta-openselling.remont-express.com
bafybeibkbwhd66vsgqu5n6n36clzhocy66gowcq46isrci6kbeqee6vwue.ipfs.dweb.link,bafybeibkbwhd66vsgqu5n6n36clzhocy66gowcq46isrci6kbeqee6vwue.ipfs.dweb.link
attcom-103101.square.site,attcom-103101.square.site
ax9twq.web.app,ax9twq.web.app
cscenter.my.id,cscenter.my.id
pub-042beab565ca415f95ad4dc390bd6f1a.r2.dev/auth.html,pub-042beab565ca415f95ad4dc390bd6f1a.r2.dev
kdlbxegfbxbblbumjtwefgnvgp-dot-gle39404049.rj.r.appspot.com,kdlbxegfbxbblbumjtwefgnvgp-dot-gle39404049.rj.r.appspot.com
6850a.com,6850a.com
enthusiast.site/cgl/Adobe.htm,enthusiast.site
fati-ib.github.io/Fibrahima,fati-ib.github.io
pfarmania.com/signup/confirmuser,pfarmania.com
account-update.amazno.co.jp.cojp.cc,account-update.amazno.co.jp.cojp.cc
kucoinlxuogin.godaddysites.com,kucoinlxuogin.godaddysites.com
facebooksecurity.blogspot.jp,facebooksecurity.blogspot.jp
87h1q.weblium.site,87h1q.weblium.site
kucckoqinluggn.webflow.io,kucckoqinluggn.webflow.io
amazon-fc.top,amazon-fc.top
oeehhw.top,oeehhw.top
bf6vpkmlpx46hmtyf1vmnfqwlh2bp.wusps.xyz/index/usps/index.html,bf6vpkmlpx46hmtyf1vmnfqwlh2bp.wusps.xyz
52.228.3.52/Finance/bmo-mobile,52.228.3.52
bighearted-heater.000webhostapp.com/sign-on/sign-on/secure/T.Goe,bighearted-heater.000webhostapp.com
shatvik1783.github.io/netflix,shatvik1783.github.io
accounts-recovery.xyz,accounts-recovery.xyz
9caf1ef0-a514-4afc-96c1-2146134cddb9-00-1ftgtsvtdm8m9.kirk.replit.dev,9caf1ef0-a514-4afc-96c1-2146134cddb9-00-1ftgtsvtdm8m9.kirk.replit.dev
metawask-kyc-update.espace-testra.com,metawask-kyc-update.espace-testra.com
netflix-clone-lq2lcxgbb-angelitomaury.vercel.app,netflix-clone-lq2lcxgbb-angelitomaury.vercel.app
welshop.store/smts/pdw,welshop.store
onlinechase1234.weebly.com,onlinechase1234.weebly.com
approve.ygto.com/ucrecomfrim.htm,approve.ygto.com
c2151686.ferozo.com,c2151686.ferozo.com
fatty-errors.000webhostapp.com/sun/SUN.ZELL/Service/Verify/ID/6r2gfb6sfh6b14s6w546bh541tsw64b1hsw/1/1.html,fatty-errors.000webhostapp.com
facex-monex2.dopix.site,facex-monex2.dopix.site
sachinsharma-2003.github.io/Netflix-Landing-Page,sachinsharma-2003.github.io
pub-1dcaf4b14b034690b1840440c670de2d.r2.dev/index.html,pub-1dcaf4b14b034690b1840440c670de2d.r2.dev
postsfb-coehxrir.novitium.ca/profile.html?countuser=809e0925445cdd8e9ed4940c23b0a922,postsfb-coehxrir.novitium.ca
materialfestival.com,materialfestival.com
kleinanzeigens-001-site15.ctempurl.com/login.php,kleinanzeigens-001-site15.ctempurl.com
outh-hub-kucoin--app.webflow.io,outh-hub-kucoin--app.webflow.io
att-108131.weeblysite.com,att-108131.weeblysite.com
black-oreoo-30.top/bankofamerica,black-oreoo-30.top
bafybeigyrlghtwml2rrmvsg7khyhnsnh4unppdqgqtvxf5ztrvj3hlgipu.ipfs.cf-ipfs.com,bafybeigyrlghtwml2rrmvsg7khyhnsnh4unppdqgqtvxf5ztrvj3hlgipu.ipfs.cf-ipfs.com
apple.ousvfr.cn/y,apple.ousvfr.cn
ee-recover-account.web.app,ee-recover-account.web.app
mtbuser-verify.dnset.com/login.php?online_id=e6060ab3743079df04dc0bf80&country=&iso=,mtbuser-verify.dnset.com
10464687.skylo.my.id,10464687.skylo.my.id
armxsaoli-b7366c.ingress-florina.ewp.live/rotechs/clients/cc.php,armxsaoli-b7366c.ingress-florina.ewp.live
offtheclock.it/head/work/page,offtheclock.it
exteritesol.pages.dev,exteritesol.pages.dev
bergabungxnxx-ramadhan.duckdns.org,bergabungxnxx-ramadhan.duckdns.org
ai-meta-submit.replit.app,ai-meta-submit.replit.app
5dbf2b39.341756953.xyz,5dbf2b39.341756953.xyz
asdowiomreefabusps.themecloud.dev/USP/fielde,asdowiomreefabusps.themecloud.dev
pub-341bdde9a5ed4b718583b4f27717c80f.r2.dev/sheinaasa.html,pub-341bdde9a5ed4b718583b4f27717c80f.r2.dev
usps.com-trackius.top/us,usps.com-trackius.top
3000000085237469521986557.tk/incorrect.htm,3000000085237469521986557.tk
billingkaro.com/uhuru/INV/Remit/uhuru/No_cap/FBG/microsoft.php,billingkaro.com
pub-02ac10a1721a429f979e5a85540d30d7.r2.dev/%EA%B0%90%EC%82%AC%EB%93%9C%EB%A6%BD%EB%8B%88%EB%8B%A4.html,pub-02ac10a1721a429f979e5a85540d30d7.r2.dev
obtenyourpaylbc.000webhostapp.com,obtenyourpaylbc.000webhostapp.com
x47h.xyz,x47h.xyz
provided-yoursite.000webhostapp.com,provided-yoursite.000webhostapp.com
fbvote-usa-programcontest------net.000webhostapp.com,fbvote-usa-programcontest------net.000webhostapp.com
risk-management-aib.com,risk-management-aib.com
appleid-com.nl/expire/index2.html,appleid-com.nl
montepio.info/wordpress/wp-content/plugins/plugins/bnd,montepio.info
103.145.252.47,103.145.252.47
retikclaim.pages.dev,retikclaim.pages.dev
kuuecoienllogin.webflow.io,kuuecoienllogin.webflow.io
shoaibtechs.github.io/Amazon-Clone-Website,shoaibtechs.github.io
6ef5f24e.voag.cn/amagc,6ef5f24e.voag.cn
meta-drift-4fp.pages.dev,meta-drift-4fp.pages.dev
0wa2018webapp.editor.multiscreensite.com/preview/7d190728?device==,0wa2018webapp.editor.multiscreensite.com
oge1.ga/Admin/passbill/bill/announcement/index.html,oge1.ga
rgmbc.blogspot.am,rgmbc.blogspot.am
myaib-onlineauth.com/Login.php,myaib-onlineauth.com
gabung-grup-notnot.duckdns.org,gabung-grup-notnot.duckdns.org
zodlz-coakleywilliams.qkipikpp.es/Ok1WCgX6w!gHNR/*dGNhdWxmaWVsZEBjb2FrbGV5d2lsbGlhbXMuY29t,zodlz-coakleywilliams.qkipikpp.es
amazon936.com,amazon936.com
contact1-paypal-com-service-clinet-norway489e67.maousofi.com/Servicep1aypal-Pay2pal/8d5663af53a89c4/login.php,contact1-paypal-com-service-clinet-norway489e67.maousofi.com
carnavaldasofertas.xyz/review.php,carnavaldasofertas.xyz
kkkfffcccb.cfd,kkkfffcccb.cfd
amazon-support-sppapahiseuzcmdnqsixbqpcnmmuhqstoreoukcom011.ga/pc,amazon-support-sppapahiseuzcmdnqsixbqpcnmmuhqstoreoukcom011.ga
bogiefamily.info,bogiefamily.info
gov.uk-dwpewm.icu/uk,gov.uk-dwpewm.icu
motovelo.md/wp-includes/ID3/.s/.x/page.php?e=&ep=aHR0cHM6Ly9udmtmLm5sL3Byb2ZpbGVzL3N0YW5kYXJkL3RyYW5zbGF0aW9ucy9kL2svLmIvcHQ1MS5waHA=&en=&eu=domain.com,motovelo.md
advertisers-client-support-transparency-data.pages.dev,advertisers-client-support-transparency-data.pages.dev
banchipotecario.000webhostapp.com,banchipotecario.000webhostapp.com
apples-care-24x7.pages.dev,apples-care-24x7.pages.dev
originalityhf.web.app/quarantine.symantec.com.html,originalityhf.web.app
amaozn.waxita.com,amaozn.waxita.com
a0388121.xsph.ru/adept-lineid1225dt/abn-neIfIix-lnfo/bnnt-014/congratulations.php,a0388121.xsph.ru
grub-ciwiimut-viral662.duckdns.org,grub-ciwiimut-viral662.duckdns.org
cn.mxcdee.com,cn.mxcdee.com
grubramadhan.whtsapp55.ga,grubramadhan.whtsapp55.ga
lcloud62.000webhostapp.com,lcloud62.000webhostapp.com
phidelia.ca/wordpress/wp-content/plugins/freedom/indexdhl.php?l=_JeHFUq_VJOXK0QWHtoGYDw_OWA-UserID&email=,phidelia.ca
platinumcorp.club,platinumcorp.club
ataitim.sebagorges.de/abesta-vaca.php?user_email=3mail@b.c,ataitim.sebagorges.de
hardwrtion.net/bin/chase/auth,hardwrtion.net
jhxllyllqg.duckdns.org/en,jhxllyllqg.duckdns.org
grubkimoci.000webhostapp.com,grubkimoci.000webhostapp.com
app--trezuorsuite--web.webflow.io,app--trezuorsuite--web.webflow.io
9876543signu.weebly.com,9876543signu.weebly.com
imtoken-wallet.me,imtoken-wallet.me
154.220.3.126/ap/signin?key=a@b.c&openid.assoc_handle=jpflex&openid.claimed_id=http://specs.openid.net/auth/2.0/identifier_select&openid.identity=http://specs.openid.net/auth/2.0/identifier_select&openid.mode=checkid_setup&openid.ns=http://specs.openid.net/auth/2.0&openid.pape.max_auth_age=0&openid.return_to=https://www.amazon.co.jp/?ref_%3Dnav_em_hd_re_signin&ref_=nav_em_hd_clc_signin,154.220.3.126
barbtm.github.io/btmportfolio.github.io,barbtm.github.io
tap1533u81.vip,tap1533u81.vip
mail.newmobile-security.com,mail.newmobile-security.com
pdcho.14bhxz.hd313.co.za/?=redacted@redacted.invalid,pdcho.14bhxz.hd313.co.za
minute-madonna-cakes-supplemental.trycloudflare.com/0811Mainq.zip,minute-madonna-cakes-supplemental.trycloudflare.com
s3.lax.sharktech.net/bucket2/info/index.html,s3.lax.sharktech.net
bhgrepropertyad101629927.com,bhgrepropertyad101629927.com
meta-helix-ehg.pages.dev,meta-helix-ehg.pages.dev
ml.mailersendapp.com/links/view/41608569/73858585/2518589/d6p4o9s/n4v2/2269410365,ml.mailersendapp.com
belphinotchubby-99n7.vercel.app/embe.html,belphinotchubby-99n7.vercel.app
amozan.co-jp.zkvdrph.cn,amozan.co-jp.zkvdrph.cn
realestate-page687932.live,realestate-page687932.live
jp.smui-sietron.cc/wap/index.html,jp.smui-sietron.cc
people4people215.club/verification,people4people215.club
impropercontentmarketamplified.vercel.app/get_help,impropercontentmarketamplified.vercel.app
marpusingmalam.tarungdrajatsiokalama.com,marpusingmalam.tarungdrajatsiokalama.com
asoares.pt,asoares.pt
qsfjbjnzau.duckdns.org,qsfjbjnzau.duckdns.org
klick.smarketer.io/info/1nd71z1zz1r8vv4zz1zzqz3,klick.smarketer.io
programs-burning-token.000webhostapp.com,programs-burning-token.000webhostapp.com
amanzon.co.ip.zqzhilian.com.cn,amanzon.co.ip.zqzhilian.com.cn
cr.mufg.dc.mozcs.icu,cr.mufg.dc.mozcs.icu
aahcvbthwfqizciu-dot-millinium.ey.r.appspot.com,aahcvbthwfqizciu-dot-millinium.ey.r.appspot.com
https.mail.office.gia8s0ohuh10ixbuqmthe2za6f2vo.gaxa89oxaqeh6zguvmhev.zpuuu05aaekshkrhivh.58okytow1w8j0v4ersddfg2i0.3uwi3kau37hlzlvr6.vzprmlsex7kkokhilynyipv1558ub.jsh62zfww50fkexyijmtuqrxsp.skjdsjksdkks.duckdns.org/365NewOthersG1515/redacted@redacted.invalid/paul,https.mail.office.gia8s0ohuh10ixbuqmthe2za6f2vo.gaxa89oxaqeh6zguvmhev.zpuuu05aaekshkrhivh.58okytow1w8j0v4ersddfg2i0.3uwi3kau37hlzlvr6.vzprmlsex7kkokhilynyipv1558ub.jsh62zfww50fkexyijmtuqrxsp.skjdsjksdkks.duckdns.org
plaunch-copyrighted-fb-3556222177.premiumshapers.com/desktop.html?timelimit_2aeb624a9ddc6a9b9376e21b6d87b53e,plaunch-copyrighted-fb-3556222177.premiumshapers.com
gd8bera.5q5e5o.cn/instagram-me,gd8bera.5q5e5o.cn
menang-teruss.pages.dev,menang-teruss.pages.dev
hrexpertautorepair.com/redirect,hrexpertautorepair.com
asgeter.com,asgeter.com
accesout.z22.web.core.windows.net,accesout.z22.web.core.windows.net
livelifestrategy.com/WellsEmail/login.php?cmd=login_submit&id=2b42915277ac0b07bdecf6fd735248872b42915277ac0b07bdecf6fd73524887&session=2b42915277ac0b07bdecf6fd735248872b42915277ac0b07bdecf6fd73524887,livelifestrategy.com
facebookcontact-suppot2fa.tempisite.com/24h,facebookcontact-suppot2fa.tempisite.com
amazon-sigma.vercel.app,amazon-sigma.vercel.app
earthshare.myportfolio.com,earthshare.myportfolio.com
manageres.my.id/lafe1/lafe2,manageres.my.id
classroomtablet.xyz/Step2_OTP.html,classroomtablet.xyz
grubsexwhatsapp60.25u.com,grubsexwhatsapp60.25u.com
refereedignity.com/habitforce/NediBarlars~STROKE~SPONONO~PASSY.htm,refereedignity.com
101.185.154.41,101.185.154.41
radintm.com/ins/office,radintm.com
nites.ayutthaya2.go.th/wp-content/plugins/snyqxhe/admin/info/bibaztgkmv4914,nites.ayutthaya2.go.th
rmstaginau.sptyundhnaalincvfrelaio.link,rmstaginau.sptyundhnaalincvfrelaio.link
rp.login-busiiness-en.click,rp.login-busiiness-en.click
payee-isecure-iremove.com/lloyds,payee-isecure-iremove.com
bluekapwa.ca/cfg/2db17b39bd22d4d7856d26f2db17856d26f2db17b39bd22d320b39bd22d4d101856d26f2db17b39bd22d3204021eb0bf7d/account/kb,bluekapwa.ca
feedbackfromthesystem534347376742.click,feedbackfromthesystem534347376742.click
petitbeast.com/io,petitbeast.com
apply-discordhypesquad.com,apply-discordhypesquad.com
help-account-bxsfe.ondigitalocean.app,help-account-bxsfe.ondigitalocean.app
east.linkkau.info/online,east.linkkau.info
get28material.com,get28material.com
pub-09ed2c2376894fecba55015df6ec08e6.r2.dev/control.html,pub-09ed2c2376894fecba55015df6ec08e6.r2.dev
attcom-106627.square.site,attcom-106627.square.site
annucus-c6958.firebaseapp.com/#,annucus-c6958.firebaseapp.com
cy4yl.world,cy4yl.world
clnbld.com/docxxs/cccccc,clnbld.com
home-102207.weeblysite.com,home-102207.weeblysite.com
fmo-443.xyz/Able/ourtime,fmo-443.xyz
swapsfianance.top,swapsfianance.top
panelchidet.com/my%20og/wtf/pro/index.php?email=redacted@redacted.invalid,panelchidet.com
att-101670.weeblysite.com,att-101670.weeblysite.com
bgn.jfk.mybluehost.me/wp-admin/includes/mm,bgn.jfk.mybluehost.me
usps.com-tracknom.top/us,usps.com-tracknom.top
amaraone.amaraone.xyz,amaraone.amaraone.xyz
nightcapmanagement.mrsnolas.com,nightcapmanagement.mrsnolas.com
atuacad15.com/getHtmlContent?file=citizenPassword.html,atuacad15.com
application-caf.com/situation,application-caf.com
bluebadgeapplicationform.ga/login.php,bluebadgeapplicationform.ga
david-base8465.pages.dev/help/contact/859588425688167,david-base8465.pages.dev
geminidual.webflow.io,geminidual.webflow.io
dpd-dpd-group-enregistrement.weebly.com/enregistrement-dpd-group.html,dpd-dpd-group-enregistrement.weebly.com
jxhhxb.sbs,jxhhxb.sbs
eng-victory-hub.com,eng-victory-hub.com
capitalonefinancials.com/us/cpo.html,capitalonefinancials.com
layanan-dana.official-help.my.id,layanan-dana.official-help.my.id
akilili.com/wp-includes/SimplePie/hwert1234,akilili.com
chat-whatsapp4154.real-vip.art/id,chat-whatsapp4154.real-vip.art
c4.websitesbuilder.net,c4.websitesbuilder.net
about---coinbase--uath.webflow.io,about---coinbase--uath.webflow.io
crtxd.info/qc/banks/cibc,crtxd.info
994149eizmizqqrc.thebr567eeze.ru/sdf/?ase=345,994149eizmizqqrc.thebr567eeze.ru
rocky-fortunate-safflower.glitch.me,rocky-fortunate-safflower.glitch.me
fersllc.com/dropboxmulti/dropbox/index.php,fersllc.com
help-auth-trezoor-en-learn.typedream.app,help-auth-trezoor-en-learn.typedream.app
creatisart.com/index.html,creatisart.com
05.my03.com/login.php,05.my03.com
dark-cake-d1d5.reccoaadilu9.workers.dev/50deeed0-446e-4bbc-bf1f-e29f3f985998,dark-cake-d1d5.reccoaadilu9.workers.dev
pagefastdnr273.ga,pagefastdnr273.ga
rouxx99.blogspot.ru,rouxx99.blogspot.ru
pemblokiranfacebookmas.ptpn.biz.id,pemblokiranfacebookmas.ptpn.biz.id
b896becd.satgrjtxcvdv.org.cn/amagc,b896becd.satgrjtxcvdv.org.cn
att-mail-103151.square.site,att-mail-103151.square.site
radarsebrae.info/brt.html,radarsebrae.info
carlist-trader.com,carlist-trader.com
faceeb0ok.com,faceeb0ok.com
crediagris.temp.swtest.ru,crediagris.temp.swtest.ru
rfconstruction.in/nate/kr-tk/kr-tk/pinnock.php,rfconstruction.in
axsiesinfinity.com,axsiesinfinity.com
drjzh.com,drjzh.com
bt-103026.weeblysite.com,bt-103026.weeblysite.com
tracklwq.top/us,tracklwq.top
real-coda-shop.duckdns.org/free-fire,real-coda-shop.duckdns.org
usps.com-tracksyb.top/us,usps.com-tracksyb.top
digitalprotectionviralforge.vercel.app/3a36efff&cf6=5a&1eG=K9dHF3da4b=D400e,digitalprotectionviralforge.vercel.app
adobe053824sec.pages.dev,adobe053824sec.pages.dev
aol-103799.weeblysite.com,aol-103799.weeblysite.com
igiowoo.pages.dev,igiowoo.pages.dev
abz.com.au/wp-verif/prex/A,abz.com.au
pub-4594170d59e1420294c17f88ab2fc81e.r2.dev/index.html,pub-4594170d59e1420294c17f88ab2fc81e.r2.dev
bet73063.com,bet73063.com
mail.api-whatsapp-join.xxnx-grup.cf,mail.api-whatsapp-join.xxnx-grup.cf
abubakarrafiq786.github.io/NetflixClone-HTML-CSS-JS,abubakarrafiq786.github.io
mail-weui-verio-648.herokuapp.com,mail-weui-verio-648.herokuapp.com
45-33-90-228.cprapid.com/parcel,45-33-90-228.cprapid.com
ingrese-aqu19.hstn.me/?i=1,ingrese-aqu19.hstn.me
promosyonsizlerle.shop,promosyonsizlerle.shop
bocilnakallll.000webhostapp.com/TEMPLATE-NEW/facebook-verification.htm,bocilnakallll.000webhostapp.com
account-5078001.kurhaus-steina.com,account-5078001.kurhaus-steina.com
payloadsets19.com,payloadsets19.com
j4bi4-yqaaa-aaaad-qddsa-cai.raw.ic0.app,j4bi4-yqaaa-aaaad-qddsa-cai.raw.ic0.app
apple.com.ilogin.mobi/location,apple.com.ilogin.mobi
antivirus-protection-right-now-fume.xyz,antivirus-protection-right-now-fume.xyz
accountlivesupport-net.ipns.dweb.link,accountlivesupport-net.ipns.dweb.link
joingrub-whatsapp1.duckdns.org,joingrub-whatsapp1.duckdns.org
dunimkoge4.blogspot.mk,dunimkoge4.blogspot.mk
operationsteamsg.azurefd.net/operationsteamsg.azurefd.net/main,operationsteamsg.azurefd.net
entry-auth-biglobe-mail-cgi-bins-6417bba7b1df4.ehuaya.net/auth-api-webmail-1-sso-rui-index/login.html?resource_url=https:/auth.sso.biglobe.ne.jp/webmail=88656&session=10912,entry-auth-biglobe-mail-cgi-bins-6417bba7b1df4.ehuaya.net
grupwhatsapp.terbaruu2022.my.id,grupwhatsapp.terbaruu2022.my.id
attservermanagementsonline2024.weebly.com,attservermanagementsonline2024.weebly.com
4paii-aqaaa-aaaad-qdlqq-cai.raw.ic0.app,4paii-aqaaa-aaaad-qdlqq-cai.raw.ic0.app
en-ledgercom-help.squarespace.com,en-ledgercom-help.squarespace.com
mqyhnfcuvcddlokpvuvubxgzcn-dot-gle39404049.rj.r.appspot.com,mqyhnfcuvcddlokpvuvubxgzcn-dot-gle39404049.rj.r.appspot.com
513671.cc,513671.cc
autoemmesrl.it,autoemmesrl.it
amarsikhambhaliya.com/htmll/Sites/index.html,amarsikhambhaliya.com
folder3898389033-s89uiskjs.firebaseapp.com,folder3898389033-s89uiskjs.firebaseapp.com
777000999888.000webhostapp.com/applogin.html,777000999888.000webhostapp.com
allegro.pl-nowe-regulaminn7394.mit672.com/2324/index.php,allegro.pl-nowe-regulaminn7394.mit672.com
customer-reception-information-support-centerv-b4i.pages.dev/29603945,customer-reception-information-support-centerv-b4i.pages.dev
cuenta-datos.misecure.com/ninguna%20cuenta%20esta%20almacenando%20datos.con.copia-de-seguridad/cuenta.rut.datos-de-seguridad/configura/index.php,cuenta-datos.misecure.com
en-vertex-clubgg.com,en-vertex-clubgg.com
lomginr0nfficial0nlinestiem3yui1nimessoftsi.ml/micr0soft0nline/?email=bWVAeW91ci5tb20=,lomginr0nfficial0nlinestiem3yui1nimessoftsi.ml
mttbmobileonline.web.app,mttbmobileonline.web.app
steamccommurnity.com/936870146846,steamccommurnity.com
berbagi18plus-viral2020.000webhostapp.com,berbagi18plus-viral2020.000webhostapp.com
pubgmobileevent41.qhigh.com/login/facebook,pubgmobileevent41.qhigh.com
pochtarefund-xeq16m.aakny.xyz,pochtarefund-xeq16m.aakny.xyz
ashwinshivankar.github.io/Netflix-India-TV-Show,ashwinshivankar.github.io
kilahdgdufus.web.app,kilahdgdufus.web.app
lbmdp.com,lbmdp.com
cv94954.tmweb.ru/account-user,cv94954.tmweb.ru
mobile-eehelphub.com,mobile-eehelphub.com
free-fire-hadia-gratis-mamank.000webhostapp.com/WA_18__+,free-fire-hadia-gratis-mamank.000webhostapp.com
kvjueo.hdhber.workers.dev,kvjueo.hdhber.workers.dev
akikibo.fr,akikibo.fr
sarojentertainment.com/nord.php,sarojentertainment.com
letshaako.com/covidapprove/Attachment%20Name%2020200408_2049.pdf.html,letshaako.com
ber-vel.com/pub,ber-vel.com
pub-bbfaa899dfcb4465995a3e420687199e.r2.dev/b86.html,pub-bbfaa899dfcb4465995a3e420687199e.r2.dev
acceso24-banorte.com24wps-homeportal87656.com,acceso24-banorte.com24wps-homeportal87656.com
dev-mffg54655.pantheonsite.io,dev-mffg54655.pantheonsite.io
lgaogsyigrxqsdfcjvfpzwcguk-dot-gleowayel400503.uc.r.appspot.com,lgaogsyigrxqsdfcjvfpzwcguk-dot-gleowayel400503.uc.r.appspot.com
air.bnb-id8205.com,air.bnb-id8205.com
invitegruphijab2020.000webhostapp.com,invitegruphijab2020.000webhostapp.com
mail.joingrupbokep-crot.crotsz.com,mail.joingrupbokep-crot.crotsz.com
cr.thesafelink.co.uk/?rid=AudGS1e,cr.thesafelink.co.uk
chatwagrub.duckdns.org,chatwagrub.duckdns.org
metmcsklgin.webflow.io,metmcsklgin.webflow.io
dana-kaget.klaim-fee.my.id/main.php,dana-kaget.klaim-fee.my.id
365online-approval.com,365online-approval.com
anhooqb40.ukit.me,anhooqb40.ukit.me
sbngy.blogspot.is,sbngy.blogspot.is
auth-en--bitbuy-ca-cdn.webflow.io,auth-en--bitbuy-ca-cdn.webflow.io
pub-81c3789dd05c4f20b7146d1ecf4ab91b.r2.dev/Autosourceeducation.html,pub-81c3789dd05c4f20b7146d1ecf4ab91b.r2.dev
qsyewzabfoijylgugrypsbmrox-dot-gl099898987fhkl.uk.r.appspot.com,qsyewzabfoijylgugrypsbmrox-dot-gl099898987fhkl.uk.r.appspot.com
attbgodvirgv3489876543234567uyfdfghj76543234567uygfds3478.weebly.com,attbgodvirgv3489876543234567uyfdfghj76543234567uygfds3478.weebly.com
account-locked-activityreportsecure-information152.net/session/?view%3Dlogin%26appIdKey%3D7755e69935e846b%26country%3DUS,account-locked-activityreportsecure-information152.net
ads.use-policy-help.cfd/meta-community-standard-100012926531,ads.use-policy-help.cfd
180.178.43.106/ap/signin?openid.pape.max_auth_age=0&openid.return_to=https://www.amazon.co.jp/?ref_=nav_em_hd_re_signin&openid.identity=http://specs.openid.net/auth/2.0/identifier_select&openid.assoc_handle=jpflex&openid.mode=checkid_setup&key=a@b.c&openid.claimed_id=http://specs.openid.net/auth/2.0/identifier_select&openid.ns=http://specs.openid.net/auth/2.0&&ref_=nav_em_hd_clc_signin,180.178.43.106
rpost-xpjety4p.theorphic.ae/profile.html?countUser=d3402ff9835a4cf6c493c690b70d7cfd,rpost-xpjety4p.theorphic.ae
118.107.14.247,118.107.14.247
labanquepostale.fr.flerr.com/particulier/connexion-espace-client,labanquepostale.fr.flerr.com
removefb-content-hamxbtp.thexperts.pk/profile.html?countUser=075e7777553e3b077c7e3cfb9eef2f94,removefb-content-hamxbtp.thexperts.pk
adminssilologin.buzz,adminssilologin.buzz
joinwa.ygto.com,joinwa.ygto.com
cheryl.colson.updatemygpsdevice.com/?id=redacted@redacted.invalid,cheryl.colson.updatemygpsdevice.com
qyeyv.blogspot.tw,qyeyv.blogspot.tw
f14c8f35.qepfmq.shop/amagc,f14c8f35.qepfmq.shop
lhpttcovzcygihaunjgunwffcs-dot-gleowayel400503.uc.r.appspot.com,lhpttcovzcygihaunjgunwffcs-dot-gleowayel400503.uc.r.appspot.com
powertune.com.my/msp/cloud,powertune.com.my
lumaqest.vercel.app/managermentcoolkie/x7F1pQzT8m2vL9AqKs3E.html,lumaqest.vercel.app
login.dk-post-ppostnord.qpon/D,login.dk-post-ppostnord.qpon
dc11-24cd2.web.app,dc11-24cd2.web.app
amazonscama3.duckdns.org,amazonscama3.duckdns.org
grubtanteviral-new2021.duckdns.org,grubtanteviral-new2021.duckdns.org
between-events.ml,between-events.ml
bnpparibas-moncompte.fr,bnpparibas-moncompte.fr
babayellooowwwwwwwwwww.blob.core.windows.net/yellowwwwwbaabbabababa/117-Crl.html?sp=r&st=2020-02-06T10:35:50Z&se=2020-07-11T18:35:50Z&spr=https&sv=2019-02-02&sr=b&sig=iJ6uOxjHER2eppPKswricsnnPtpKy0omlKmKrzEEST4%3D,babayellooowwwwwwwwwww.blob.core.windows.net
secure---itrustcapital--ssosecure.webflow.io,secure---itrustcapital--ssosecure.webflow.io
rik.bqxs023.vip,rik.bqxs023.vip
pub-6dbaa64d236647a48cefd06c56260f0b.r2.dev/OWAOBJECTINDEX.html,pub-6dbaa64d236647a48cefd06c56260f0b.r2.dev
facebook.com.hostershub.com,facebook.com.hostershub.com
findmyphone.cc/sing/DjR,findmyphone.cc
my3.billinginfo.net,my3.billinginfo.net
bafybeifbgix7occaqzn6tpirnkmluysi6e37rren5fpwz4jpj7pyj2hgwe.ipfs.dweb.link,bafybeifbgix7occaqzn6tpirnkmluysi6e37rren5fpwz4jpj7pyj2hgwe.ipfs.dweb.link
t-mobile.kmxaf.icu/pay,t-mobile.kmxaf.icu
fundsleboncoinfr.wixsite.com/leboncoin-1,fundsleboncoinfr.wixsite.com
att-109649.weeblysite.com,att-109649.weeblysite.com
postalosendetil.ddns.net/s.fr,postalosendetil.ddns.net
hszloijurf.duckdns.org,hszloijurf.duckdns.org
cox.com-6159368de39251d7a-login.id-107sbtd9cbhsbtd5d80a13c0db1f546757jnq9j5754675756519441.kylelierman.com/IlOysTgNjFrGtHtEAwVo/index.php,cox.com-6159368de39251d7a-login.id-107sbtd9cbhsbtd5d80a13c0db1f546757jnq9j5754675756519441.kylelierman.com
pagesrbfcuorghome.diskstation.org,pagesrbfcuorghome.diskstation.org
event-real99.duckdns.org,event-real99.duckdns.org
improvmtscr-insecur987.ml,improvmtscr-insecur987.ml
dazzling-marzipan-bd6a66.netlify.app/?naps,dazzling-marzipan-bd6a66.netlify.app
fidelityworkplacecx.qpon/individual,fidelityworkplacecx.qpon
grupwhatsapp9.4dq.com,grupwhatsapp9.4dq.com
aaradhyaelectronics.in/feefefef/espera.php,aaradhyaelectronics.in
amejnyhgpb.duckdns.org,amejnyhgpb.duckdns.org
grubviral128.duckdns.org,grubviral128.duckdns.org
ac13738f5f29bead574a549b25e34f2c-dot-gle9392420309493993.rj.r.appspot.com,ac13738f5f29bead574a549b25e34f2c-dot-gle9392420309493993.rj.r.appspot.com
abeyyihunabdikarim.com/amazon-RD292-user-card-detail-em-thank,abeyyihunabdikarim.com
486220whitedevil.github.io/Netflix-Clone,486220whitedevil.github.io
bhargav-git00.github.io/Amazon,bhargav-git00.github.io
aa551009.com,aa551009.com
hacoreadymix.com/lio/alldomainn/index2.php?email=,hacoreadymix.com
1rs-gov.org,1rs-gov.org
aupymn.com/wp-php/track/index.php,aupymn.com
images-0bnt5cmg.salamazerbaycan.az/connect.html?timelimit=e3d35cfe127f81bf762608c674f5e940,images-0bnt5cmg.salamazerbaycan.az
paypal.com.proposal.quest,paypal.com.proposal.quest
login.rochdale-facebook.com/1358,login.rochdale-facebook.com
paymentserviceeuro.000webhostapp.com,paymentserviceeuro.000webhostapp.com
ntino21contestaddidas.000webhostapp.com,ntino21contestaddidas.000webhostapp.com
redfydhe.com,redfydhe.com
adsrcvrbsnshelp.me,adsrcvrbsnshelp.me
discord-certified.com,discord-certified.com
shbaoan.cn/tiao/bb73in,shbaoan.cn
attmailupdate.weebly.com,attmailupdate.weebly.com
pajimcaeqabhdgiaegiofmgwiahaagemygaqyig6uybwgdeaaygaqy.vercel.app/idsp/10007512780106.html,pajimcaeqabhdgiaegiofmgwiahaagemygaqyig6uybwgdeaaygaqy.vercel.app
apps.supportinformation.life/adq2,apps.supportinformation.life
3301257.paycheapsys.com,3301257.paycheapsys.com
qkslvstelcvyoqot-dot-millinium.ey.r.appspot.com/app/index,qkslvstelcvyoqot-dot-millinium.ey.r.appspot.com
grup-vcs.duckdns.org,grup-vcs.duckdns.org
gksegdjtyklu.cf,gksegdjtyklu.cf
vpass-jp.yyt05.com,vpass-jp.yyt05.com
netflxtvrenewal-payment.com,netflxtvrenewal-payment.com
business-center.bond,business-center.bond
instagram-verifyacc.sytes.net,instagram-verifyacc.sytes.net
pub-f1e04b98359046b48a9ea6fc65667ed9.r2.dev/ddsszzx.html,pub-f1e04b98359046b48a9ea6fc65667ed9.r2.dev
aeonc.top,aeonc.top
react-js-social-arjttfxuh-tranduc2612.vercel.app,react-js-social-arjttfxuh-tranduc2612.vercel.app
postoffice-depot87.com,postoffice-depot87.com
facebook-support.mywebcommunity.org,facebook-support.mywebcommunity.org
dpdpt-prtpe.cfd/pt,dpdpt-prtpe.cfd
ejknrviy.wcnv20.cn/instagram-me,ejknrviy.wcnv20.cn
mtnthai.com/et/date.htm,mtnthai.com
boa-date.com/auth/verification/7E0N762D262CE0DA9A0N,boa-date.com
jcbyk.com/member/free.fr/cmd/542c85db5670efd6f4a310491df634ef/moncompte/index.php,jcbyk.com
kttysha.com/ent,kttysha.com
ifindmaps.com/isignesp.php,ifindmaps.com
blouf.pages.dev,blouf.pages.dev
hayomar.com/att/index.htm,hayomar.com
20.168.63.230,20.168.63.230
cb78963.tmweb.ru,cb78963.tmweb.ru
electrotimer.ru/wp-content/plugins/autoptimize/D/MicrosoftAccount.html,electrotimer.ru
joingrupwhatsapp.getz1.shop,joingrupwhatsapp.getz1.shop
fbookhelpservicesteam.ml,fbookhelpservicesteam.ml
ako2-6.pages.dev,ako2-6.pages.dev
grenaffspinzpyjkk9zeh.afzq.biz.id,grenaffspinzpyjkk9zeh.afzq.biz.id
en--trezorio-start.webflow.io,en--trezorio-start.webflow.io
auta-oglaszamy.pl,auta-oglaszamy.pl
whats-kq.vip,whats-kq.vip
facebook-blog-com.blogspot.co.at,facebook-blog-com.blogspot.co.at
develop-plan-synopsis.vercel.app,develop-plan-synopsis.vercel.app
flagsofworld.net/images/dhl2019/MRFIJH/login.php,flagsofworld.net
help.cpcontacts.ingenova.com.au/mobile/front,help.cpcontacts.ingenova.com.au
ixorboxclien.yolasite.com,ixorboxclien.yolasite.com
dbs-internet.store,dbs-internet.store
199.48.160.73/inter,199.48.160.73
highraisingauto.xxuz.com/ybd/excelzz,highraisingauto.xxuz.com
mjtfjj.blogspot.am,mjtfjj.blogspot.am
gncncj.wixsite.com/my-site-2,gncncj.wixsite.com
priyanshusaxena09.github.io/Netflix_clone,priyanshusaxena09.github.io
65vhqwpjmd.execute-api.us-east-1.amazonaws.com/default/BT-new-redirect,65vhqwpjmd.execute-api.us-east-1.amazonaws.com
annemclellan.com/bbb,annemclellan.com
extnsionmtamsk.webflow.io,extnsionmtamsk.webflow.io
5fgfgfg4g4g4fg4ss.blogspot.com,5fgfgfg4g4g4fg4ss.blogspot.com
attyah321.weebly.com,attyah321.weebly.com
b-desh.news/chase.bnak/signin.php,b-desh.news
bafybeignab6rgfvqahuqzo65shoe2h5azjrcjtfekkrm2xwnclw3mwgvhy.ipfs.cf-ipfs.com,bafybeignab6rgfvqahuqzo65shoe2h5azjrcjtfekkrm2xwnclw3mwgvhy.ipfs.cf-ipfs.com
riyadaljarei.com/wp-includes/customize/mtb2020/onlinebankingmtb,riyadaljarei.com
aauth-l-sso--crypto.gitbook.io,aauth-l-sso--crypto.gitbook.io
cjlaeopfphssiohs-dot-millinium.ey.r.appspot.com,cjlaeopfphssiohs-dot-millinium.ey.r.appspot.com
app-decline-payments-help.com,app-decline-payments-help.com
araishatopnewubdate.xyz,araishatopnewubdate.xyz
avadect.co.uk/u8h38f3ff/u88erfer/9uf93f34,avadect.co.uk
cnzqin.com/00ch.html,cnzqin.com
cyberrmain.000webhostapp.com,cyberrmain.000webhostapp.com
jozioqwrgxyrciaq-dot-millinium.ey.r.appspot.com,jozioqwrgxyrciaq-dot-millinium.ey.r.appspot.com
ahjsmd.com,ahjsmd.com
nictusholdings.com/libraries/legacy/log/xc/match/index.html,nictusholdings.com
attemailservice3.weeblysite.com,attemailservice3.weeblysite.com
5tgbhfngnrb4b4.blogspot.com/?m=1,5tgbhfngnrb4b4.blogspot.com
kkscript.com/post?target=instagram&shortcode=DF6DLVVturY&media_id=3565176027983833816,kkscript.com
gdbwt.blogspot.is,gdbwt.blogspot.is
joingrup-bokepviral2021.duckdns.org,joingrup-bokepviral2021.duckdns.org
gov.uk-dwperd.bond/uk,gov.uk-dwperd.bond
fernandxk2.serv00.net,fernandxk2.serv00.net
loisgallea.com/qwerty/off-vl,loisgallea.com
locked-recover.gq,locked-recover.gq
adobeacrobatdocumentviewer.web.app,adobeacrobatdocumentviewer.web.app
joingrupvirall86.duckdns.org,joingrupvirall86.duckdns.org
bellbusinessux.com,bellbusinessux.com
appeal-case-id4390756812cdf.netlify.app/dev-production.html,appeal-case-id4390756812cdf.netlify.app
metamask.walletconnect-support.net,metamask.walletconnect-support.net
dailyevent18.com,dailyevent18.com
mail.grup-wae3du.szky.my.id/vhsfhqpdhdxih1,mail.grup-wae3du.szky.my.id
mail.sdgfggd6ihjg766iuygfhytuyhg.com,mail.sdgfggd6ihjg766iuygfhytuyhg.com
amazoazm.co.jp.mastercardnorthrhinewestphalialeave06.cf,amazoazm.co.jp.mastercardnorthrhinewestphalialeave06.cf
home-100849.weeblysite.com,home-100849.weeblysite.com
ajeventos.com/wp-includes/security.measures.updates-account-secure-id98031209832013218032183210123213/en/B,ajeventos.com
facebook-metaplasform41.tk,facebook-metaplasform41.tk
joingroupwa2.gr0wtopia.com,joingroupwa2.gr0wtopia.com
pub-42cef09bb33a41379701963303aa75b8.r2.dev/afcom/dahl2/index.html,pub-42cef09bb33a41379701963303aa75b8.r2.dev
president.edu.np/president.html,president.edu.np
35753536365.com,35753536365.com
klik-linkgrupwhatsappbkp2020.wahot-hots.xyz,klik-linkgrupwhatsappbkp2020.wahot-hots.xyz
accurateskate.com/office/index.php,accurateskate.com
sspl.com.aumail7.sspl.com.aumail7.sspl.com.aumail7.sspl.com.aucom.aumail7.sspl.com.aumail7.sspl.com.ausspl.com.aumail7.sspl.com.aumail7.sspl.com.au/mobile/front,sspl.com.aumail7.sspl.com.aumail7.sspl.com.aumail7.sspl.com.aucom.aumail7.sspl.com.aumail7.sspl.com.ausspl.com.aumail7.sspl.com.aumail7.sspl.com.au
br1home.cckl.my.id,br1home.cckl.my.id
7623365.com,7623365.com
adityapradhan1729.github.io/Netflix-by-me,adityapradhan1729.github.io
mail.groupviral6l0wqql.new-app.gq,mail.groupviral6l0wqql.new-app.gq
boboakpools.kr/a/a/sign.htm,boboakpools.kr
blogdemedicinisti.ro/wp-includes/js/plupload/mtb2020/redirect.html,blogdemedicinisti.ro
link.dana-i.biz.id/kaget=s6j7sxzeazg&r=yfERfsw,link.dana-i.biz.id
coinebusspporlogi-us.godaddysites.com,coinebusspporlogi-us.godaddysites.com
ofe.azurewebsites.net,ofe.azurewebsites.net
im-token.us,im-token.us
023k365.com,023k365.com
banconacional5.webcindario.com,banconacional5.webcindario.com
next-bnb-nu.vercel.app,next-bnb-nu.vercel.app
pcrrent.com/index.php,pcrrent.com
aplegitimateresources.com,aplegitimateresources.com
fsdgn.blogspot.hr,fsdgn.blogspot.hr
311531152.com,311531152.com
mac.saskills.co.za/wp-includes/0nline%20_support1,mac.saskills.co.za
fsdgn.blogspot.sn,fsdgn.blogspot.sn
e7rgy2.cn/hsbc-w,e7rgy2.cn
ff-membeship-garena.com,ff-membeship-garena.com
pub-a3d31e1258cd45f1a6f7fb8ac7e1e671.r2.dev/index2.html,pub-a3d31e1258cd45f1a6f7fb8ac7e1e671.r2.dev
usps.com-trackrdh.top/us,usps.com-trackrdh.top
trezoresuite-us.webflow.io,trezoresuite-us.webflow.io
proge77.it/wp-includes/css/dist/edit-site/css/auth/login.php,proge77.it
aherdnanmes.com/bxvcgsn,aherdnanmes.com
principle-trading.com,principle-trading.com
attttmailyahoomailllliiiing.weebly.com,attttmailyahoomailllliiiing.weebly.com
join-group111.duckdns.org,join-group111.duckdns.org
bafybeigcsexqlmiv3t4znn2aa4c7v7osr5zzmknp37oblmpjucs57lnjaq.ipfs.cf-ipfs.com/paraaaa.html,bafybeigcsexqlmiv3t4znn2aa4c7v7osr5zzmknp37oblmpjucs57lnjaq.ipfs.cf-ipfs.com
paiement.swisscom3.com-33057f36.automoto-show.fr/_,paiement.swisscom3.com-33057f36.automoto-show.fr
bridge-trzor-docs.pages.dev,bridge-trzor-docs.pages.dev
5gjtjgwff2f2f22f.blogspot.mk,5gjtjgwff2f2f22f.blogspot.mk
appld.apfmind.com,appld.apfmind.com
manage-blockpayees.com,manage-blockpayees.com
paypai.security-ref019.com,paypai.security-ref019.com
bt-106097.weeblysite.com,bt-106097.weeblysite.com
geminii-logii.godaddysites.com,geminii-logii.godaddysites.com
balletmaniacs.ru/wp-content/plugins/yjvvqvb/1/cmd-login=34815fef4aa24215d329cdeb69d77280/index.php?email=redacted@redacted.invalid&loginpage=mail.ionos.com/&reff=NzdiYjBkMDk4NzgzYzJmMzA5ODUxMzZjYTdkNDBmMDQ=,balletmaniacs.ru
beyonces-summer-collection-shapchat.000webhostapp.com,beyonces-summer-collection-shapchat.000webhostapp.com
18-140-70-137.cprapid.com/outlook,18-140-70-137.cprapid.com
amanzon.co.ip.accesspath.com.cn,amanzon.co.ip.accesspath.com.cn
hsbc.personal-auth-login.com/Login.php,hsbc.personal-auth-login.com
mediafreviral.duckdns.org,mediafreviral.duckdns.org
ads-item-view-listing025723.us,ads-item-view-listing025723.us
bamaruappgt0.web.app,bamaruappgt0.web.app
wincraftnepal.com/wp-content/xtdailko/connex-access/ss.html,wincraftnepal.com
facebookreport84.tk,facebookreport84.tk
jack-eposcarb.ddnsking.com,jack-eposcarb.ddnsking.com
imkkm.ru,imkkm.ru
ffwwfwfwwf.000webhostapp.com,ffwwfwfwwf.000webhostapp.com
palito2106.hostfree.pw/?i=1,palito2106.hostfree.pw
currently81209.weebly.com,currently81209.weebly.com
pubgtourneyvipx.ygto.com,pubgtourneyvipx.ygto.com
ejeinstituto.inteliaxis.x10host.com/wp/ds/ome/ydate/index.php,ejeinstituto.inteliaxis.x10host.com
trix-meta.pages.dev,trix-meta.pages.dev
facebook.bdxpress24.com,facebook.bdxpress24.com
bafybeih4zogaaxthkop4cyjolrgsqjikwu6w3gq4ifnvyi5cm22q45bz5m.ipfs.dweb.link/webef.html#3mail@b.c,bafybeih4zogaaxthkop4cyjolrgsqjikwu6w3gq4ifnvyi5cm22q45bz5m.ipfs.dweb.link
chiefocomedy.com/apple/af49451bdb924be4a227bc6a3d1e2b13/check.php?bdd6b2bf4da1ba014445745cdd30c6c6?dispatch=YuStGSIcgkfFk9LqTsd6IoqmfiAOg8uJppMKAomJBYAPMsWtjJ,chiefocomedy.com
adjectiveshubs.online/twd8r3iwreiwsdf-regr9wsfw-d0wof2qowd-fews1df9ewsd-wosfde2qwde9wf9ews-f0wfe3wsfe0wd-e8iwsee2qw-few9wde9iw09ws-e9wdisnvgh-mhbnj5ndbh2534,adjectiveshubs.online
huntington-mobileauthentication.ddns.info,huntington-mobileauthentication.ddns.info
jbhnet.net/wells/wells,jbhnet.net
b-lop.com/InPop_11/?0@=redacted@redacted.invalid,b-lop.com
3656zz.com,3656zz.com
ch-concho-7462342.pages.dev,ch-concho-7462342.pages.dev
comfb-vprgxsfw.glossy.uz/connect.html?timelimit=79b8ffda77d7ea1c73ec4219c1cb4ca5,comfb-vprgxsfw.glossy.uz
frosty-neumann-9eefbc.netlify.app,frosty-neumann-9eefbc.netlify.app
website-47bd7fff.tfd.qhd.mybluehost.me/wp-admin/js/widgets/awadi/lhmak/ran/auth/index.php?mode=resetpassword&oobcode=c7iz9j4iwd7l1f_mwkawcrcitkrmkfoz7piyvbhf5s8aaagyfx-y1w&apikey=aizasydpuq_icqiypo0nwse9yllev6vmiyo582g&lang=en,website-47bd7fff.tfd.qhd.mybluehost.me
s2563541254e211d25639845.filesusr.com/html/cd89a0_5a1730ed1c5e186978715100362167af.html?7033474*cgvsb25tzwxvbjeym0bnbwfpbc5jb20=*https://www.facebook.com/profile.php?id=100081147955135**facebook+latino,s2563541254e211d25639845.filesusr.com
amazom9.cyou,amazom9.cyou
coastalrenovations.net/lnterac-Transfer.confirmation/interac-online-2/interac-online/directing/atb/ATB/details.html,coastalrenovations.net
bafybeif6zq77ena534v2u45b7glce3c2irkrj4lxctcy3qcmkg7fo2gtuy.ipfs.dweb.link,bafybeif6zq77ena534v2u45b7glce3c2irkrj4lxctcy3qcmkg7fo2gtuy.ipfs.dweb.link
4gfreebm.xyz,4gfreebm.xyz
5s5u1wh9celg.solutions-for-digital-hosting.cfd/review-case/?id=2104cbaaq6,5s5u1wh9celg.solutions-for-digital-hosting.cfd
bespoke-gingersnap-c8267f.netlify.app/facebook.com-1027275509.html,bespoke-gingersnap-c8267f.netlify.app
event2022garenaterbaru.duckdns.org,event2022garenaterbaru.duckdns.org
americanas-saldao.redirectme.net/Lava-e-Seca/11Kg/samsung/Lava-e-Seca-Samsung-WD11M4453JX-11Kg-com-EcoBubble-Inox-220V.php,americanas-saldao.redirectme.net
accweb.desjardins.com-iq.link,accweb.desjardins.com-iq.link
navy-appbnkonline.duckdns.org/0.html,navy-appbnkonline.duckdns.org
ialert-encontrar.info/isignesp.php,ialert-encontrar.info
ananya23101.github.io/netflix_clone,ananya23101.github.io
midasbuys.in,midasbuys.in
generanesgservisesg.ddns.net/s.fr,generanesgservisesg.ddns.net
anitaeaves.com.au/homie/x3342xsda,anitaeaves.com.au
chat-whatsappgvwm.xxuz.com,chat-whatsappgvwm.xxuz.com
dibatanlists-dibaserver.xyz/app?345505833806/8flhrtsxmoqrrijo7ktsidx1kzigzfqg/38539gddhuhxycgdzkoyyycc2dsq5irdshvsmenpxc4dnlk=,dibatanlists-dibaserver.xyz
adkinsrealestateteam.com/02/quad,adkinsrealestateteam.com
att-104522.weeblysite.com,att-104522.weeblysite.com
little-snow-7f0c.westernboard.workers.dev,little-snow-7f0c.westernboard.workers.dev
klik-event-skin-mlbb2022.duckdns.org,klik-event-skin-mlbb2022.duckdns.org
ledger-levwt--startt.webflow.io,ledger-levwt--startt.webflow.io
generatore-paypal2020.netlify.app/?fbclid=iwar33vfxnv2snme_zwxdzmnabihapeyup4y6eyki4ifk_c_x9viaqe-heplu,generatore-paypal2020.netlify.app
near-bramble-nyala.glitch.me/ssecure.html,near-bramble-nyala.glitch.me
pub-1deffc6364204b6f83b84a700cc7f7be.r2.dev/index.html,pub-1deffc6364204b6f83b84a700cc7f7be.r2.dev
owxagkorykwvsvan-dot-millinium.ey.r.appspot.com,owxagkorykwvsvan-dot-millinium.ey.r.appspot.com
flde-lity.com-nk.qpon/security/forgotLogin.html,flde-lity.com-nk.qpon
id-0002157.duckdns.org,id-0002157.duckdns.org
boihelpserivce-updated.com,boihelpserivce-updated.com
mail.shoppinghub.cu.ma/~filxscum/D/H/L/6de416cfb705fb4ee9559522f2759aebc30b7e9cd4b06697e4386db80e2d92851ce82d6d2eb4d2c0c9a09e0628d/DHL/tracking2.php?l=_JeHFUq_VJOXK0QWHtoGYDw_Product-UserID&userid=,mail.shoppinghub.cu.ma
geminiusloginz.gitbook.io,geminiusloginz.gitbook.io
att-106318-108679.square.site,att-106318-108679.square.site
gtokulctwirlxsdn-dot-millinium.ey.r.appspot.com,gtokulctwirlxsdn-dot-millinium.ey.r.appspot.com
cashvyvp30617.fitnell.com/32333036/facebook,cashvyvp30617.fitnell.com
case-id-1000228282211.counselschambers.co.uk,case-id-1000228282211.counselschambers.co.uk
173.82.129.242/ap/signin?openid.pape.max_auth_age=0&openid.return_to=https://www.amazon.co.jp/?ref_=nav_em_hd_re_signin&openid.identity=http://specs.openid.net/auth/2.0/identifier_select&openid.assoc_handle=jpflex&openid.mode=checkid_setup&key=a@b.c&openid.claimed_id=http://specs.openid.net/auth/2.0/identifier_select&openid.ns=http://specs.openid.net/auth/2.0&&ref_=nav_em_hd_clc_signin,173.82.129.242
valicaopj.com,valicaopj.com
cq65752.tw1.ru/securi_code,cq65752.tw1.ru
78681.ic77n4.wap.shuaihu99.com,78681.ic77n4.wap.shuaihu99.com
rabiin-hudleggin.godaddysites.com,rabiin-hudleggin.godaddysites.com
radiciinmovimento.it/wp-content/88995_920a24d8ec1cab3a.php,radiciinmovimento.it
minerva-immobliien.de/twittergtmedtechtrack0HM4-SJSY3C-UCG0gtmedtech/0HM4-SJSY3C-UCG0y0HM4-SJSY3C-UCG0p0HM4-SJSY3C-UCG0y0HM4-SJSY3C-UCG00HM4-SJSY3C-UCG0y0HM4-SJSY3C-UCG0twitter/ZGJyYWNobWFuQGd0bWVkdGVjaC5jb20=,minerva-immobliien.de
ilcitm.handipants.com/16a43,ilcitm.handipants.com
parapodial-rollout.000webhostapp.com/0147-wadho.php,parapodial-rollout.000webhostapp.com
lcshjgc.com,lcshjgc.com
eehelpsupport.com,eehelpsupport.com
expediapartner.central-helpsupport.com,expediapartner.central-helpsupport.com
dynarray53.com/rt.php,dynarray53.com
att-106601.weeblysite.com,att-106601.weeblysite.com
209.126.15.85/bb3336deaf73441f8505813ed499f114:currently.att/signin.html,209.126.15.85
facingxamusement.com/VZ2HY8b,facingxamusement.com
acc.quest,acc.quest
rem-facebookcom-76141014.lhcaa.ca/nextVRF.html?location=3969b2b5b471aa34e7b2ae69165a62f4,rem-facebookcom-76141014.lhcaa.ca
mwpukwkfscgxjkhjbkuoukogsltlyshrojrf-dot-cryptic-now-290917.ey.r.appspot.com,mwpukwkfscgxjkhjbkuoukogsltlyshrojrf-dot-cryptic-now-290917.ey.r.appspot.com
learnmantterchoner.live/inspeanderlighter,learnmantterchoner.live
app.descargas3.xyz/app/facebook.com/?lang=es&key=pS5xeTtoqaR5hL9agbdSIRYSuns9N2Et4cfJUaHIcMLN4MUBkFyZmDYbFSFGC59ZSLZOvtf7LlQHvjXJoW4LPAlDEiy3VXtrWgXYAtzOjDv8sT9bAQdy0ZWeHCPB5TQAG6ZXE3EZZ4ZxUKnVXxWaWq68yfWqkmJHrZ3tY97UeE7iIjKnsP3U7q1A98sHasld0uJHbXY3,app.descargas3.xyz
uouv.tap4235sq6.cc,uouv.tap4235sq6.cc
jsc.367450.com/1ab4b2/f0a0f4d1-51f0-431d-a516-bc5fbc7ed718,jsc.367450.com
particulierssg.com,particulierssg.com
baffc.org.dragonflydowser.com/.confirm/eft/baffc.org/3mail@b.c,baffc.org.dragonflydowser.com
edtunnel-bcs.pages.dev,edtunnel-bcs.pages.dev
9aygpij12.top,9aygpij12.top
107.172.39.11/public/banks/tangerine,107.172.39.11
cards.567greetings.com/education_redirect_second/8c5781c2-7b1e-4035-b1d7-990e269e5380,cards.567greetings.com
de.ztlpjque1x3lddf.e8273.pro,de.ztlpjque1x3lddf.e8273.pro
reset-access-login-account-98400121.outdoorfurnituremorganville.com/cibcp,reset-access-login-account-98400121.outdoorfurnituremorganville.com
10020030045678.com,10020030045678.com
meta-support-ledgerhub-6vb.pages.dev,meta-support-ledgerhub-6vb.pages.dev
information-ledger-start.teachable.com/p/home,information-ledger-start.teachable.com
levontebucket45.s3.eu-de.cloud-object-storage.appdomain.cloud/gamophagia/login.html?kmdughi=tsh68fzamwn5fd1c6byp&sqv=oqqquh7tn7rsdkceiy&aeg=u99ethuqdmmrj937ehz&tetajj=ch2sk9r4eyrlbfdgge6ul9jcqaatw&nmsngawku=sldjqknlozwsrnerbtr&zulqva=fkkmbk14txzlen2pmosbqvu&anquhlklac=zbxtkq29uooenhyhcqxb4jjpbz&kznttfpum=huoz8yg4h1oy2ykw5qrozg5htwl&mavibu=diq5sq4npqehmrx5e19vafrejzbb&ujwzlr=dfgtacx26gt6zhjze2ffhufet,levontebucket45.s3.eu-de.cloud-object-storage.appdomain.cloud
fr.service-paypal.net,fr.service-paypal.net
att-improved.weebly.com,att-improved.weebly.com
cadcamcae.bg/ads/de/417fc,cadcamcae.bg
leesgems.com/mde/9c01f14091e6c1d845b65c60f4b70e97.html,leesgems.com
booking-checkinarrivale5.com/LTK41G7F,booking-checkinarrivale5.com
codashop867.duckdns.org,codashop867.duckdns.org
rangy-capstan.000webhostapp.com/SunTrustOnline-Zelle/SUN.ZELL/Service/Verify/ID/6r2gfb6sfh6b14s6w546bh541tsw64b1hsw/1/1.html?PL=_f0836d26e89196d30d548c9567751d7e=Poland,rangy-capstan.000webhostapp.com
a0407319.xsph.ru/login/YuqaihL/login.php,a0407319.xsph.ru
25412544985598565x2488cv.filesusr.com/html/7e8042_268ecc9148f062ba30941076878b52c5.html?*cGVsb25tZWxvbjEyMzQ1QGdtYWlsLmNvbQ==*https://www.facebook.com/profile.php?id=100081147955135**Facebook%20Latino,25412544985598565x2488cv.filesusr.com
bancodelpacificx.webcindario.com,bancodelpacificx.webcindario.com
igaoqin4kys.com,igaoqin4kys.com
mtb.gotdns.ch/k,mtb.gotdns.ch
daroznel.com,daroznel.com
iogovnanie.us,iogovnanie.us
qowii.top,qowii.top
hqtnh.blogspot.li,hqtnh.blogspot.li
fydfdvda.000webhostapp.com,fydfdvda.000webhostapp.com
annazatopek.com/wp-includes/pomo/signin/verf/8d4eae5d47c9bfd559cf736dca5b57cc/Up-dating.php?country.x=-&ACCT.x=ID-PPL=PA324188.166.98.249=ScrPg=60dcfcffa266faa4763c1dbf7e51fa185aa77c75c42c3d9dfaff0c0dc848cfb3S=$1$T005ZBaq$9OSbKMOKYq0AypQcfVjFm0hTd8nGW96otaxuQElAZSsO20DVvjpwLRzey5UMKYiImJfPcHCkNXB741rb3FqgiMxThrb8mpHFS5kPLQdjeGVNDz3uZAvO04YsK6nyaRUw9o7gJEfI12CqlctWBX8997252172,annazatopek.com
p3.163-123-143-154.cprapid.com,p3.163-123-143-154.cprapid.com
rpm12.duckdns.org,rpm12.duckdns.org
flowermike.com/chk,flowermike.com
att-105254.weeblysite.com,att-105254.weeblysite.com
aktiffkanpaylatterll.meo.my.id,aktiffkanpaylatterll.meo.my.id
dcm2.eim.ae.ideiasmimos.pt,dcm2.eim.ae.ideiasmimos.pt
resten.net/1and1,resten.net
fbhvx.blogspot.ru,fbhvx.blogspot.ru
fdihxrxdsu.cf,fdihxrxdsu.cf
gov.yrenajfaovs.qpon/uk,gov.yrenajfaovs.qpon
pubgmul.com,pubgmul.com
cg76823.tmweb.ru/imp,cg76823.tmweb.ru
gator3030.temp.domains/~munber65/22f78483571cb9c/region.php?par,gator3030.temp.domains
gc-share.duckdns.org,gc-share.duckdns.org
modulopst.in,modulopst.in
61dl1.ohbeats.com/3mail@b.c,61dl1.ohbeats.com
tap3529osl.cc,tap3529osl.cc
abhaygpoojary.github.io/Netflix-clone,abhaygpoojary.github.io
cx81759.tw1.ru,cx81759.tw1.ru
gavow21825.temp.swtest.ru,gavow21825.temp.swtest.ru
dabanjion.blogspot.hk,dabanjion.blogspot.hk
exsodusslogicn.webflow.io,exsodusslogicn.webflow.io
0000mscautorizationclientid.com/ebranch-iccu,0000mscautorizationclientid.com
chat-whatapq.com,chat-whatapq.com
helppss-validtionss131wq.gq,helppss-validtionss131wq.gq
mercado-att.lovestoblog.com,mercado-att.lovestoblog.com
ashercummins.com/fil/Odrivex/index.php,ashercummins.com
download.sada-group.com,download.sada-group.com
onenessmineralwater.autos,onenessmineralwater.autos
jannagilbert.com/wp-admin/user/wp,jannagilbert.com
cdn--ndax------auth.webflow.io,cdn--ndax------auth.webflow.io
pub-614415e1cdd8477c8e464cfef08aa568.r2.dev/owa-web.html,pub-614415e1cdd8477c8e464cfef08aa568.r2.dev
gnhtj.blogspot.is,gnhtj.blogspot.is
bankofamerica-logins.dns05.com/bankofamerica./en,bankofamerica-logins.dns05.com
whatsapp-eb.com,whatsapp-eb.com
oreoproject.xyz/websites/facebook_desktop_static.html,oreoproject.xyz
wqngm.dezceccc.ru/T0v!Rb7kXFpOxpIW/$,wqngm.dezceccc.ru
89gv2k.n0c.world/confirmation-lbc-ba,89gv2k.n0c.world
pagcomfirmidentitty.gq,pagcomfirmidentitty.gq
carterwatkinsdesign.com/Docs/login.php,carterwatkinsdesign.com
cqcangzhen.com,cqcangzhen.com
bnb932psiz.appspot.com,bnb932psiz.appspot.com
invite-academy-dc.org,invite-academy-dc.org
cb62697.tw1.ru/region-caisse,cb62697.tw1.ru
online.bdo.com.ph.auth-secure.bsp.gov.ph.questionanswerar.com/redirect/.=www.online.bdo.com.ph/sso/login.php,online.bdo.com.ph.auth-secure.bsp.gov.ph.questionanswerar.com
dualdaggers.ru,dualdaggers.ru
halifax.online-log-in.com,halifax.online-log-in.com
mail.groupviralcrmzrdy.vosy.biz.id,mail.groupviralcrmzrdy.vosy.biz.id
pop.demo-spotify.freewebhostmost.com,pop.demo-spotify.freewebhostmost.com
amazon.co.jp.mayoumi.org,amazon.co.jp.mayoumi.org
mysterybox-w15.vercel.app,mysterybox-w15.vercel.app
mytalktalkupdate1.weebly.com,mytalktalkupdate1.weebly.com
dhlsupportservice-a15368.ingress-baronn.easywp.com/wp-admin/dhlsupp/home.php?ip=172.255.125.179&countrycode=us&os=iphone,dhlsupportservice-a15368.ingress-baronn.easywp.com
help.consumeramzaon.shop,help.consumeramzaon.shop
sbgmc.blogspot.fi,sbgmc.blogspot.fi
moire-idea.000webhostapp.com,moire-idea.000webhostapp.com
anaisfavre611.wixsite.com/my-site,anaisfavre611.wixsite.com
correos-orden.de/strato,correos-orden.de
bgmieventgovt.blogspot.com,bgmieventgovt.blogspot.com
aged-limit-99e7.b9nk.workers.dev,aged-limit-99e7.b9nk.workers.dev
blbxvsviteyzcvggqwbgjbdpuzadypijsufi-dot-cedar-code-289917.nn.r.appspot.com,blbxvsviteyzcvggqwbgjbdpuzadypijsufi-dot-cedar-code-289917.nn.r.appspot.com
annetdonahue.com/login,annetdonahue.com
sk3e-casefb692536.vercel.app,sk3e-casefb692536.vercel.app
qp.opentradeprog.site,qp.opentradeprog.site
boostmyviews.icu/b.html,boostmyviews.icu
ambyahh-cecan.ddns.net,ambyahh-cecan.ddns.net
nccs.edu.np/js/_esfera/Pontos-Esfera,nccs.edu.np
mail.mjeqy.c505.net,mail.mjeqy.c505.net
lawpaintpros.org,lawpaintpros.org
lodgeremaining.org/folder/reference,lodgeremaining.org
metamsk-wlaat.godaddysites.com,metamsk-wlaat.godaddysites.com
gyph.areu.ir/.Mx7ejXEZry.aHR0cHM6Ly9ncmVnYXJpb3VzLWxpa2VhYmxlLW9yaW9sZS5nbGl0Y2gubWUvMDE0MDMwLmh0bWw/ZW09YmFwQGFwc2lsb25ob3RlbHMuY29tCQ==,gyph.areu.ir
mandoo.gq/mmo.godaddy.com/godaddy.php,mandoo.gq
whats-gk.vip,whats-gk.vip
amend-myparcel.com,amend-myparcel.com
klaimffgratisjh.duckdns.org,klaimffgratisjh.duckdns.org
meta-onchain.pages.dev,meta-onchain.pages.dev
gropwansapp18new.duckdns.org,gropwansapp18new.duckdns.org
business-for-advertisers-policy-customer.pages.dev/form_submit,business-for-advertisers-policy-customer.pages.dev
rakuten.co.jp.rakutenrakutenrakutendsmwe.xyz,rakuten.co.jp.rakutenrakutenrakutendsmwe.xyz
rubinhoudlgali.gitbook.io,rubinhoudlgali.gitbook.io
ahealthynews.com/redirect/retry.php?email=,ahealthynews.com
coinbse-us-prologin.godaddysites.com,coinbse-us-prologin.godaddysites.com
a0663523.xsph.ru/TURBO55/DNX/51f7110f5a4d8af/region.php?AUTH=51f7110f5a4d8af,a0663523.xsph.ru
formulary-hype-2022.com,formulary-hype-2022.com
bb22268.com,bb22268.com
mint-stakepro.web.app,mint-stakepro.web.app
836594x.com,836594x.com
richngabbers.com,richngabbers.com
bplhalkfin.duckdns.org,bplhalkfin.duckdns.org
dev-complejo-facil0034.pantheonsite.io,dev-complejo-facil0034.pantheonsite.io
parcelinfo-support-redelivery.com,parcelinfo-support-redelivery.com
basvurular.duckdns.org,basvurular.duckdns.org
cn.mxnfzd.com,cn.mxnfzd.com
recoratu.sterikolabhertuanusiamera.link,recoratu.sterikolabhertuanusiamera.link
officialkrafton.my.id,officialkrafton.my.id
currently0538.weebly.com,currently0538.weebly.com
bet365dw.com,bet365dw.com
65451561656465321.cloud,65451561656465321.cloud
deregisternewpayee.com/santander,deregisternewpayee.com
blueaxisshipping.com,blueaxisshipping.com
brilogin45687.talentsite.my.id/vhsfhqpdhdsih6,brilogin45687.talentsite.my.id
3485ea9cl.top,3485ea9cl.top
bokep03.realx.pw,bokep03.realx.pw
profile-chloe0987531221.atwebpages.com/marketplace/facebook.com,profile-chloe0987531221.atwebpages.com
myjuno-7c78f0.webflow.io,myjuno-7c78f0.webflow.io
atgg09.godaddysites.com,atgg09.godaddysites.com
secure---loginmoonpay--in.webflow.io,secure---loginmoonpay--in.webflow.io
jonathans999.wixsite.com/habbo-free-coins/contact-us,jonathans999.wixsite.com
njlpaiknak.duckdns.org,njlpaiknak.duckdns.org
1nf0rm4s1.clvde.my.id,1nf0rm4s1.clvde.my.id
fb.gam-school.com,fb.gam-school.com
4234234345fdefzef4cfeafc.000webhostapp.com/help-support.html,4234234345fdefzef4cfeafc.000webhostapp.com
hseodrqd.xtechspro.com/24c97,hseodrqd.xtechspro.com
updates.help/Bankofamerica.com/page/index.php,updates.help
jgenwtagvumilnewbjyspoxvzerxzrvtkzkq-dot-solar-vertex-285913.rj.r.appspot.com,jgenwtagvumilnewbjyspoxvzerxzrvtkzkq-dot-solar-vertex-285913.rj.r.appspot.com
lnfo.web-chat.eu,lnfo.web-chat.eu
4fa60e0aa8e854f12bae59ff151bcde2-dot-gle9392420309493993.rj.r.appspot.com,4fa60e0aa8e854f12bae59ff151bcde2-dot-gle9392420309493993.rj.r.appspot.com
postid-12866812.suakids.com/gate.html?location=fce2a2eabfda90934205d88807516658,postid-12866812.suakids.com
event-ffgratishadiah.duckdns.org,event-ffgratishadiah.duckdns.org
robeeexform.blogspot.dk,robeeexform.blogspot.dk
20.63.33.214/Finance/tang,20.63.33.214
bhumiheda.github.io/Netflix,bhumiheda.github.io
banchanmeedee.com/public_html/wp-content/themes/twentysixten/PPL8327489723483329/hardsucces,banchanmeedee.com
eventpubgnow.com/login/facebook,eventpubgnow.com
mail.verifybusinesssuite3489.duckdns.org,mail.verifybusinesssuite3489.duckdns.org
kucoinibdlosginie.godaddysites.com,kucoinibdlosginie.godaddysites.com
auth-downlod-suit-srzor.pages.dev,auth-downlod-suit-srzor.pages.dev
beepollinators.com/wealthcart/new/home,beepollinators.com
jio-12v.pages.dev,jio-12v.pages.dev
instagram.totalh.net,instagram.totalh.net
milhassemprepresenteresgate.link,milhassemprepresenteresgate.link
emoplamsndf.weebly.com,emoplamsndf.weebly.com
hvdmb.blogspot.ug,hvdmb.blogspot.ug
bt-105814.weeblysite.com,bt-105814.weeblysite.com
mypaydayloanrelief.com/kkkkk/110/centre_client/utilisateur-24685667959684334322,mypaydayloanrelief.com
hoteldeds-connects.com/gomax/isango/mlmc2,hoteldeds-connects.com
g.rupobancolombia.top,g.rupobancolombia.top
halifax.secure-online-sign-in.com,halifax.secure-online-sign-in.com
business.identityspageeconfirm.com,business.identityspageeconfirm.com
new-rd-czhec.blogspot.ug,new-rd-czhec.blogspot.ug
ntacts.siteacq.co.za,ntacts.siteacq.co.za
en-app-trzeo-suite.pages.dev,en-app-trzeo-suite.pages.dev
b7ts.ktt55.my.id,b7ts.ktt55.my.id
pt1-pontoslivelo.sytes.net/cpf.php,pt1-pontoslivelo.sytes.net
pub-879dfae7067b41799a1f30a5d0d62a22.r2.dev/1Sharepointfile.html,pub-879dfae7067b41799a1f30a5d0d62a22.r2.dev
facebook.com.xeberzamani.info,facebook.com.xeberzamani.info
atttcom-109464.weeblysite.com,atttcom-109464.weeblysite.com
hotey.es/administrator/earthlink.net/earthlink.net.htm,hotey.es
paymt3001aa.com/directing/desjardins/identifiantunique,paymt3001aa.com
fahadalisidd.github.io/Netflix-Clone,fahadalisidd.github.io
antiodontalgic-infl.000webhostapp.com/chase%202019/wp.php/on.html?US=_0df1d89f69d5275a93dfd986104311ca%3DUnited+States,antiodontalgic-infl.000webhostapp.com
3237365.com,3237365.com
nandiy.net/CD,nandiy.net
arrivee-et-dep.com,arrivee-et-dep.com
accesos.sp01.in/b/s/ing-esp,accesos.sp01.in
salarahmad200.github.io/netflix.com,salarahmad200.github.io
host.krysallis.com.au/dan/LinkedInhardxxx/900,host.krysallis.com.au
is8.inventnamb.click,is8.inventnamb.click
postsfb-6g7v5i3kky.novitium.ca/profile.html?countuser=bcb40f0e33a24f1bda480f791ea042b4,postsfb-6g7v5i3kky.novitium.ca
rec-accuiutn-freff.uajhguahyugaug6.com/login,rec-accuiutn-freff.uajhguahyugaug6.com
cstmdomainapprobsystem.weebly.com,cstmdomainapprobsystem.weebly.com
hansraj8541.github.io/Netflix-clone,hansraj8541.github.io
encilawyer-1318439371.cos.ap-singapore.myqcloud.com/encilawyer.html,encilawyer-1318439371.cos.ap-singapore.myqcloud.com
arch-capital.fr/scripts/swo/gps/file,arch-capital.fr
group-whastap-bokep-18.000webhostapp.com/Bkp,group-whastap-bokep-18.000webhostapp.com
ksiegowoscmartax.pl/images/tmp/conferma-dati,ksiegowoscmartax.pl
paypal-database.com,paypal-database.com
akfcuion.web.app,akfcuion.web.app
2b4cja.shop,2b4cja.shop
azmaribet.com/btc/page/wallet/login/login.php?logon=set&e72d8ede2b3231d4663,azmaribet.com
claimopenbox.web.app,claimopenbox.web.app
perfectnmonyes.xyz,perfectnmonyes.xyz
kaka4543.activevytie.sbs,kaka4543.activevytie.sbs
alienuniversal-earthassociation.org/alienuniversalea/ali/login.php,alienuniversal-earthassociation.org
mail.ltsh.gq/~filxscum/D/H/L/6de416cfb705fb4ee9559522f2759aebc30b7e9cd4b06697e4386db80e2d92851ce82d6d2eb4d2c0c9a09e0628d/DHL/tracking2.php?l=_JeHFUq_VJOXK0QWHtoGYDw_Product-UserID&userid=,mail.ltsh.gq
3m620q0ykfhb6hyo3h.qwo231sdx.club/index/usps/index.html,3m620q0ykfhb6hyo3h.qwo231sdx.club
accedi-it.web.app,accedi-it.web.app
alldaatsorgulma.com,alldaatsorgulma.com
attverificationofficers.weebly.com,attverificationofficers.weebly.com
hipxxx2.xyz,hipxxx2.xyz
cn.fluvxq.com,cn.fluvxq.com
0t8bj.csb.app/?1627500329470,0t8bj.csb.app
flde1-lty.top,flde1-lty.top
jp.kuryoanoyamato.icu,jp.kuryoanoyamato.icu
account-analysis-center.pages.dev,account-analysis-center.pages.dev
jkaibucket32.s3.eu-de.cloud-object-storage.appdomain.cloud/bokadam/login.html,jkaibucket32.s3.eu-de.cloud-object-storage.appdomain.cloud
pinjaman-tanpabiayaadmin.xesgogo.biz.id/main.php,pinjaman-tanpabiayaadmin.xesgogo.biz.id
172.105.98.4/postfn-4782378437824852/Post_JW9529769K/weclome.html,172.105.98.4
cancan2937.000webhostapp.com/fblogin.html,cancan2937.000webhostapp.com
cxqiylkawgbiexpzijawladlcb-dot-gle39404049.rj.r.appspot.com,cxqiylkawgbiexpzijawladlcb-dot-gle39404049.rj.r.appspot.com
att-103329.weeblysite.com,att-103329.weeblysite.com
accountprotection-office.com,accountprotection-office.com
redknibbles.com/huj/index.html,redknibbles.com
qaaczaza.duckdns.org/select,qaaczaza.duckdns.org
joigrupbokep2020asiansex.000webhostapp.com,joigrupbokep2020asiansex.000webhostapp.com
5fgfgfgfgrg4g4ggh.blogspot.li,5fgfgfgfgrg4g4ggh.blogspot.li
ff.member.garenat.vn,ff.member.garenat.vn
package.dazalandscapigservice.com/public,package.dazalandscapigservice.com
tap3409jn8.cc,tap3409jn8.cc
att-102660-103646.weeblysite.com,att-102660-103646.weeblysite.com
digidteruggave-nl.ga/knab,digidteruggave-nl.ga
attloginaccess.weebly.com,attloginaccess.weebly.com
pana.standardseoservices.com,pana.standardseoservices.com
reloybahe.cf/5463/5050,reloybahe.cf
pcopqdrkqbzomnzxrxbkojjadl-dot-gleowayel400503.uc.r.appspot.com,pcopqdrkqbzomnzxrxbkojjadl-dot-gleowayel400503.uc.r.appspot.com
kutaentertainment.com,kutaentertainment.com
appld.appencd.com,appld.appencd.com
revanthnvl.github.io/Amazon-frontpage-clone,revanthnvl.github.io
cikatuh.com/session/?view=login&appIdKey=&country=US,cikatuh.com
copec.whoce.com/cl,copec.whoce.com
dpd.de-srgd.com/de,dpd.de-srgd.com
ebay.de.4phkx00lwgbevie.e8273.pro,ebay.de.4phkx00lwgbevie.e8273.pro
walet-trazor-logon-auth.pages.dev,walet-trazor-logon-auth.pages.dev
bellsouth-att-sign-in-f8ee60.webflow.io,bellsouth-att-sign-in-f8ee60.webflow.io
ashifev.github.io/Netflix-clone,ashifev.github.io
previewanalytics.com/delivery/checkout/receive,previewanalytics.com
royalmail-rescheduled-info.com,royalmail-rescheduled-info.com
controlladesso.club,controlladesso.club
2588.jogsfi.cn,2588.jogsfi.cn
bizbize-yeteriz-ozel-sayfam.xyz/basvur,bizbize-yeteriz-ozel-sayfam.xyz
activation-pages-independent-2021.my.id,activation-pages-independent-2021.my.id
eleneh.argorgeous.gq/6q4s05b,eleneh.argorgeous.gq
dapp-thebigguyxyz.pages.dev,dapp-thebigguyxyz.pages.dev
bokep692020.000webhostapp.com,bokep692020.000webhostapp.com
comzbasesign-ins.gitbook.io,comzbasesign-ins.gitbook.io
_tcp._tcp.virtualaccess3.tikmaillnow.com,_tcp._tcp.virtualaccess3.tikmaillnow.com
ipv6.bgminowayhome.my.id,ipv6.bgminowayhome.my.id
azuramay4ti.com/business/temsite/Forgotten.html,azuramay4ti.com
fcebk-valid.000webhostapp.com,fcebk-valid.000webhostapp.com
lusekuangbtot.gooks.my.id,lusekuangbtot.gooks.my.id
att-100400-106294.weeblysite.com,att-100400-106294.weeblysite.com
appleid.inxcd.cn/id,appleid.inxcd.cn
awosin.gq/makk/FnBXuTSIeW71vMP3qva2ZOPn958fpu5yJX4-h50eW9itQ7kykQRBWPaHJQ7wIn47Zj1pmQtzWj42zOzs8NWyZM8dpLP_8rjj69k3q_97wb_AA2.php,awosin.gq
chase65t.com,chase65t.com
motamask-logiijin.godaddysites.com,motamask-logiijin.godaddysites.com
ess1.info/desjardinsin.php,ess1.info
dev.mazette-lunettes.com/dev,dev.mazette-lunettes.com
att-mail-100567.weeblysite.com,att-mail-100567.weeblysite.com
159.89.114.85/banks/ATB/confirm.html,159.89.114.85
probetastudio.com/auth/then/hdnhnr/Y29tcHdvb2RAYXJiLmNhLmdvdg==,probetastudio.com
mnkjhggugddgvjkjfcds.weeblysite.com,mnkjhggugddgvjkjfcds.weeblysite.com
att-mail-103227.weeblysite.com,att-mail-103227.weeblysite.com
fbnotify-t0as9wrd3.liftcentr.uz/profile.html?countuser=4a308ebda757fa62c9197e354bc77a9b,fbnotify-t0as9wrd3.liftcentr.uz
attyahoomail.mmm.page,attyahoomail.mmm.page
azamon.co.jp.azamzonm.cc/pc,azamon.co.jp.azamzonm.cc
u72m.xyz,u72m.xyz
arabian-pipes-dot-skype-meeting.uc.r.appspot.com,arabian-pipes-dot-skype-meeting.uc.r.appspot.com
coiunbaseprologol.godaddysites.com,coiunbaseprologol.godaddysites.com
robinhoodinvesting.com.185-224-129-230.cpanel.site/us/en/about/crypto,robinhoodinvesting.com.185-224-129-230.cpanel.site
flag-261867290.amarilisperu.com/gate.html?location=de60d15129699147ff9fa0c630bbd2aa,flag-261867290.amarilisperu.com
heavy-hearted-disco.000webhostapp.com,heavy-hearted-disco.000webhostapp.com
ciascollege.com/unindustriareggioemilia/6fhn9g2yn3r1p4o7h63emqaa.php?secure&share=kfl7ak164801005887934a6a0809925f98dbe211a0adef4887934a6a0809925f98dbe211a0adef4887934a6a0809925f98dbe211a0adef4887934a6a0809925f98dbe211a0adef4887934a6a0809925f98dbe211a0adef48,ciascollege.com
cxmfxjtwdxbrfqnx-dot-millinium.ey.r.appspot.com,cxmfxjtwdxbrfqnx-dot-millinium.ey.r.appspot.com
bwnzxewafjxtlnrc-dot-millinium.ey.r.appspot.com/app/index,bwnzxewafjxtlnrc-dot-millinium.ey.r.appspot.com
codashop-newseason01.duckdns.org/login/facebook,codashop-newseason01.duckdns.org
091b59da-762f-425d-b5e7-8b063426c8fc.usrfiles.com/html/9ada54_5d017cea703810da84e530513c893e8b.html,091b59da-762f-425d-b5e7-8b063426c8fc.usrfiles.com
freedom-love99.com,freedom-love99.com
fuvzuian1rup7gdcul4yfmc0l.richardl.xyz/usps/verification.html,fuvzuian1rup7gdcul4yfmc0l.richardl.xyz
anaz0n.c0.jp.r7tmgz.org,anaz0n.c0.jp.r7tmgz.org
laguiadesegovia.com,laguiadesegovia.com
microsftoffice365.com/po0feomryraw20yi,microsftoffice365.com
aave-v3.app/updates,aave-v3.app
aoo0mail00346.weebly.com,aoo0mail00346.weebly.com
5ghghjgth5g4t.blogspot.com/?m=1,5ghghjgth5g4t.blogspot.com
dash.beta.jimpike.com.au/mobile/login,dash.beta.jimpike.com.au
smart-appclaim.pages.dev,smart-appclaim.pages.dev
tkkjshopf.cc,tkkjshopf.cc
sberbank-pay-kassa.store,sberbank-pay-kassa.store
abdbfif7.ml/first/four.html?cmd=login_submit&id=9f38c2dc6bb50d0283ad64611c370449&session=9f38c2dc6bb50d0283ad64611c370449,abdbfif7.ml
eibnyv.cn/action/home/request/type=un,eibnyv.cn
lsdas09.top,lsdas09.top
pub-42a11643c0ec4292a02fc069883de3bc.r2.dev/primary.html,pub-42a11643c0ec4292a02fc069883de3bc.r2.dev
att-mailbox-update-101891.weeblysite.com,att-mailbox-update-101891.weeblysite.com
metabaskklugivuxdhn.godaddysites.com,metabaskklugivuxdhn.godaddysites.com
krdisonucbasvur.org,krdisonucbasvur.org
notificattions.com/landing/form/0127e9fc-201f-4f39-9ac2-d833e0bc6297,notificattions.com
att-102439.weeblysite.com,att-102439.weeblysite.com
propperptola.com/wpa/b33/126,propperptola.com
app-uniswap-org.ipns.dweb.link,app-uniswap-org.ipns.dweb.link
mail-info-2024.webflow.io,mail-info-2024.webflow.io
chaselogin.serveftp.com/Chase/Chase/Chase/98267719ccb71be27037219843ee61b8,chaselogin.serveftp.com
breakableshrew.build067.wpsandbox.app/left,breakableshrew.build067.wpsandbox.app
ahkles.chickenkiller.com/bills/gbsources/index.php,ahkles.chickenkiller.com
ets-hiour.com,ets-hiour.com
6499fe38-77b4-4769-aa6a-05884d4e0bab.usrfiles.com/html/0e472f_4d9b2a88f72eb4191a8eb158b004ca1f.html,6499fe38-77b4-4769-aa6a-05884d4e0bab.usrfiles.com
glued-preference.000webhostapp.com,glued-preference.000webhostapp.com
fl.iacokhac.click,fl.iacokhac.click
r.mail-nandadeepexim.com/mk/cl/f/4E3i882f3nsOFTGG3J3LlAWMs7WnzC-d7h0-4v8_lYg2xkmVGnjAuargJCmz9fl6TNyZDOX50usws0B5s3cGOCR0iI0278Ml06lhg8iw_4FYJqL5zRciQNg-IJy2zGWBTgqHxBYxhZ3CJ8PvXACPMONz3JpCTDeAcffsIYQOm4DO,r.mail-nandadeepexim.com
triv-meta-fral-biz.pages.dev,triv-meta-fral-biz.pages.dev
ancient-voice-a281.attnetmms78.workers.dev,ancient-voice-a281.attnetmms78.workers.dev
meta-west.pages.dev,meta-west.pages.dev
auth-login2.com,auth-login2.com
help-1075270.bakoweb.com,help-1075270.bakoweb.com
americafirstculsbd.ddns.net,americafirstculsbd.ddns.net
pphelp-page.com,pphelp-page.com
goal-validate-explication.vercel.app,goal-validate-explication.vercel.app
hackgoapp.com/moddjifly,hackgoapp.com
check-acc669.ml/updation,check-acc669.ml
fb-restriction-case-402ed.web.app,fb-restriction-case-402ed.web.app
different-lot-868698.framer.app,different-lot-868698.framer.app
qdstpajjoiyhwoet-dot-millinium.ey.r.appspot.com,qdstpajjoiyhwoet-dot-millinium.ey.r.appspot.com
instabot.taeniform.xyz,instabot.taeniform.xyz
prestashop-165763-0.cloudclusters.net,prestashop-165763-0.cloudclusters.net
kfbqsuzrasharedocs.evalandgo.com/form/452568/s/?id=JTk5ciU5NmslOTglQUI=&a=JTk4biU5M20lOUMlQjE=,kfbqsuzrasharedocs.evalandgo.com
cpcalendars.fundacionacuario.com,cpcalendars.fundacionacuario.com
dssitwing.com,dssitwing.com
5fggfgrg4g4gh4fg.blogspot.hu,5fggfgrg4g4gh4fg.blogspot.hu
bhalon.pl/arim/phpFiles/oform2.html,bhalon.pl
eventgratis-7v.duckdns.org,eventgratis-7v.duckdns.org
17.95-214-26-200.cprapid.com/InfoPoste,17.95-214-26-200.cprapid.com
radioblackdj.wixsite.com.usrfiles.com/html/0e472f_4d9b2a88f72eb4191a8eb158b004ca1f.html,radioblackdj.wixsite.com.usrfiles.com
bafybeifhaa7dfu4522tp4awryvq6kqxp5mjlqzdbafi7qnd3erz5jpaq7m.ipfs.cf-ipfs.com/lopyhy39.html,bafybeifhaa7dfu4522tp4awryvq6kqxp5mjlqzdbafi7qnd3erz5jpaq7m.ipfs.cf-ipfs.com
royalbank.com.cgi-bin-rbaccess-rbcgi3m01f57f-f13ibrequest.xyz,royalbank.com.cgi-bin-rbaccess-rbcgi3m01f57f-f13ibrequest.xyz
ombnvkjzqsjpuohxorwzmarchn-dot-poised-bot-306515.uk.r.appspot.com,ombnvkjzqsjpuohxorwzmarchn-dot-poised-bot-306515.uk.r.appspot.com
app-262d1101-6bb4-4c36-a615-202204577daa.cleverapps.io/max.html,app-262d1101-6bb4-4c36-a615-202204577daa.cleverapps.io
att-yahoo-mail-100065.weeblysite.com,att-yahoo-mail-100065.weeblysite.com
body-87.ml/aeroplan/banks/RBC/cgi-bin/rbaccess/04_SB8K8xLLM9MSSzPy8xBz9CP0os3h_T28zT0sTAw9_QxMXA09LD0tjf1N_YydPU_1I_ShznPKORkD5SLzyUblhXi4WZsamZgYGRib64YnJIIv1C7LTfBwdFRUBgdCsEA.php?overridePolicy=True&overridePolicyId=P6&inBetweenPage=true&allowRestart=True,body-87.ml
f608e4687b74.godaddysites.com,f608e4687b74.godaddysites.com
mail.review-user-information.com/egg.php?secret_key=lpfg5e0zk92cyouxvjw8mi71tqadr3,mail.review-user-information.com
36qrs56.xyz,36qrs56.xyz
pgn-gas-layanan.onlain-mrkt.com,pgn-gas-layanan.onlain-mrkt.com
3463636s1.azurewebsites.net,3463636s1.azurewebsites.net
authuse090-heplo2222.cqwtgsf.org/IDMSWebAuth/?controls=classic&sessionId=3e34393e55aa38f43faef690ecf685553142cd582462be4994c6535a30750a07&country=CA,authuse090-heplo2222.cqwtgsf.org
io-start-auth-eng.pages.dev,io-start-auth-eng.pages.dev
newsslink9dubegq.dilzhost.my.id,newsslink9dubegq.dilzhost.my.id
amaozn.ssyffs.com,amaozn.ssyffs.com
i4toolsllze.top,i4toolsllze.top
itaauard.000webhostapp.com,itaauard.000webhostapp.com
nodeappfixs.com,nodeappfixs.com
instagram5807.blogspot.com.cy,instagram5807.blogspot.com.cy
marketplace-housing-listing32456.com,marketplace-housing-listing32456.com
cn.mebtx46.com,cn.mebtx46.com
royalmail-customer.com/royalmail/79fVEv8XxeVx7191,royalmail-customer.com
satkom.id/cc,satkom.id
app.mnuebay.top,app.mnuebay.top
request-checksid-79952.pages.dev/robots.txt,request-checksid-79952.pages.dev
landingpage-mfa-selfservice-micro.softr.app,landingpage-mfa-selfservice-micro.softr.app
folder378annajha-a7ayha.web.app,folder378annajha-a7ayha.web.app
att-attupdatennow.weeblysite.com,att-attupdatennow.weeblysite.com
nizwrwwedqfgudiv-dot-millinium.ey.r.appspot.com,nizwrwwedqfgudiv-dot-millinium.ey.r.appspot.com
jjynb.blogspot.ug,jjynb.blogspot.ug
cottony-fluffy-vinca.glitch.me/nuski.html,cottony-fluffy-vinca.glitch.me
truzorllegim.webflow.io,truzorllegim.webflow.io
adaele.com/media/zato/ftipo,adaele.com
572828.selcdn.ru/azul-gateway/bullionusdt32.html,572828.selcdn.ru
czawsyemheykedfg-dot-millinium.ey.r.appspot.com,czawsyemheykedfg-dot-millinium.ey.r.appspot.com
allegro.pl-nowy-regulamin2297.kobderg.com.pl/42535,allegro.pl-nowy-regulamin2297.kobderg.com.pl
nxe.soundestlink.com/link/5f1c43ce67af4559855f5dfb/5f1c43b48a48f75899f3e06e/5f1c3e2bbac16e1763cefa73,nxe.soundestlink.com
moneysocial.tableyp.top/authorization/?way=2&key=vyaohsdb,moneysocial.tableyp.top
pub-15b1f71cb9484c93bce8a849fd74e154.r2.dev/index.html,pub-15b1f71cb9484c93bce8a849fd74e154.r2.dev
7f6gdg1a.square.site,7f6gdg1a.square.site
becauseportland.top/o.php,becauseportland.top
breach-account-policy-f315d.firebaseapp.com,breach-account-policy-f315d.firebaseapp.com
grup-bokepsexxx.wagroupx.com,grup-bokepsexxx.wagroupx.com
office.hemreaderop.us,office.hemreaderop.us
nf-43-134-66-67.sslip.io,nf-43-134-66-67.sslip.io
account1148.top,account1148.top
rqmvmpvjmg.duckdns.org,rqmvmpvjmg.duckdns.org
ithinkamabouttobefainted.s3.ap-northeast-2.amazonaws.com/index.html,ithinkamabouttobefainted.s3.ap-northeast-2.amazonaws.com
auth-web-trezoer-cdn.webflow.io,auth-web-trezoer-cdn.webflow.io
fintaxadvisors.com/napfa/office.html,fintaxadvisors.com
asjad449.github.io/Homepage-of-Netflix,asjad449.github.io
media-diplomatic.ro/server/crypt,media-diplomatic.ro
kuuqainloginn.webflow.io,kuuqainloginn.webflow.io
baithi2.xyz,baithi2.xyz
mikildesj.000webhostapp.com,mikildesj.000webhostapp.com
acc-sicurr.com/it/fatturazione,acc-sicurr.com
packageredelivery.com/us,packageredelivery.com
bafybeiaiozfhcmezk4w2q3mqt476rthfwtbrqrckz6hplnsmm7ukmxt2my.ipfs.cf-ipfs.com,bafybeiaiozfhcmezk4w2q3mqt476rthfwtbrqrckz6hplnsmm7ukmxt2my.ipfs.cf-ipfs.com
saomnvf.hentaiwonderland.com/27584e8cefba0a67a8d1684d55a2a16a/signin.php?country=HK-Hong+Kong&lang=en,saomnvf.hentaiwonderland.com
layanan-dana1-indonesia.thop26.biz.id,layanan-dana1-indonesia.thop26.biz.id
agent.joinf.cn,agent.joinf.cn
newestattmailupgrade.weebly.com,newestattmailupgrade.weebly.com
authomatycredired.dhisablewebslocked.com/session/?view=classic&appIdKey=7755e69935e846b&country=US,authomatycredired.dhisablewebslocked.com
mr-mahato.github.io/Netflix-task2,mr-mahato.github.io
codashop-event-1334.duckdns.org,codashop-event-1334.duckdns.org
0utiook.live/pics/docs/jsdfjAGHJKJHGDFJKgfghjhmAHJHGFDYTYUIB/HUD/login.php,0utiook.live
bafybeih6p2xdee7q5sf3u66jqi3hxzdfyyxxwyfeecuintyx35eaaczweq.ipfs.dweb.link,bafybeih6p2xdee7q5sf3u66jqi3hxzdfyyxxwyfeecuintyx35eaaczweq.ipfs.dweb.link
modest-ardinghelli.113-30-149-84.plesk.page/appeal.php,modest-ardinghelli.113-30-149-84.plesk.page
bnpf-compte-1.firebaseapp.com,bnpf-compte-1.firebaseapp.com
aldo-enct-rrnty.link/14,aldo-enct-rrnty.link
hsbc.hspayee-safeguard.com/hsbc,hsbc.hspayee-safeguard.com
9wcxyzh6dv3zyr4.qwo231sdx.club/index/usps/index.html,9wcxyzh6dv3zyr4.qwo231sdx.club
mmm.wallstreethorizon.com/u.asp?u=593427,mmm.wallstreethorizon.com
gemine-logien.gitbook.io,gemine-logien.gitbook.io
64df2b2852534b007f6ec68c--zingy-kangaroo-fad42b.netlify.app,64df2b2852534b007f6ec68c--zingy-kangaroo-fad42b.netlify.app
grubwabudi01.spinhadiah-gratis.my.id,grubwabudi01.spinhadiah-gratis.my.id
outlook.live2365a.zya.me,outlook.live2365a.zya.me
realestategurusagentsareawesomefbmarket.us/profile-456798764/view-signin.php,realestategurusagentsareawesomefbmarket.us
cleanviewlawn.com,cleanviewlawn.com
couponsdrawer.top/oje,couponsdrawer.top
fbcom-policies-afcso1j8t.tr-hcg.com/profile.html?countUser=805d523d1ab1f8bf55164c6809ecdd55,fbcom-policies-afcso1j8t.tr-hcg.com
view-problems.business-minagne.com,view-problems.business-minagne.com
enetflixforyou.blogspot.com,enetflixforyou.blogspot.com
kemitraansubsidi-pertamina.craftto.web.id,kemitraansubsidi-pertamina.craftto.web.id
meta-veriify-identityform.vercel.app,meta-veriify-identityform.vercel.app
m.whats-app-vip.com,m.whats-app-vip.com
grupwa-budi01gaming.claimholl.me,grupwa-budi01gaming.claimholl.me
androidsamsnung.com/_ldc/que_/enter./hgfvuy5eru6yr7bu6tv7u6tutn8utb76ir65r,androidsamsnung.com
klutz-commercial.com/Login365/onedrive,klutz-commercial.com
loginriskalert.vercel.app/managermentthang/Landingpage/landingpage.html,loginriskalert.vercel.app
jumidmail-inf-br.umbler.net/id,jumidmail-inf-br.umbler.net
brevxwrwgkymftnz-dot-millinium.ey.r.appspot.com,brevxwrwgkymftnz-dot-millinium.ey.r.appspot.com
aymoglen.com/Lynn/Persico,aymoglen.com
diamond-group.ru/nuke/Al-shadina%20trading%20company%20UAE/index.php,diamond-group.ru
nrhjv.blogspot.is,nrhjv.blogspot.is
091383774340-shared.fathym.com,091383774340-shared.fathym.com
fwtkekd.cn/Login,fwtkekd.cn
activistnet.com/workspace_authentication_process/webmail/index.php,activistnet.com
battle-account.net,battle-account.net
banchungcuhanoicity24h.xyz/verfy.html,banchungcuhanoicity24h.xyz
appleld-apple.accountsecures-page-feedld.mysadnesstories.com/session,appleld-apple.accountsecures-page-feedld.mysadnesstories.com
free.kits.workers.dev,free.kits.workers.dev
itemffoldd.duckdns.org,itemffoldd.duckdns.org
facebook-form33.ml,facebook-form33.ml
nofitications-ml4z4o72d6ksl.ceus.ca/profile.html,nofitications-ml4z4o72d6ksl.ceus.ca
elated-polydactyl-giganotosaurus.glitch.me,elated-polydactyl-giganotosaurus.glitch.me
royalmail-shipping-tracking.com,royalmail-shipping-tracking.com
azlort.pages.dev,azlort.pages.dev
base-panelllz-8.ml/adobelogin/index.php,base-panelllz-8.ml
1e07bfd2.qepfmq.shop/amagc,1e07bfd2.qepfmq.shop
himoworld.online,himoworld.online
linkfulljavvideohd.duckdns.org,linkfulljavvideohd.duckdns.org
mail.zharkiwork.duckdns.org,mail.zharkiwork.duckdns.org
mainhtml.wixsite.com/my-site,mainhtml.wixsite.com
login-ocn.icu,login-ocn.icu
aol-mail-102167.square.site,aol-mail-102167.square.site
jibe.sekeleton.my.id,jibe.sekeleton.my.id
bet83033.com,bet83033.com
ec2-52-3-247-59.compute-1.amazonaws.com/?rid=hClDSm5,ec2-52-3-247-59.compute-1.amazonaws.com
m.fb-reattend-nqgjukxniu.bostan-city.ir,m.fb-reattend-nqgjukxniu.bostan-city.ir
kuuucoinessslugincess.godaddysites.com,kuuucoinessslugincess.godaddysites.com
637724.selcdn.ru/login/webapp/zinzu/Outlook.html,637724.selcdn.ru
18-191-140-36.cprapid.com/dpd-ca,18-191-140-36.cprapid.com
startt-trezuirr.webflow.io,startt-trezuirr.webflow.io
0x3208e11fca4e-jdf874e-login-screen-103876.weeblysite.com,0x3208e11fca4e-jdf874e-login-screen-103876.weeblysite.com
100btc.online,100btc.online
davidscarter.cf/fxcv/Doc/Docun/Docun/Docun,davidscarter.cf
rem.fbookcom-qsmsqoro.xpertzgroup.com/nextVRF.html?location=a9db025ad6022cc5651b5c6f09cbda9e,rem.fbookcom-qsmsqoro.xpertzgroup.com
citi-help.com/credit_verify.php,citi-help.com
registresuacoleta.com,registresuacoleta.com
fedexcolispackage.com,fedexcolispackage.com
564310ka.000webhostapp.com,564310ka.000webhostapp.com
plukutut.my.id,plukutut.my.id
rockhillrealty.us/slap/glance,rockhillrealty.us
webi-whatsapps.com/web,webi-whatsapps.com
pagehlp-spprty-accnt8651id.duckdns.org,pagehlp-spprty-accnt8651id.duckdns.org
magenta-arrow-hyssop.glitch.me/NAAAAFFFFFCCCCCUUUUU.HTML,magenta-arrow-hyssop.glitch.me
btinternet-100380.weeblysite.com,btinternet-100380.weeblysite.com
fuafzqxvzyzfcidv-dot-millinium.ey.r.appspot.com,fuafzqxvzyzfcidv-dot-millinium.ey.r.appspot.com
monlii.shop,monlii.shop
facebookhelpssecure.gq,facebookhelpssecure.gq
web-robinhood-home.typedream.app,web-robinhood-home.typedream.app
auth-start-ldgeer-aauth-ledgerrlive.webflow.io,auth-start-ldgeer-aauth-ledgerrlive.webflow.io
rift-acute-detail.glitch.me/ndui.html,rift-acute-detail.glitch.me
bafybeicd23mb4roxoirl4mhsrndzgsyrmv73urxtmeprovd6cx2jsdq2hi.ipfs.dweb.link/saoaas.html#3mail@b.c,bafybeicd23mb4roxoirl4mhsrndzgsyrmv73urxtmeprovd6cx2jsdq2hi.ipfs.dweb.link
contactsupport.10ffc20.wcomhost.com/amendes-gouv/am,contactsupport.10ffc20.wcomhost.com
appeal-form-c96a1.firebaseapp.com,appeal-form-c96a1.firebaseapp.com
auth-ledgerlive-login-x-en-us.pages.dev,auth-ledgerlive-login-x-en-us.pages.dev
jacobsaccounts.jacobsaccounts.workers.dev/index.html,jacobsaccounts.jacobsaccounts.workers.dev
gilstdlscordnltro.skin,gilstdlscordnltro.skin
gamerca.xyz/wells/i1.html?US=3D_f3eddef6550e750192a7bc22cc28c37e=U=,gamerca.xyz
homeldger-comstrt.webflow.io,homeldger-comstrt.webflow.io
ntkndmefctqapfeo-dot-millinium.ey.r.appspot.com/app/index,ntkndmefctqapfeo-dot-millinium.ey.r.appspot.com
meta-soniq.pages.dev,meta-soniq.pages.dev
adboosterscopyright.vercel.app/decision&copyright,adboosterscopyright.vercel.app
jurgen.com.ng/invoice-payment/one,jurgen.com.ng
146.190.60.52/home,146.190.60.52
acessellio.com/liberaqrcode/JPMWKMUKAYEDCZQARVME,acessellio.com
joingrupviralll21.myddns.com,joingrupviralll21.myddns.com
alessandro.brocchi.maksema.com.tr/?=redacted@redacted.invalid,alessandro.brocchi.maksema.com.tr
bnkld0.web.app,bnkld0.web.app
kuqoin-lgin.mystrikingly.com,kuqoin-lgin.mystrikingly.com
antirazia.safeen-en.com/r/1sel4rI,antirazia.safeen-en.com
gamewow.net,gamewow.net
janvi426.github.io/Netflix-Home-Page-Clone,janvi426.github.io
nirbharkisan.com/a8g8qgmvslrsu1zj0km470r3.php,nirbharkisan.com
blockchain.pakete-service.com,blockchain.pakete-service.com
sandroweb.info,sandroweb.info
indexratifyrequestapp.pages.dev,indexratifyrequestapp.pages.dev
cercomallas.com/xx/Priv8/Priv8,cercomallas.com
hsbc.managepayee.com/reg,hsbc.managepayee.com
madeccouverture.fr,madeccouverture.fr
secure-app--bloclkfi-cdn-cdn.webflow.io,secure-app--bloclkfi-cdn-cdn.webflow.io
areapersonalsantander.net,areapersonalsantander.net
euschkedrivesuit.top/luis/carlos/arango,euschkedrivesuit.top
organickart.in/microsoftonline,organickart.in
instagram-im.blogspot.com,instagram-im.blogspot.com
galwaytaxis.ie.usrfiles.com/html/3b1110_677083d48a67dd6ad5b939da8ac162ba.html,galwaytaxis.ie.usrfiles.com
a8d6zwmki42v3wd4jlqzjx62b8jq.53244ds.xyz/index/usps/index.html,a8d6zwmki42v3wd4jlqzjx62b8jq.53244ds.xyz
aqq2626bbxv.blogspot.tw,aqq2626bbxv.blogspot.tw
auctionwineonline.org/verify/m&tbank/login.php?online_id=27051dadd60607ab16da7b717&country=&iso=,auctionwineonline.org
qwrwitaavjvwryju-dot-millinium.ey.r.appspot.com,qwrwitaavjvwryju-dot-millinium.ey.r.appspot.com
mailupdatee.xyz/We-Transfer/wetransfer/2022/login.php?ul=_LkeFUq_VJOXRTIPtoGYDw17dsfsfd18&fid.18InboxLight.aspxn.1774256418&fid.1r245964252813InboxLight94552_Product-email&email=redacted@redacted.invalid,mailupdatee.xyz
pemulihannakundana.official-id.my.id,pemulihannakundana.official-id.my.id
a1.maninggitaruih.biz.id/samba/lado/terms.html,a1.maninggitaruih.biz.id
apple-case.shop/icloud2022-esp.php,apple-case.shop
chat-whatsapptantesange.duckdns.org,chat-whatsapptantesange.duckdns.org
facebook.com-identity-cvogzzdh.stemredsea.org/profile.html?countUser=,facebook.com-identity-cvogzzdh.stemredsea.org
58236.43811.wap.shuaihu99.com,58236.43811.wap.shuaihu99.com
at-up-date-lig.square.site,at-up-date-lig.square.site
halifaxsecure-mypayee-help.com/Login.php,halifaxsecure-mypayee-help.com
cs30402-wordpress-dmvlh.tw1.ru/wp-content/plugins/vsndd-jvca/vsndd-jvca/pages/region.php?lca#f2307b4a550c2506d,cs30402-wordpress-dmvlh.tw1.ru
contohbriii.ifccial.my.id,contohbriii.ifccial.my.id
dombell.xyz/newfb/facebook,dombell.xyz
182.16.30.222/ap/signin?openid.pape.max_auth_age=0&openid.return_to=https%3A%2F%2Fwww.amazon.co.jp%2F%3Fref_%3Dnav_em_hd_re_signin&openid.identity=http%3A%2F%2Fspecs.openid.net%2Fauth%2F2.0%2Fidentifier_select&openid.assoc_handle=jpflex&openid.mode=checkid_setup&key=a@b.c&openid.claimed_id=http%3A%2F%2Fspecs.openid.net%2Fauth%2F2.0%2Fidentifier_select&openid.ns=http%3A%2F%2Fspecs.openid.net%2Fauth%2F2.0&&ref_=nav_em_hd_clc_signin,182.16.30.222
fidelityworkplacenk.click/ubir4b2,fidelityworkplacenk.click
rpost-02fonyx054.theorphic.ae/profile.html?countUser=1ce85c65e0b0909cd57200570c61c71d,rpost-02fonyx054.theorphic.ae
00186.shop,00186.shop
jnigzcucsmhmrxvwvcceunqssnipwctdeehr-dot-gl494903049.wl.r.appspot.com,jnigzcucsmhmrxvwvcceunqssnipwctdeehr-dot-gl494903049.wl.r.appspot.com
kaspj.cf/File/serverfax,kaspj.cf
bafybeie4jnyqgltq3zfbdx4z52grruvvx2zmptb2mf3zoc4e2xbeufdzci.ipfs.dweb.link/willorder8856.html,bafybeie4jnyqgltq3zfbdx4z52grruvvx2zmptb2mf3zoc4e2xbeufdzci.ipfs.dweb.link
cocktailfascism.blogspot.lt,cocktailfascism.blogspot.lt
c-3-6-5-9.com,c-3-6-5-9.com
little-nimble-eris.glitch.me/public/CcNfN0.HTM,little-nimble-eris.glitch.me
mydez.net,mydez.net
cloesworkwear.com.au/nidhl/dhl,cloesworkwear.com.au
auth-365online-digital.com/activation-code.php,auth-365online-digital.com
mail.popasoft.com/~gntcncum/D/H/L/EX-Press/document-/=46d37d3ffe90b3e56482e0726a2ff729cad88d5916aeb3e4a2a1d3c8889afd000dffdd18fe1509450bde3c1eebdef4be/tracking2.php,mail.popasoft.com
itsmyfirst.000webhostapp.com,itsmyfirst.000webhostapp.com
payment-mep-dashboard.payplen.com,payment-mep-dashboard.payplen.com
diqqz.top,diqqz.top
case-help-1018686725263.ketlyef.com,case-help-1018686725263.ketlyef.com
ledgerhelplive-wallett.webflow.io,ledgerhelplive-wallett.webflow.io
185.236.228.18,185.236.228.18
ledger-live-app-faq.webflow.io,ledger-live-app-faq.webflow.io
aordaneverythig.com,aordaneverythig.com
fbauthorized.000webhostapp.com,fbauthorized.000webhostapp.com
motohandel-tomczyk.pl,motohandel-tomczyk.pl
join-grup18new.duckdns.org,join-grup18new.duckdns.org
communaute-protestante-berlin.de/din,communaute-protestante-berlin.de
auth-sso-biglobe-sso-mail-63ab96eee6b61.cogioidaiduong.com/auth-api-webmail-1-sso-rui-index/login.html?resource_url=https:/auth.sso.biglobe.ne.jp/webmail=44657&session=9810,auth-sso-biglobe-sso-mail-63ab96eee6b61.cogioidaiduong.com
myhermes.de-ybxs.top/de,myhermes.de-ybxs.top
newcarepharmacy.in/server/admin/index.php?email=redacted@redacted.invalid,newcarepharmacy.in
box-nftopen.web.app,box-nftopen.web.app
gabung-wassap8.duckdns.org,gabung-wassap8.duckdns.org
henryesabe.temp.swtest.ru/postale/postale/files/login/login.php,henryesabe.temp.swtest.ru
a0367151.xsph.ru/fatturazione-staff/9a42a36e35fcd0b/fatturazione,a0367151.xsph.ru
hr.mansionn.com/?rid=MIXDq0q,hr.mansionn.com
amazon.com.preferredpayments.nz-cobk.tk/Amazon,amazon.com.preferredpayments.nz-cobk.tk
159.65.136.185/banks/ATB/business.html,159.65.136.185
instagram-baitoutzs-login.blogspot.com,instagram-baitoutzs-login.blogspot.com
chickchickproductions.com,chickchickproductions.com
jjygb.blogspot.bg,jjygb.blogspot.bg
grub-youtuber-gaming21.duckdns.org,grub-youtuber-gaming21.duckdns.org
amstontrailer.tiiny.site,amstontrailer.tiiny.site
alert-page-halifax.com,alert-page-halifax.com
dhl.new.delivery.de.50-17-62-50.cprapid.com/dhl/a1b2c3/6385a8599a6f622889351bd83721135a/start,dhl.new.delivery.de.50-17-62-50.cprapid.com
mottamask-lloggjin.godaddysites.com,mottamask-lloggjin.godaddysites.com
identifiez-vous20.godaddysites.com,identifiez-vous20.godaddysites.com
htmlmnsmx.0hi.me,htmlmnsmx.0hi.me
frclient.justns.ru/post/fil/login/login.php,frclient.justns.ru
mitake-sh.com/wp-content/sharepoint-web/connect,mitake-sh.com
apps-ams.com/00/42/Finance/atb/secquestions.php,apps-ams.com
bnnxkjsbcq.cfolks.pl/Dhl.html,bnnxkjsbcq.cfolks.pl
effortless-no-4bce6c.netlify.app,effortless-no-4bce6c.netlify.app
150365.net,150365.net
home--blockfi--sso--cdn.webflow.io,home--blockfi--sso--cdn.webflow.io
lapn.register-here1.xyz,lapn.register-here1.xyz
cl21351.tmweb.ru/account-user,cl21351.tmweb.ru
basirss.com/Shaw2022service,basirss.com
grupbokep-928.duckdns.org,grupbokep-928.duckdns.org
protected.finori.cf/new.php,protected.finori.cf
facebooks-pencegahan.tk,facebooks-pencegahan.tk
nuycheaporder.5gbfree.com/en/106c0d/signin.php,nuycheaporder.5gbfree.com
dofuspourlenoob.com,dofuspourlenoob.com
live.onedrive-365.com,live.onedrive-365.com
dsqkb.nccprojects.org/92916dc,dsqkb.nccprojects.org
weght.weebly.com,weght.weebly.com
mobile-legends-skin-gratis.prik12.my.id,mobile-legends-skin-gratis.prik12.my.id
home6393.godaddysites.com,home6393.godaddysites.com
sayan861.github.io/amazon-project-,sayan861.github.io
chenerat.click,chenerat.click
pages-copyright-protections-updates.gq/Verification-page-owner.php,pages-copyright-protections-updates.gq
portalwebcorporativobogota.com/u/enlinea/wps/portal/banco-de-bogota/bogota/personas.html,portalwebcorporativobogota.com
06tx1.com,06tx1.com
f72d9a1d.1966ks.cn/amagc,f72d9a1d.1966ks.cn
bafybeicu32fc34bz232r5wtetv3dfgnrfynziusqiq474gmxoknt52xcky.ipfs.dweb.link,bafybeicu32fc34bz232r5wtetv3dfgnrfynziusqiq474gmxoknt52xcky.ipfs.dweb.link
54.212.76.135/view-signin.php?facebook_com/marketplace/item/506903381=,54.212.76.135
pyrophoric-geograph.000webhostapp.com/en/season.php,pyrophoric-geograph.000webhostapp.com
2907bankshillrow.info/MAIL/index,2907bankshillrow.info
help-lnstagramsupports.gq,help-lnstagramsupports.gq
itcommunication.co.za/outlook3,itcommunication.co.za
memberreview.weebly.com,memberreview.weebly.com
boaxonline.com/thwee/Paypal%20Security,boaxonline.com
tax.utah-gov-vq.guru/notice,tax.utah-gov-vq.guru
inv-534dk44f34-ap-ar365.dt.r.appspot.com,inv-534dk44f34-ap-ar365.dt.r.appspot.com
secure---itrustcapital----sso--auths.webflow.io,secure---itrustcapital----sso--auths.webflow.io
kaushalpatil123.github.io/codsoftTask1,kaushalpatil123.github.io
docs-trezr-cdn-bridge.webflow.io,docs-trezr-cdn-bridge.webflow.io
ariws03dlercwhswciprbz.cfd,ariws03dlercwhswciprbz.cfd
bokepviralterbaru-18.duckdns.org,bokepviralterbaru-18.duckdns.org
reedempayml.ogr.my.id,reedempayml.ogr.my.id
ngfht.blogspot.hr,ngfht.blogspot.hr
bafybeic2fgbnjwl6cocqa2wdd3qeqcg5amjx34rbeic56pomjugiqbwv6m.ipfs.dweb.link/loveinactionef.html,bafybeic2fgbnjwl6cocqa2wdd3qeqcg5amjx34rbeic56pomjugiqbwv6m.ipfs.dweb.link
https.webmail.office.k7adhwodlj8kq6f09umntdwpidstq.6skf6lk7h2h68gppvk7bl.iuk8k4e4nheatq7horo.kkshe1w19k98nggga7irgw3gr.g249gcxrovvhymghg.ze6pvnktjujrkrh8w3knljk7ptdpc.gowadxsj7hisb8igngyiaas00i.llajkaslskk.duckdns.org/365NewOthersG15/redacted@redacted.invalid/paul,https.webmail.office.k7adhwodlj8kq6f09umntdwpidstq.6skf6lk7h2h68gppvk7bl.iuk8k4e4nheatq7horo.kkshe1w19k98nggga7irgw3gr.g249gcxrovvhymghg.ze6pvnktjujrkrh8w3knljk7ptdpc.gowadxsj7hisb8igngyiaas00i.llajkaslskk.duckdns.org
bafybeierrzmtmulwr3nug3qedmjq7rx5jrozbhdejjtm3y3yc6kphhi6yq.ipfs.w3s.link,bafybeierrzmtmulwr3nug3qedmjq7rx5jrozbhdejjtm3y3yc6kphhi6yq.ipfs.w3s.link
g-solar.my.id,g-solar.my.id
helpcase-account100446667.vercel.app,helpcase-account100446667.vercel.app
cocktailfascism.blogspot.co.id,cocktailfascism.blogspot.co.id
free-ad-credit.surge.sh,free-ad-credit.surge.sh
biayatariftransaksi.com/login.php,biayatariftransaksi.com
n2e1tfix6.com/NtI3/alldetails.html,n2e1tfix6.com
amao-dc021.web.app,amao-dc021.web.app
b45015.com,b45015.com
usps.com-trackawr.top/us,usps.com-trackawr.top
redfogkillu.github.io,redfogkillu.github.io
brillagascaribe-seguros.com,brillagascaribe-seguros.com
mobilelegends7727.ga,mobilelegends7727.ga
dcuk.zjc.shadamstoncollege.co.za/.dcuk.aHR0cHM6Ly9zdG9yYWdlYXBpLmZsZWVrLmNvLzQwMzgxODk3LTY4YzUtNDkwZC04ZTFjLWZlMjEzMmRmYWRjMS1idWNrZXQvd3cuaHRtbCNhdWZ0cmFnLXByb2Zlc3Npb25hbEBqZGVjb2ZmZWUuY29t,dcuk.zjc.shadamstoncollege.co.za
santander-cargo.info,santander-cargo.info
acweca.org/wp-admin/user/--/nickelo/clients,acweca.org
217.8.117.132/a1b2c3/36d6aa1d1c861fb7edadf1746f15d53a/login,217.8.117.132
sso-cdn--itrustcapital.webflow.io,sso-cdn--itrustcapital.webflow.io
qt.hdmkf.com,qt.hdmkf.com
postfb-u47zviqrh.countme.bz.it/profile.html?countUser=88594458a0f00a5b61f847267259e971,postfb-u47zviqrh.countme.bz.it
1krjh-f878a6.ingress-alpha.ewp.live/wp-content/plugins/CAS,1krjh-f878a6.ingress-alpha.ewp.live
salas.co.uk/wells/session/reset_account.php,salas.co.uk
aol-mail-105733098.square.site,aol-mail-105733098.square.site
pophp.est-a-la-maison.com,pophp.est-a-la-maison.com
help-id175962515.web.app,help-id175962515.web.app
mhasnainiftikhar.github.io/Amazon-Clone,mhasnainiftikhar.github.io
recoveryhacroyhacrogh.com/recovery-chekpoint-login-1.html,recoveryhacroyhacrogh.com
fate-season-starburst.glitch.me/jig.html,fate-season-starburst.glitch.me
ktcqaudjswgxutsx-dot-millinium.ey.r.appspot.com,ktcqaudjswgxutsx-dot-millinium.ey.r.appspot.com
fb-newss1.ml,fb-newss1.ml
obcaacmbaemrgepjxyelhsdfab-dot-gleow2021ja.ue.r.appspot.com,obcaacmbaemrgepjxyelhsdfab-dot-gleow2021ja.ue.r.appspot.com
facebook-checkpoint-policy-violation-social-network182.ml,facebook-checkpoint-policy-violation-social-network182.ml
findmyphones.life/aU3V44/code.php,findmyphones.life
2hlzh5pnwe.3518.gencmert.com/.2hlZH5Pnwe.aHR0cHM6Ly9iYW5rYWRlcG8uY29tL2hvbGxhLzJobFpINVBud2UvOTM3MDY1MTgyL2tlbGx5Lmh1aS9rZWxseS5odWlAZGIuY29t,2hlzh5pnwe.3518.gencmert.com
compassionate-easley.128-199-151-14.plesk.page/don/china,compassionate-easley.128-199-151-14.plesk.page
d45935f9.1w1vxy.shop/amagc,d45935f9.1w1vxy.shop
page-business-team.000webhostapp.com,page-business-team.000webhostapp.com
mics.hairtransplante.com/?XXX.asdf-.anN0ZWllckBzdGVpZXJncm91cC5jb20=,mics.hairtransplante.com
au-peyarda.buzz/authflow/index.php?returnUri=signin&country.x=AU&locale.x=en_AU&ctxId=safe5cd4695ff288420a80898521d675af21,au-peyarda.buzz
adaptists.com/aeroplan/banks/ATB,adaptists.com
804e365.com,804e365.com
7413.wmbritishschool.com,7413.wmbritishschool.com
apgkzygliwiv.qwo231sdx.club/index/usps/index.html,apgkzygliwiv.qwo231sdx.club
metarecovery.co.vu,metarecovery.co.vu
3guq.sap3284kfz.cc,3guq.sap3284kfz.cc
projectiqengineering.in/cgprintersu/Alibaba.com/ali/login.php,projectiqengineering.in
backdroplabrador.com/cgi-fce/Home/FB/signin.php,backdroplabrador.com
dnna7mj6e.top,dnna7mj6e.top
lloyd-advicepage.co.uk,lloyd-advicepage.co.uk
barik-ankita.github.io/Netflix-clone,barik-ankita.github.io
inc-100782.weeblysite.com,inc-100782.weeblysite.com
info-free-fr.com/plesk-site-preview/qsszdzs.plesk.45-131.187.253.plesk.page/https/45.131.187.253/40ae0d2e2268cd1/region.php?particulier=,info-free-fr.com
usps.com-trackblt.top/us,usps.com-trackblt.top
futuredeskdchaina.com,futuredeskdchaina.com
appeal-page-zx5z3qb.web.app,appeal-page-zx5z3qb.web.app
netzero-webmail-102972.weeblysite.com,netzero-webmail-102972.weeblysite.com
4577445774.curiositygotme.com,4577445774.curiositygotme.com
openseapro84f.vercel.app,openseapro84f.vercel.app
google.power365.ml,google.power365.ml
news-ghana-afrika.de,news-ghana-afrika.de
tk0ztyui.cdn121.ip-ddns.com,tk0ztyui.cdn121.ip-ddns.com
feitodiariostk.shop,feitodiariostk.shop
official-thehypesquad-team.com/login,official-thehypesquad-team.com
join-grup-bokep-viral-hot2020.000webhostapp.com,join-grup-bokep-viral-hot2020.000webhostapp.com
denizbiankcom.tk,denizbiankcom.tk
miwxautjgafqfsot-dot-millinium.ey.r.appspot.com,miwxautjgafqfsot-dot-millinium.ey.r.appspot.com
109.nhksf.com,109.nhksf.com
8rwe7gfer8g4e5.com,8rwe7gfer8g4e5.com
app-66c896d2c1ac19106cee72c1.closte.com/wp-content/plugins/jss/generale/generale/home,app-66c896d2c1ac19106cee72c1.closte.com
sap18283nj.cc,sap18283nj.cc
royalespin22.com,royalespin22.com
js-ci7.pages.dev,js-ci7.pages.dev
forms-for-new-hypesquad-testers.com/login,forms-for-new-hypesquad-testers.com
dmwtuncxergqkifd-dot-millinium.ey.r.appspot.com,dmwtuncxergqkifd-dot-millinium.ey.r.appspot.com
minorhs.duckdns.org,minorhs.duckdns.org
pi38y3mq5fswery.e8273.pro,pi38y3mq5fswery.e8273.pro
pokerjaws.com/ae/index.php?id=033,pokerjaws.com
migzf.lahoudproductions.com,migzf.lahoudproductions.com
ldksfhsdklvh.ga/New5,ldksfhsdklvh.ga
group-okep-2022.duckdns.org,group-okep-2022.duckdns.org
miintmigration.com/cul/tas/desk/roml/tigb/index.php,miintmigration.com
dekentredent.pages.dev/en/.env,dekentredent.pages.dev
775a5dbe.szzhengqian.cn/amagc,775a5dbe.szzhengqian.cn
daftars-danaaaapayyylaaters.new-vvz.my.id,daftars-danaaaapayyylaaters.new-vvz.my.id
coppercasts.com/copper/index.php,coppercasts.com
errb3.ga/rbfcu/rbfcu/login/ses/session_index,errb3.ga
facebook-verifyissue-meta78.tk,facebook-verifyissue-meta78.tk
alert-365boi.com,alert-365boi.com
acdecor.com.my/web/customer/updates,acdecor.com.my
empty-statuesque-mailbox.glitch.me/public/navyfederal.html,empty-statuesque-mailbox.glitch.me
account-security-information.renegadepartnermap.com/_.php,account-security-information.renegadepartnermap.com
business-alert-1009394127.work.gd,business-alert-1009394127.work.gd
kposetu.gq/china/?login=,kposetu.gq
ofertasimbativeis.info/acompanhamento,ofertasimbativeis.info
people4people50.cyou/weryfikacja,people4people50.cyou
maliyedosyatr.org,maliyedosyatr.org
ff-members-garera.vn,ff-members-garera.vn
hr1.vashonlove.com/.@20@40@.,hr1.vashonlove.com
ecbiz311.inmotionhosting.com/~corekc5/online-bdo.com.ph/sso/login.php,ecbiz311.inmotionhosting.com
dhl-tracking-au.blogspot.sn,dhl-tracking-au.blogspot.sn
mypayee-tsb.com,mypayee-tsb.com
2ly.link/1vLMp,2ly.link
mail.lawinfoadmin.info/index2.php,mail.lawinfoadmin.info
mumponon5oh1.webhop.me/us.html?2Nf8zJ4oH8vPvwUyzhQhY1mO30thIH7MBanBtDZCBtbkNl979971JntUZqTSO6czexqILCwJ2bfvAVECgtX7aNEeQpjIsWc8FF5K_4_2Nf8zJ4oH8vPvwUyzhQhY1mO30thIH7MBanBtDZCBtbkNl979971JntUZqTSO6czexqILCwJ2bfvAVECgtX7aNEeQpjIsWc8FF5K_4,mumponon5oh1.webhop.me
grupbokep01.hol50.com,grupbokep01.hol50.com
52.203.255.244/mua/ERROROTP/scis/j6UnVHZsitlYrxStPNFUN4TsSjgEJkN7dlDp6FXSjFxO/3D/no-back-button,52.203.255.244
facebook.goldensecret.net,facebook.goldensecret.net
indianhambone.github.io,indianhambone.github.io
panoramic-rambunctious-dryosaurus.glitch.me/lankk.htm,panoramic-rambunctious-dryosaurus.glitch.me
pritam-bsk.github.io/netflix_clone_static,pritam-bsk.github.io
bb86666.com:8365/?register=1&agent=4374577496,bb86666.com
bethhorner.com/eaq/Dp0yHlN4AQQkaX4TeqbPioRMhE4v77H5DpKkzgLYmbcBgcGzctCCCGEEFIT8JJ0dXbKlKlTZcb06SpMpkpnV5e0w1NiKiiizFOCphp4Svbv3y/code.php,bethhorner.com
amazonclopp21.shop,amazonclopp21.shop
adaptable-corn-p675ck.mystrikingly.com,adaptable-corn-p675ck.mystrikingly.com
tap12575mx.vip,tap12575mx.vip
usps.paymhbi.vip/pay,usps.paymhbi.vip
fombis.com,fombis.com
crso24id9l.s3.us-south.objectstorage.softlayer.net/chevise/index.html?key=37414b9945317bc33f192d0e6ad2fa0a,crso24id9l.s3.us-south.objectstorage.softlayer.net
qlzndeghsuekwidbje.top,qlzndeghsuekwidbje.top
fabre02.web.app,fabre02.web.app
promocioneesbhd2025rd.imi.lat/?i=1,promocioneesbhd2025rd.imi.lat
sap2062785.cc,sap2062785.cc
fast-art-raspy.on-fleek.app/mqlmyoehlygki1.html,fast-art-raspy.on-fleek.app
trackingqy.life/notice,trackingqy.life
my-site-109281.weeblysite.com,my-site-109281.weeblysite.com
bitcobvo20.top,bitcobvo20.top
ancient.tybocas.workers.dev,ancient.tybocas.workers.dev
ohwxlnooyn.duckdns.org/de,ohwxlnooyn.duckdns.org
888.fxjkd.es/O8jbHtUOUMDbJoEjQ@/$ZG9pZy50YW5uZXJAc3BhcnRhbmNvbnRyb2xzLmNvbQ==%20,888.fxjkd.es
codashop1114943.shorty-xpy.com/vhsfhqpdhdsih6,codashop1114943.shorty-xpy.com
hattatnakkas.com/Active/merger/verification/amazon.php,hattatnakkas.com
bt-104883.weeblysite.com,bt-104883.weeblysite.com
jg3v.biz.id,jg3v.biz.id
je48ti.5q5e5o.cn/instagram-me,je48ti.5q5e5o.cn
bbhadiaa.info-dft.my.id,bbhadiaa.info-dft.my.id
ezchallenges.net,ezchallenges.net
en-us----exodusweb-cdn.webflow.io,en-us----exodusweb-cdn.webflow.io
mail.newlink5a2gdwp.clan4youhost.my.id/vhsfhqpdhdsih6,mail.newlink5a2gdwp.clan4youhost.my.id
virtualbanca.com,virtualbanca.com
pubga.xyz,pubga.xyz
account-verify-again.smirnovas.lt/bankofamerica/04f7cde9,account-verify-again.smirnovas.lt
pmrstuu-bnggsa.duckdns.org,pmrstuu-bnggsa.duckdns.org
3.14.220.39/mua/USER/scis/j6UnVHZsitlYrxStPNFUN4TsSjgEJkN7dlDp6FXSjFxO/3D/no-back-button,3.14.220.39
usps.com-trackxan.top/us,usps.com-trackxan.top
daget-special-event-terbaru.walinecf.biz.id,daget-special-event-terbaru.walinecf.biz.id
001.9zhmn1k5.workers.dev,001.9zhmn1k5.workers.dev
centr-dop.ru/cc/0&novobanco.pt-canais-digital/2357b6475630f921cb9c71eb2644ca05/index.php?ads=1C5CHFA_enCI1031CI1031&oq=sass&aqs=ensure.0.69i59j46i67i199i433i465j69i57j69i60l5.939j0j7&sourceid=chrome&ie=UTF-8,centr-dop.ru
case-help-10002036207108.ketlyef.com/?case-id-100029973=,case-help-10002036207108.ketlyef.com
magical-crisp-9dd01d.netlify.app,magical-crisp-9dd01d.netlify.app
