url,domain,pais,source,label
agustinianomedellin.edu.co,agustinianomedellin.edu.co,Colombia,homepage,0
cr7inmobiliaria.inmo.co,cr7inmobiliaria.inmo.co,Colombia,homepage,0
detodoparaelhogar.com,detodoparaelhogar.com,Colombia,homepage,0
hotelcapridoradal.com,hotelcapridoradal.com,Colombia,homepage,0
encuestas.usbctg.edu.co,encuestas.usbctg.edu.co,Colombia,homepage,0
nrvcc.supersalud.gov.co,nrvcc.supersalud.gov.co,Colombia,homepage,0
moztmilitary.com.co,moztmilitary.com.co,Colombia,homepage,0
bogotamotels.com,bogotamotels.com,Colombia,homepage,0
estafallando.co,estafallando.co,Colombia,homepage,0
brooklynimp.com,brooklynimp.com,Colombia,homepage,0
elmayorista.com,elmayorista.com,Colombia,homepage,0
23435464493.apdownload.com,23435464493.apdownload.com,Colombia,homepage,0
juridicox.com,juridicox.com,Colombia,homepage,0
soporte.atrapalo.com.co,soporte.atrapalo.com.co,Colombia,homepage,0
cotrasangil.com,cotrasangil.com,Colombia,homepage,0
editorialencuentro.com,editorialencuentro.com,Colombia,homepage,0
amattdenim.com,amattdenim.com,Colombia,homepage,0
cordilleras.com.co,cordilleras.com.co,Colombia,homepage,0
card.apperty.app,card.apperty.app,Colombia,homepage,0
emdupar.gov.co,emdupar.gov.co,Colombia,homepage,0
aipeshoes.com,aipeshoes.com,Colombia,homepage,0
automax.com.co,automax.com.co,Colombia,homepage,0
iudigital.edu.co,iudigital.edu.co,Colombia,homepage,0
micampus.unal.edu.co,micampus.unal.edu.co,Colombia,homepage,0
aletta.com.co,aletta.com.co,Colombia,homepage,0
contoda.com.co,contoda.com.co,Colombia,homepage,0
humanizar.edu.co,humanizar.edu.co,Colombia,homepage,0
mylovestore.co,mylovestore.co,Colombia,homepage,0
lapausahotel.com,lapausahotel.com,Colombia,homepage,0
miplantecucuta.com,miplantecucuta.com,Colombia,homepage,0
ordecol.com,ordecol.com,Colombia,homepage,0
odoo.optecom.com.co,odoo.optecom.com.co,Colombia,homepage,0
porkcolombia.co,porkcolombia.co,Colombia,homepage,0
prontus.jaccomerciales.com,prontus.jaccomerciales.com,Colombia,homepage,0
picadasamarellas.com,picadasamarellas.com,Colombia,homepage,0
servidores.com.co,servidores.com.co,Colombia,homepage,0
tecnico.fedecoltenis.com,tecnico.fedecoltenis.com,Colombia,homepage,0
surtiacrylicos.com,surtiacrylicos.com,Colombia,homepage,0
eleganzashop.co,eleganzashop.co,Colombia,homepage,0
autoymotoferia.com.co,autoymotoferia.com.co,Colombia,homepage,0
formacion.grupovanti.com,formacion.grupovanti.com,Colombia,homepage,0
sabaneta.gov.co,sabaneta.gov.co,Colombia,homepage,0
campusvirtual.centrocms.com,campusvirtual.centrocms.com,Colombia,homepage,0
moodle.ipn.edu.co,moodle.ipn.edu.co,Colombia,homepage,0
soacha.avisos-colombia.com,soacha.avisos-colombia.com,Colombia,homepage,0
aguademar.com.co,aguademar.com.co,Colombia,homepage,0
renaultnorteysur.com,renaultnorteysur.com,Colombia,homepage,0
mercurylatam.com,mercurylatam.com,Colombia,homepage,0
eme.com.co,eme.com.co,Colombia,homepage,0
bienestar.unisangil.edu.co,bienestar.unisangil.edu.co,Colombia,homepage,0
equirent.com.co,equirent.com.co,Colombia,homepage,0
panoramaitagui.com,panoramaitagui.com,Colombia,homepage,0
cundifutbol.com,cundifutbol.com,Colombia,homepage,0
aula.clinaltec.com,aula.clinaltec.com,Colombia,homepage,0
litigando.com,litigando.com,Colombia,homepage,0
virtual3.uts.edu.co,virtual3.uts.edu.co,Colombia,homepage,0
smartinbox.co,smartinbox.co,Colombia,homepage,0
refacil.co,refacil.co,Colombia,homepage,0
palorosabreakfast.com,palorosabreakfast.com,Colombia,homepage,0
colegionuevayork.edu.co,colegionuevayork.edu.co,Colombia,homepage,0
avicolaelmadrono.com,avicolaelmadrono.com,Colombia,homepage,0
colalafas.phidias.co,colalafas.phidias.co,Colombia,homepage,0
colombialider.milaulas.com,colombialider.milaulas.com,Colombia,homepage,0
autovillas.co,autovillas.co,Colombia,homepage,0
gmaxcarrental.com,gmaxcarrental.com,Colombia,homepage,0
coytex.com.co,coytex.com.co,Colombia,homepage,0
cootransfusa.com,cootransfusa.com,Colombia,homepage,0
cardiosigloxxi.com,cardiosigloxxi.com,Colombia,homepage,0
affi.net,affi.net,Colombia,homepage,0
joyeriaurbanaco.com,joyeriaurbanaco.com,Colombia,homepage,0
camaratulua.org,camaratulua.org,Colombia,homepage,0
coljaimegarzon.edu.co,coljaimegarzon.edu.co,Colombia,homepage,0
campus.vpro.com.co,campus.vpro.com.co,Colombia,homepage,0
montagas.com.co,montagas.com.co,Colombia,homepage,0
nomadliving.com.co,nomadliving.com.co,Colombia,homepage,0
consuelogomez.co,consuelogomez.co,Colombia,homepage,0
bolsavida.com.co,bolsavida.com.co,Colombia,homepage,0
bdsistemasei.com,bdsistemasei.com,Colombia,homepage,0
apps.viviendasyvalores.com.co,apps.viviendasyvalores.com.co,Colombia,homepage,0
hotelmaguipi.com.co,hotelmaguipi.com.co,Colombia,homepage,0
lamerceria.com.co,lamerceria.com.co,Colombia,homepage,0
loscobosmc.com,loscobosmc.com,Colombia,homepage,0
ciesju.udenar.edu.co,ciesju.udenar.edu.co,Colombia,homepage,0
celsiainternet.freshdesk.com,celsiainternet.freshdesk.com,Colombia,homepage,0
analdex.org,analdex.org,Colombia,homepage,0
cursosphotoarts.com,cursosphotoarts.com,Colombia,homepage,0
apply.unipd.it,apply.unipd.it,Colombia,homepage,0
allnaturalcolombia.com,allnaturalcolombia.com,Colombia,homepage,0
carreramotos.buk.co,carreramotos.buk.co,Colombia,homepage,0
lamarimonda.com,lamarimonda.com,Colombia,homepage,0
fga.com.co,fga.com.co,Colombia,homepage,0
abckidsdigital.com,abckidsdigital.com,Colombia,homepage,0
dinamicopd.com,dinamicopd.com,Colombia,homepage,0
u-cima.com,u-cima.com,Colombia,homepage,0
filmyfly.racing,filmyfly.racing,Colombia,homepage,0
welli.com.co,welli.com.co,Colombia,homepage,0
softwaregipa.com,softwaregipa.com,Colombia,homepage,0
www2.uis.edu.co,www2.uis.edu.co,Colombia,homepage,0
gse.com.co,gse.com.co,Colombia,homepage,0
brunomeza.com,brunomeza.com,Colombia,homepage,0
4dlab.co,4dlab.co,Colombia,homepage,0
popperscolombia.com,popperscolombia.com,Colombia,homepage,0
simonmolina.com,simonmolina.com,Colombia,homepage,0
academy.lupe.com.co,academy.lupe.com.co,Colombia,homepage,0
media.agasobanuyenow.com,media.agasobanuyenow.com,Colombia,homepage,0
investigaciones.upn.edu.co,investigaciones.upn.edu.co,Colombia,homepage,0
cuenca.com.co,cuenca.com.co,Colombia,homepage,0
dmariastore.com,dmariastore.com,Colombia,homepage,0
bluepanther.store,bluepanther.store,Colombia,homepage,0
saramarstore.com,saramarstore.com,Colombia,homepage,0
cpbebes.com,cpbebes.com,Colombia,homepage,0
ofeliacakes.com,ofeliacakes.com,Colombia,homepage,0
armada.psigmaonline.com,armada.psigmaonline.com,Colombia,homepage,0
alfogramas.com,alfogramas.com,Colombia,homepage,0
nacionaldeservicios.com,nacionaldeservicios.com,Colombia,homepage,0
ucp.edu.co,ucp.edu.co,Colombia,homepage,0
calentadoresagas.co,calentadoresagas.co,Colombia,homepage,0
villarreal.com.co,villarreal.com.co,Colombia,homepage,0
barrocojeans.com,barrocojeans.com,Colombia,homepage,0
ieraimundolourdes.edu.co,ieraimundolourdes.edu.co,Colombia,homepage,0
byskinlab.com,byskinlab.com,Colombia,homepage,0
co.imigra.net,co.imigra.net,Colombia,homepage,0
juntaregionalbogota.co,juntaregionalbogota.co,Colombia,homepage,0
julietamakeup.com.co,julietamakeup.com.co,Colombia,homepage,0
ruins-skateshop.com,ruins-skateshop.com,Colombia,homepage,0
canapro.coop,canapro.coop,Colombia,homepage,0
saveaplaya.org,saveaplaya.org,Colombia,homepage,0
purocuero.com.co,purocuero.com.co,Colombia,homepage,0
henriholec.edu.co,henriholec.edu.co,Colombia,homepage,0
paynext.co,paynext.co,Colombia,homepage,0
dnaplus.app,dnaplus.app,Colombia,homepage,0
ligasantandereanadefutbol.co,ligasantandereanadefutbol.co,Colombia,homepage,0
multielectro.com,multielectro.com,Colombia,homepage,0
activistasconstructivos.org,activistasconstructivos.org,Colombia,homepage,0
biosmedic.com,biosmedic.com,Colombia,homepage,0
diaxme.com,diaxme.com,Colombia,homepage,0
babykoala.co,babykoala.co,Colombia,homepage,0
owlcolombia.com,owlcolombia.com,Colombia,homepage,0
23447875897.pzpanda.com,23447875897.pzpanda.com,Colombia,homepage,0
manguerasybandas.com,manguerasybandas.com,Colombia,homepage,0
decomprass.com,decomprass.com,Colombia,homepage,0
interbogota.com,interbogota.com,Colombia,homepage,0
cootransunidos.com,cootransunidos.com,Colombia,homepage,0
sanangel.com.co,sanangel.com.co,Colombia,homepage,0
aristore.online,aristore.online,Colombia,homepage,0
elrincondelhogar.co,elrincondelhogar.co,Colombia,homepage,0
imprenta.gov.co,imprenta.gov.co,Colombia,homepage,0
revistaaxxis.com.co,revistaaxxis.com.co,Colombia,homepage,0
fcfacademy.com.co,fcfacademy.com.co,Colombia,homepage,0
extrategiamedios.com,extrategiamedios.com,Colombia,homepage,0
pregrados.ustabuca.edu.co,pregrados.ustabuca.edu.co,Colombia,homepage,0
tienda.rheem.com.co,tienda.rheem.com.co,Colombia,homepage,0
cursospreuniversitarios.com,cursospreuniversitarios.com,Colombia,homepage,0
priassport.com,priassport.com,Colombia,homepage,0
academiavipers.com,academiavipers.com,Colombia,homepage,0
simodistribuciones.com,simodistribuciones.com,Colombia,homepage,0
calzamos.com,calzamos.com,Colombia,homepage,0
brousnic.com,brousnic.com,Colombia,homepage,0
asiastorecolombia.com,asiastorecolombia.com,Colombia,homepage,0
terminaltunja.com,terminaltunja.com,Colombia,homepage,0
sicte.com,sicte.com,Colombia,homepage,0
institutobiblicocmb.edu.co,institutobiblicocmb.edu.co,Colombia,homepage,0
neuromedica.com.co,neuromedica.com.co,Colombia,homepage,0
colegiobenedictino.edu.co,colegiobenedictino.edu.co,Colombia,homepage,0
coros2026.blogspot.com,coros2026.blogspot.com,Colombia,homepage,0
eleeditorial.com,eleeditorial.com,Colombia,homepage,0
coopetransa.com,coopetransa.com,Colombia,homepage,0
barbuquejoshop.myshopify.com,barbuquejoshop.myshopify.com,Colombia,homepage,0
rservi.com.co,rservi.com.co,Colombia,homepage,0
alternativebeer.com.co,alternativebeer.com.co,Colombia,homepage,0
colegiolondres.edu.co,colegiolondres.edu.co,Colombia,homepage,0
cmaptools.en.softonic.com,cmaptools.en.softonic.com,Colombia,homepage,0
aquaterraesp.gov.co,aquaterraesp.gov.co,Colombia,homepage,0
floresdeencanto.com,floresdeencanto.com,Colombia,homepage,0
web.laserrezuela.co,web.laserrezuela.co,Colombia,homepage,0
clubelnogal.com,clubelnogal.com,Colombia,homepage,0
crediminuto.buk.co,crediminuto.buk.co,Colombia,homepage,0
consulta.runtplaca.com,consulta.runtplaca.com,Colombia,homepage,0
coljgaitan.edu.co,coljgaitan.edu.co,Colombia,homepage,0
autoantioquia.edu.co,autoantioquia.edu.co,Colombia,homepage,0
concasaya.com,concasaya.com,Colombia,homepage,0
aromasdebello.com.co,aromasdebello.com.co,Colombia,homepage,0
desarrolloeconomico.gov.co,desarrolloeconomico.gov.co,Colombia,homepage,0
supresenciacooperativa.com,supresenciacooperativa.com,Colombia,homepage,0
sanbartolo.edu.co,sanbartolo.edu.co,Colombia,homepage,0
signoco.net,signoco.net,Colombia,homepage,0
constructoraberlin.com,constructoraberlin.com,Colombia,homepage,0
bienestar.ugc.edu.co,bienestar.ugc.edu.co,Colombia,homepage,0
easybakery.shop,easybakery.shop,Colombia,homepage,0
advanceperfumeria.com,advanceperfumeria.com,Colombia,homepage,0
ayuda.stake.com.co,ayuda.stake.com.co,Colombia,homepage,0
medicalimaging.com.co,medicalimaging.com.co,Colombia,homepage,0
exicasa.com,exicasa.com,Colombia,homepage,0
integritylegal.co,integritylegal.co,Colombia,homepage,0
granpremiomd.com,granpremiomd.com,Colombia,homepage,0
http://bimoney.co/mis-pagos.html,bimoney.co,Colombia,url,0
https://arrechos.co/temporada-2023,arrechos.co,Colombia,url,0
https://b2b.cipa.com.co/login,b2b.cipa.com.co,Colombia,url,0
https://paisa.alerta.com.co/hinchada,paisa.alerta.com.co,Colombia,url,0
https://www.evolerp.com/portafolio.html,evolerp.com,Colombia,url,0
https://101fintech.com/Contacto.aspx,101fintech.com,Colombia,url,0
https://www.tequendamahotel.com/faq,tequendamahotel.com,Colombia,url,0
https://bigcasting.co/comerciales,bigcasting.co,Colombia,url,0
https://www.redesmedicasips.com/servicios,redesmedicasips.com,Colombia,url,0
https://atnlogistics.co/servicios,atnlogistics.co,Colombia,url,0
https://cinemalocal.co/programacion,cinemalocal.co,Colombia,url,0
https://capacitapro.net/957-2,capacitapro.net,Colombia,url,0
https://hidraliss.com/ecommerce,hidraliss.com,Colombia,url,0
https://codema.coop/contacto,codema.coop,Colombia,url,0
https://divioficinas.com/reparaciones,divioficinas.com,Colombia,url,0
https://cauchosmalaca.com/proyectos,cauchosmalaca.com,Colombia,url,0
https://dmd.org.co/boletines-recursos,dmd.org.co,Colombia,url,0
https://www.grupoasmedan.com/vacunacion,grupoasmedan.com,Colombia,url,0
https://www.srwok.com/pedidos,srwok.com,Colombia,url,0
https://ipsprosalud.com/contactanos,ipsprosalud.com,Colombia,url,0
https://huevoskikes.com/productos,huevoskikes.com,Colombia,url,0
https://unipaz.edu.co/soy-estudiante,unipaz.edu.co,Colombia,url,0
https://santiagobotero.com/blog,santiagobotero.com,Colombia,url,0
https://inmobiliariasi.com/historia,inmobiliariasi.com,Colombia,url,0
https://gerson.gov.co/mapeo,gerson.gov.co,Colombia,url,0
https://crecereacciones.com/signup,crecereacciones.com,Colombia,url,0
https://www.balotoresultados.co/contacto,balotoresultados.co,Colombia,url,0
https://diamante.com.co/blog,diamante.com.co,Colombia,url,0
https://bases.unal.edu.co/sede-la-paz,bases.unal.edu.co,Colombia,url,0
https://pagosimple.com/data-simple,pagosimple.com,Colombia,url,0
https://www.munaysanctuary.com/contact-9,munaysanctuary.com,Colombia,url,0
https://agesoc.org/inscripcion-cursos,agesoc.org,Colombia,url,0
https://cosmocentro.com/contacto,cosmocentro.com,Colombia,url,0
https://senaplus.co/logo-del-sena,senaplus.co,Colombia,url,0
https://cemped.edu.co/ea_cursos,cemped.edu.co,Colombia,url,0
https://my.ediexpressinc.com/home.asp,my.ediexpressinc.com,Colombia,url,0
https://www.vasagoo.com/blog,vasagoo.com,Colombia,url,0
https://www.enthaltda.com.co/eventos,enthaltda.com.co,Colombia,url,0
https://www.mipymes.gov.co/contactenos,mipymes.gov.co,Colombia,url,0
https://teatronacional.co/bono-regalo,teatronacional.co,Colombia,url,0
https://caribe.unad.edu.co/la-guajira,caribe.unad.edu.co,Colombia,url,0
https://sannicolasedu.com/nosotros,sannicolasedu.com,Colombia,url,0
https://daniel.com.co/daniel.com.co,daniel.com.co,Colombia,url,0
https://app.confiopagos.com/login,app.confiopagos.com,Colombia,url,0
https://www.prointegral.com/about_us,prointegral.com,Colombia,url,0
https://dracamilaromero.com/servicios,dracamilaromero.com,Colombia,url,0
https://mexicanitos.co/salsas,mexicanitos.co,Colombia,url,0
https://mattilda.com.co/contacto,mattilda.com.co,Colombia,url,0
https://cialta.com/somos-sostenibles,cialta.com,Colombia,url,0
https://cccombeima.com/3004279230,cccombeima.com,Colombia,url,0
https://archies.co/ubicaciones,archies.co,Colombia,url,0
https://anayco.net/venta-equipos,anayco.net,Colombia,url,0
https://constructoragracol.com/avances-obra,constructoragracol.com,Colombia,url,0
https://empleo.porcicarnes.com/KactuRl,empleo.porcicarnes.com,Colombia,url,0
https://oftapalmira.com/area-colaboradores,oftapalmira.com,Colombia,url,0
https://stage.ris.com.co/documentos-legales,stage.ris.com.co,Colombia,url,0
https://colitasfelices.org/politica-de-cookies,colitasfelices.org,Colombia,url,0
https://carecolombiaong.org/arg-regional-2022,carecolombiaong.org,Colombia,url,0
https://posa.com.co/teminos-y-condiciones,posa.com.co,Colombia,url,0
https://uniban.com/desarrollo-de-mercados,uniban.com,Colombia,url,0
https://www.comercialpapelera.com.co/nosotros,comercialpapelera.com.co,Colombia,url,0
https://multy360.com/politica-de-envio,multy360.com,Colombia,url,0
https://bateriaswillard.com/trabaja-con-nosotros,bateriaswillard.com,Colombia,url,0
https://trejos.co/buenaventura-armenia,trejos.co,Colombia,url,0
https://dias.limpiafy.co/vincula-tu-empleada,dias.limpiafy.co,Colombia,url,0
https://cifcconsorciobftel.com/SIGCORE,cifcconsorciobftel.com,Colombia,url,0
https://seguridadsancarlos.com/emergencias_mascotas,seguridadsancarlos.com,Colombia,url,0
https://sanjoserefugio.edu.co/velada-navidena,sanjoserefugio.edu.co,Colombia,url,0
https://parquelosarrieros.com/regimen-de-responsabilidad,parquelosarrieros.com,Colombia,url,0
https://alimentosreborn.com/testimonios,alimentosreborn.com,Colombia,url,0
https://summitbogota.com/feliz-cumpleanos,summitbogota.com,Colombia,url,0
https://ievidanueva.edu.co/protocolos-y-ruta,ievidanueva.edu.co,Colombia,url,0
https://tuticket.com.co/concierto-de-conciertos-2026,tuticket.com.co,Colombia,url,0
https://tiendamedicalospinos.com/retoma-cama-hospitalaria,tiendamedicalospinos.com,Colombia,url,0
https://clinicaelitedental.com.co/protesis,clinicaelitedental.com.co,Colombia,url,0
https://www.masteracademic.info/contactodemo.php,masteracademic.info,Colombia,url,0
https://clinicantioquia.com.co/resultados-en-linea,clinicantioquia.com.co,Colombia,url,0
https://susuerte.com/condiciones-promocionales,susuerte.com,Colombia,url,0
https://www.eurointernacional.com/sillas-descuentos,eurointernacional.com,Colombia,url,0
https://nomiweb.dms.ms/pss_recuperar.aspx,nomiweb.dms.ms,Colombia,url,0
https://clubdelidereschevrolet.com/register,clubdelidereschevrolet.com,Colombia,url,0
https://experta.cymetria.com/terminos-condiciones.pdf,experta.cymetria.com,Colombia,url,0
https://www.fasecolda.com/asociaciones-de-segu,fasecolda.com,Colombia,url,0
https://site.gigha.com.co/lp-atraccion-de-talentos-gigha,site.gigha.com.co,Colombia,url,0
https://giant-bicycles.com.co/contend-sl-2-disc-2023.html,giant-bicycles.com.co,Colombia,url,0
https://agro-costa.com/nuestro-portafolio,agro-costa.com,Colombia,url,0
https://www.farmacentervirtual.com/finalizar-compra,farmacentervirtual.com,Colombia,url,0
https://mesa.comfandi.com.co/apis.html,mesa.comfandi.com.co,Colombia,url,0
https://www.conjuntoexpress.com/funcionalidad.html,conjuntoexpress.com,Colombia,url,0
https://wedent.co/nuestros-profesionales,wedent.co,Colombia,url,0
https://somosthegula.com/el-papa-de-los-asados-2026,somosthegula.com,Colombia,url,0
https://zenplug.co/preguntas-frecuentes,zenplug.co,Colombia,url,0
https://liwa.co/puntos-de-pago-liwa-puntored,liwa.co,Colombia,url,0
https://app.redecom.co/datos-personales,app.redecom.co,Colombia,url,0
https://ada.cedenar.com.co/feasibility,ada.cedenar.com.co,Colombia,url,0
https://www.granjalandiainteractiva.com/acerca-de,granjalandiainteractiva.com,Colombia,url,0
https://asistencia24horasbogota.com/contactanos,asistencia24horasbogota.com,Colombia,url,0
https://aseoslaperfeccion.com/blog-menu,aseoslaperfeccion.com,Colombia,url,0
https://tiempos.com.co/preguntas-frecuentes,tiempos.com.co,Colombia,url,0
https://luzcol.com/products/vestido-nova-nueva-coleccion,luzcol.com,Colombia,url,0
https://naturalpride.co/collections/muestras,naturalpride.co,Colombia,url,0
https://bymarttcolombia.lat/policies/shipping-policy,bymarttcolombia.lat,Colombia,url,0
https://www.moicolombia.com/collections/falda-short,moicolombia.com,Colombia,url,0
https://snacksaludable.co/my-account/lost-password,snacksaludable.co,Colombia,url,0
https://ider.gov.co/pddr-2/3-etapa-de-formulacion,ider.gov.co,Colombia,url,0
https://taxbelalcazar.com.co/planes/la-guajira,taxbelalcazar.com.co,Colombia,url,0
http://www.colombiadistancia.com/distance/26189140-26189418,colombiadistancia.com,Colombia,url,0
https://cienciaabierta.uan.edu.co/Content/privacy,cienciaabierta.uan.edu.co,Colombia,url,0
https://robotschool.com.co/cursos/salas-maker-steam,robotschool.com.co,Colombia,url,0
https://cajitasconamor.com/product-category/otros,cajitasconamor.com,Colombia,url,0
https://uifonline.labour.gov.za/uifOnline/signout,uifonline.labour.gov.za,Colombia,url,0
https://web.angelvirtual.com/user/search,web.angelvirtual.com,Colombia,url,0
https://vascosecurity.avancyserp.com/web/login,vascosecurity.avancyserp.com,Colombia,url,0
https://disenosizqo.com/products/kit-recomen-20,disenosizqo.com,Colombia,url,0
https://seguro.comparaonline.com.co/cuenta-de-ahorro/tip,seguro.comparaonline.com.co,Colombia,url,0
https://iglesiafiladelfiacerete.co/category/integrated,iglesiafiladelfiacerete.co,Colombia,url,0
https://agradeci.it.com/products/mosquito-killer,agradeci.it.com,Colombia,url,0
https://accesorioslunaverde.com/policies/shipping-policy,accesorioslunaverde.com,Colombia,url,0
https://aris-mining.com/about-us/corporate-overview,aris-mining.com,Colombia,url,0
https://aplicaciones.semedical.com.co/docs/changelog.html,aplicaciones.semedical.com.co,Colombia,url,0
https://biblioteca.sena.edu.co/paginas/bases_libres.html,biblioteca.sena.edu.co,Colombia,url,0
https://www.incap.edu.co/campus-virtual/biblioteca-virtual,incap.edu.co,Colombia,url,0
https://galan.eddijhons.com/producto/burger-cronch-2,galan.eddijhons.com,Colombia,url,0
https://www.tiendarubbermaid.com/cart/pedido,tiendarubbermaid.com,Colombia,url,0
https://merkapez.com/producto/xin-xhu-vermicelli-500g,merkapez.com,Colombia,url,0
https://promoestetica.com/producto/venus-criolipolisis,promoestetica.com,Colombia,url,0
https://dlk.pandape.computrabajo.com/ApplyCT/12664254,dlk.pandape.computrabajo.com,Colombia,url,0
https://odoo.alfaam.com.co/page/website.feniex,odoo.alfaam.com.co,Colombia,url,0
https://barakbig.com/products/5-bodys-x-100-000,barakbig.com,Colombia,url,0
https://lantoclothes.com/products/nuevo-body-343,lantoclothes.com,Colombia,url,0
https://ellaserotic.com/prepagos/culonas,ellaserotic.com,Colombia,url,0
https://brooklynshop.co/products/new-balance-530-aaa,brooklynshop.co,Colombia,url,0
https://www.urbansportscolombia.com/product-category/ligas,urbansportscolombia.com,Colombia,url,0
https://iscplus.co/servicios_plus/manos-a-la-obra,iscplus.co,Colombia,url,0
https://tiendamariana.com/categoria-producto/libros,tiendamariana.com,Colombia,url,0
https://comfenalcoquindio.com/2026/06/01,comfenalcoquindio.com,Colombia,url,0
https://aula.academiaeliteltda.net/course/36/about,aula.academiaeliteltda.net,Colombia,url,0
https://www.vetpluscolombia.com/index.php/planes/39-esmeralda,vetpluscolombia.com,Colombia,url,0
https://app.eam.edu.co/site/site/espaciosacademicos.php,app.eam.edu.co,Colombia,url,0
https://www.hdiseguros.com.co/personas/seguros-autos/motos,hdiseguros.com.co,Colombia,url,0
http://cecimin.com.co/index.php/service/consulta,cecimin.com.co,Colombia,url,0
https://glambulancias.com/img/portfolio/09.jpg,glambulancias.com,Colombia,url,0
https://pinares.phidias.co/person/password/magiclink,pinares.phidias.co,Colombia,url,0
https://testigos.partidomira.com/testigos/auth/login,testigos.partidomira.com,Colombia,url,0
https://cartagenadelmar.edu.co/index/galerias/54,cartagenadelmar.edu.co,Colombia,url,0
https://www.nestoria.com.co/vichada/casas/venta,nestoria.com.co,Colombia,url,0
https://eservicioseducativos.com/blog-noticias/page/2,eservicioseducativos.com,Colombia,url,0
https://applauso.co/cdn-cgi/l/email-protection,applauso.co,Colombia,url,0
https://itco.edu.co/web/category/izadas-de-bandera,itco.edu.co,Colombia,url,0
https://corporacioncrecer.net/main/gradebook/search.php,corporacioncrecer.net,Colombia,url,0
https://www.recuperarsas.com/menu/8/quienes-somos,recuperarsas.com,Colombia,url,0
https://credilondon.com/cdn-cgi/l/email-protection,credilondon.com,Colombia,url,0
https://rogansya.com/system/nosotros/donde-estamos,rogansya.com,Colombia,url,0
https://www.fondofeip.com/index.php/nosotros/cuerpo-directivo,fondofeip.com,Colombia,url,0
https://escolvig.com/gallery/data/1629902758.jpg,escolvig.com,Colombia,url,0
http://suinmobiliaria.com.co/inmueble/5977/Arriendo,suinmobiliaria.com.co,Colombia,url,0
https://sansebastian.phidias.co/person/password/remind,sansebastian.phidias.co,Colombia,url,0
https://pqrs1.encoexpres.co/tramite_respuestas/create/17,pqrs1.encoexpres.co,Colombia,url,0
https://beewo.herokuapp.com/users/password/new,beewo.herokuapp.com,Colombia,url,0
https://ieantonionarino.edu.co/web/category/celebraciones,ieantonionarino.edu.co,Colombia,url,0
https://europanidesign.com/productos/categoria/decoracion,europanidesign.com,Colombia,url,0
https://app.flexiapp.com.co/app/negocios/solicitud,app.flexiapp.com.co,Colombia,url,0
https://co.salvat.com/cdn-cgi/l/email-protection,co.salvat.com,Colombia,url,0
https://santaclara.phidias.co/person/password/remind,santaclara.phidias.co,Colombia,url,0
https://web.colpegasus.com/cdn-cgi/l/email-protection,web.colpegasus.com,Colombia,url,0
https://catemar.com.co/categoria-producto/color/cafe,catemar.com.co,Colombia,url,0
https://www.discoverysex.com.co/categoria-producto/lenceria/medias-y-accesorios,discoverysex.com.co,Colombia,url,0
https://sumiteccomunicaciones.com/categoria-producto/computadores/venta,sumiteccomunicaciones.com,Colombia,url,0
https://www.legaquimicos.com/www.legaquimicos.com/www.legaquimicos.com/tienda,legaquimicos.com,Colombia,url,0
https://ccfacatativa.org.co/media/jn0bjq4h/tarifasmasc2026.pdf,ccfacatativa.org.co,Colombia,url,0
https://cbc.coop/servicios-para-ti/creditos/credito-de-vivienda,cbc.coop,Colombia,url,0
https://motosyaccesorios.com/product-category/cascos/abatible,motosyaccesorios.com,Colombia,url,0
https://investor.alcon.com/governance/board-of-directors/default.aspx,investor.alcon.com,Colombia,url,0
https://www.coninsa.co/corporativo/sostenibilidad/sostenibilidad-ambiental,coninsa.co,Colombia,url,0
https://palace.colmedicos.com/erp/snt/websys_resultados.snt,palace.colmedicos.com,Colombia,url,0
https://papeleriaelpinguino.com/web/categoria-producto/pinguiya,papeleriaelpinguino.com,Colombia,url,0
https://penalosa.com.co/productos/categoria/GRIFERIAS-BAÑOS,penalosa.com.co,Colombia,url,0
https://versalles.colmedicos.com/erp/snt/websys_resultados.snt,versalles.colmedicos.com,Colombia,url,0
https://www.prometalicos.com/category/porcinos/porcinas-mecanicas,prometalicos.com,Colombia,url,0
http://www.meta.cruzrojameta.org:9081/pag/portafolio/ConMedGeneral.aspx,meta.cruzrojameta.org,Colombia,url,0
https://piercing-glamz.co/blogs/news/los-10-piercings-mas-populares,piercing-glamz.co,Colombia,url,0
https://liceosoria.dpdsoft.com/reportes/documentosPre/manualCnv.pdf,liceosoria.dpdsoft.com,Colombia,url,0
https://cristoreybogota.phidias.co/person/password/magiclink,cristoreybogota.phidias.co,Colombia,url,0
https://main.plataformasintia.com/app-sintia/main-app/registro.php,main.plataformasintia.com,Colombia,url,0
https://ctl.gnosoft.com.co/inicioV2/no_sesion/olvido_contrasena.jsp,ctl.gnosoft.com.co,Colombia,url,0
https://toogeek.co/productos/sillas,toogeek.co,Colombia,url,0
https://herejewear.com/products/lucca,herejewear.com,Colombia,url,0
https://adipa.co/sesion/google,adipa.co,Colombia,url,0
https://multitexhome.com/product/24,multitexhome.com,Colombia,url,0
https://betobee.t3rsc.co/detalle/6562,betobee.t3rsc.co,Colombia,url,0
http://www.usaquen.gov.co/calendario/dia,usaquen.gov.co,Colombia,url,0
https://www.vchallenges.co/2026/boletines,vchallenges.co,Colombia,url,0
https://ipssanar.com/category/blog,ipssanar.com,Colombia,url,0
https://altipal.co/en/home,altipal.co,Colombia,url,0
https://mail.ejemedica.com/SOGo/SOGo,mail.ejemedica.com,Colombia,url,0
https://sarta.com.co/collections/mugs,sarta.com.co,Colombia,url,0
https://usm.edu.co/index.php/pqrs,usm.edu.co,Colombia,url,0
https://app.asimetrix.co/auth/login,app.asimetrix.co,Colombia,url,0
https://asreales.com/author/admin,asreales.com,Colombia,url,0
https://jardinesorigami.com/jardin-infantil-origami-pasadena,jardinesorigami.com,Colombia,url,0
https://mariainmaculadaschool.edu.co/instructivo-inscripcion-y-matricula,mariainmaculadaschool.edu.co,Colombia,url,0
https://www.prindel.com.co/peticiones-quejas-reclamos-y-sugerencias,prindel.com.co,Colombia,url,0
https://transitodelatlantico.gov.co/caracterizacion-de-usuarios,transitodelatlantico.gov.co,Colombia,url,0
https://www.greenmantenimiento.com/mantenimiento-de-pozos-septicos,greenmantenimiento.com,Colombia,url,0
https://academiadebellezazeus.com/las-tendencias-en-peinado-para-novias-2024,academiadebellezazeus.com,Colombia,url,0
https://co.edicionesnorma.com/maestros-que-encienden-el-alma,co.edicionesnorma.com,Colombia,url,0
https://consultadeprocesos.co/consulta-de-procesos-por-nombre-y-apellido,consultadeprocesos.co,Colombia,url,0
https://www.aoacolombia.com/oficinas-a-nivel-nacional-aoa-colombia,aoacolombia.com,Colombia,url,0
https://bpmsas.co/como-hacer-el-curso-de-manipulador-de-alimentos-gratis-2,bpmsas.co,Colombia,url,0
https://pidetucita.alkomprar.com/politica-de-uso-de-cookies,pidetucita.alkomprar.com,Colombia,url,0
https://newyorkmoney.com.co/requisitos-cambio-compra-venta-moneda,newyorkmoney.com.co,Colombia,url,0
https://cardiometa.com.co/calculadora-de-riesgo-cardiovascular,cardiometa.com.co,Colombia,url,0
https://movifit.co/online-store/TROTADORA-X2-BLACK-EDITION-MOVIFIT-p708602076,movifit.co,Colombia,url,0
https://blissednails.com/producto/esmalte-shikle-gel-8ml-037-dallas,blissednails.com,Colombia,url,0
https://elitegaleriastore.com/collections/esenciales-de-belleza-y-hogar,elitegaleriastore.com,Colombia,url,0
https://academy.rocketbot.com/courses/introduccion-al-orquestador,academy.rocketbot.com,Colombia,url,0
https://boutiqueororosa.com/producto/short-cello-am49908md,boutiqueororosa.com,Colombia,url,0
https://pasadias.lagocalima.com.co/service/pasadia-mystic-paradise-25,pasadias.lagocalima.com.co,Colombia,url,0
https://ancoraswimwear.com.co/collections/pantalones-shorts,ancoraswimwear.com.co,Colombia,url,0
https://dilusso.com.co/products/gafas-de-sol-metal-mujer-sol-21360,dilusso.com.co,Colombia,url,0
https://www.insidehome.com.co/proyecto/casas-prefabricadas-pereira-colombia,insidehome.com.co,Colombia,url,0
https://dirigiblesdelvalle.com.co/producto/anycubic-kobra-s1-combo,dirigiblesdelvalle.com.co,Colombia,url,0
https://docs.bmad-method.org/how-to/expand-bmad-for-your-org,docs.bmad-method.org,Colombia,url,0
https://dondechechiinsumos.com/reposteria/cajas-y-empaques/cajas/otras1,dondechechiinsumos.com,Colombia,url,0
https://web.tuboleta.com/images/2023/AsistenciaTuboleta/index.html,web.tuboleta.com,Colombia,url,0
https://sipex.pasarex.com/admin/documentos/CO/PQR_Trimestre_II_2018.pdf,sipex.pasarex.com,Colombia,url,0
https://compumuebles.com/blogs/proyectos/tagged/sillas-ejecutivas,compumuebles.com,Colombia,url,0
https://www.congente.coop/index.php/pages/portfolio-2/2015-02-02-15-01-30,congente.coop,Colombia,url,0
https://www.hotelescafam.com/es/hotel-almirante-en-melgar/habitaciones/estandar,hotelescafam.com,Colombia,url,0
https://adornoselegantisima.com/producto-categoria/telas/pique/unicolor-pique,adornoselegantisima.com,Colombia,url,0
https://revistas.bellasartes.edu.co/index.php/papel/issue/archive,revistas.bellasartes.edu.co,Colombia,url,0
https://vuelos.tropitours.co/wtc/bm/informacion/OfertaPaisesVuelosI.aspx,vuelos.tropitours.co,Colombia,url,0
https://aliados.terpel.com/tiendaterpel/sso/saml2/login,aliados.terpel.com,Colombia,url,0
https://nysrenault.saasco.co/index.php/cruge/ui/login,nysrenault.saasco.co,Colombia,url,0
https://www.avisos-colombia.com/category/17/offer_type/1,avisos-colombia.com,Colombia,url,0
https://colsanpablo.com/2020/08/02/cronograma,colsanpablo.com,Colombia,url,0
https://www.efigas.com.co/ef_resources/2026/02/imagen-2.png,efigas.com.co,Colombia,url,0
https://losbristol.co/collections/sol/products/caineblack,losbristol.co,Colombia,url,0
https://iedjosemarti.edu.co/2025/09/23/circular-c18,iedjosemarti.edu.co,Colombia,url,0
https://roboticstrong.xyz/galeria.php?pagina=2,roboticstrong.xyz,Colombia,url,0
https://grupovivir.com.co/sede.php?site=900335468,grupovivir.com.co,Colombia,url,0
https://www.voyahcolombia.com/blogs?hsLang=es-co,voyahcolombia.com,Colombia,url,0
https://www.papajohns.com.co/combos?map=productclusternames,papajohns.com.co,Colombia,url,0
https://jobs.ecopetrol.com.co/viewalljobs?locale=pt_BR,jobs.ecopetrol.com.co,Colombia,url,0
https://juliaoboticarios.com/carrito?action=show,juliaoboticarios.com,Colombia,url,0
https://www.svelthus.com/blog.html?start=4,svelthus.com,Colombia,url,0
https://puraprote.co/wp-content/uploads/2025/05/info-ISO.jpg,puraprote.co,Colombia,url,0
https://vehiculos.elpais.com.co/avisos/venta/carros/renault/sandero,vehiculos.elpais.com.co,Colombia,url,0
https://jamestown.edu.co/wp-content/uploads/2026/03/Ibague-1-scaled-1.jpg,jamestown.edu.co,Colombia,url,0
https://flashback.com.co/wp-content/uploads/2024/03/ARG86B_1.png,flashback.com.co,Colombia,url,0
https://armeniahotel.com.co/wp-content/uploads/2022/06/Salon-Colombia13.jpg,armeniahotel.com.co,Colombia,url,0
https://tucasafinca.com/wp-content/uploads/2025/02/Untitled2.12-scaled.jpg,tucasafinca.com,Colombia,url,0
https://tvimportsparty.control2.es/recuperarclave.php?campoorigen=cedula,tvimportsparty.control2.es,Colombia,url,0
https://facatativa.gov.co/loader.php?lServicio=Tools2&lTipo=idioma&idioma=ES,facatativa.gov.co,Colombia,url,0
https://www.consejoprofesional.org.co/validar-matricula.php?p=7,consejoprofesional.org.co,Colombia,url,0
https://enlinea.fecolsa.com.co/loginAsociado.php?nit=860527467-1,enlinea.fecolsa.com.co,Colombia,url,0
https://unisysmt.service-now.com/$pwd_reset.do?sysparm_url=ss_default,unisysmt.service-now.com,Colombia,url,0
https://usuarios.usbcali.edu.co/authorization.do?ignoreReferer=true,usuarios.usbcali.edu.co,Colombia,url,0
https://cinemultiplex.co/Home/Index?pr_keypel=71011121&pr_fecprg=20260617,cinemultiplex.co,Colombia,url,0
https://miamivirtualschool.net/contenidointeractivo/?lang=en,miamivirtualschool.net,Colombia,url,0
https://www.petsplaza.com.co/collections/vendors?q=Nutra%20Nugets,petsplaza.com.co,Colombia,url,0
https://www.ciccolombia.travel/images/FILE/FILE/anexo_autorizacion_y_tratamiento_de_datos.pdf,ciccolombia.travel,Colombia,url,0
https://lavittoria.com.co/tienda/catering/personal-de-servicio/servicio-de-mesero,lavittoria.com.co,Colombia,url,0
https://labsens.co/tienda/fragancias/fragancias-a-base-de-aceite/fragancia-lima-gardenia,labsens.co,Colombia,url,0
https://conimagenes.com/wp-content/uploads/2021/08/fotografia-bolso-borsa-1024x1024-2.jpg,conimagenes.com,Colombia,url,0
https://amiscot.com/categoria-producto/gato/accesorios-gato/comederos-bebederos-gato/filtros-gato,amiscot.com,Colombia,url,0
https://casalibertadmedellin.com/wp-content/uploads/2026/04/Zonas-comunes-Casa-Libertad-02.jpg,casalibertadmedellin.com,Colombia,url,0
https://bless-spa.com/descubriendo-el-arte-del-masaje-tantrico-conexion-armonia-y-bienestar-2,bless-spa.com,Colombia,url,0
https://comparador.kredicity.com/politica-de-cookies-y-datos-de-navegacion-digital,comparador.kredicity.com,Colombia,url,0
https://biblioteca.uan.edu.co/nuestros-servicios-prestamo-de-material-bibliografico,biblioteca.uan.edu.co,Colombia,url,0
https://belcharnik2.mitiendanube.com/ec/productos/consola-krj9-retro-dragon-ball-z,belcharnik2.mitiendanube.com,Colombia,url,0
https://pascualbravo.edu.co/administrativo/evaluacion-y-control/desde-la-rectoria,pascualbravo.edu.co,Colombia,url,0
https://chocolates.com.co/en/news/tosh-continues-to-innovate-in-central-america,chocolates.com.co,Colombia,url,0
https://bellarose.com.co/producto/vestido-largo-satinado-de-abertura-rf-7485-3,bellarose.com.co,Colombia,url,0
https://almacenessaludsalud.com/buscador/codigo-postal-yopal-casanare-colombia.html,almacenessaludsalud.com,Colombia,url,0
https://calzamundo.com.co/product/423-bfa0682-tacones-para-mujer-en-color-talco,calzamundo.com.co,Colombia,url,0
https://winbelife.com/mioficina/store/filtros?tipo=2&categoria=39,winbelife.com,Colombia,url,0
https://diviherplus.com.co/producto/divi-her/?add-to-cart=5732,diviherplus.com.co,Colombia,url,0
https://ido.xm.com.co/Views/Ido/hidrologia.aspx?q=vertimientos,ido.xm.com.co,Colombia,url,0
https://formate.participaenchia.com/course/view.php?id=61,formate.participaenchia.com,Colombia,url,0
https://mogomatte.us/collections/all?page=2,mogomatte.us,Colombia,url,0
https://aulas.gestacol.co/jacinto/moodle/admin/tool/dataprivacy/summary.php,aulas.gestacol.co,Colombia,url,0
https://fundacionser.co//wp-content/uploads/2025/12/NUESTRA-IDENTIDAD.pdf,fundacionser.co,Colombia,url,0
https://laurinacol.com.co/customer_authentication/login?return_to=%2F&locale=es&ui_hint=full,laurinacol.com.co,Colombia,url,0
https://charmstores.co/customer_authentication/redirect?locale=es&region_country=CO,charmstores.co,Colombia,url,0
http://catagul.edu.co/sitio/index.php/2023/06/04/primera-promocion-de-mediadores-escolares,catagul.edu.co,Colombia,url,0
https://www.cosmitet.net/Cosmitet/wp-content/uploads/2022/03/Politica-Datos-Personales.pdf,cosmitet.net,Colombia,url,0
https://vetrox.co/categoria-producto/accesorios-para-motos/?product_added_to_cart=179&quantity=1&add-to-cart=3602,vetrox.co,Colombia,url,0
https://elearning.kab.ac.ug/auth/oauth2/login.php?id=4&wantsurl=https%3A%2F%2Felearning.kab.ac.ug%2F&sesskey=ormFE6xHVm,elearning.kab.ac.ug,Colombia,url,0
https://glpi.infometrika.net/glpi/plugins/singlesignon/front/callback.php/provider/Array,glpi.infometrika.net,Colombia,url,0
https://danieldaza.com/producto/charla-del-ano-chino-del-caballo-2026/?add-to-cart=3702,danieldaza.com,Colombia,url,0
https://ferreteriamauro.com/producto/winche-electrico-250-500-20mt-110v-di092/?add-to-cart=1107,ferreteriamauro.com,Colombia,url,0
https://vbhcprize.com/wp-content/uploads/2022/03/13..jpg,vbhcprize.com,Colombia,url,0
https://fedequinas.org/wp-content/uploads/2020/06/3.jpg,fedequinas.org,Colombia,url,0
https://aquiesdulceria.co/products/6090-nerds-gummy-cluster-very-berry-85gr?variant=50829914013991,aquiesdulceria.co,Colombia,url,0
https://aguamarinaoficial.com/products/conjunto-de-falda-plisada-y-croptop-con-cremallera-frontal?view=favoritos,aguamarinaoficial.com,Colombia,url,0
https://berhlan.com/noticia/1/home,berhlan.com,Colombia,url,0
https://cencac.edu.co/2026/04/11,cencac.edu.co,Colombia,url,0
https://sisconpes.dnp.gov.co/SisCONPESWeb//new_ctmp/DocumentosPublicos/Boletines/Boletin_2021-1.pdf,sisconpes.dnp.gov.co,Colombia,url,0
https://sigesi.valledelcauca.gov.co/storage/Clientes/Gobernacion/Sis/imagenes/3._Tallersatorio_DisenŢo_Lineamientos.pdf,sigesi.valledelcauca.gov.co,Colombia,url,0
https://cartel.com.co/tienditi/page/2/?tax_product_cat=hoodies&orderby=menu_order&unfilter=1,cartel.com.co,Colombia,url,0
https://mosagrescolombia.com/cdn/shop/files/FT_-_ATTITUDE_12W_SK_60x120.pdf?v=1543196897790142479,mosagrescolombia.com,Colombia,url,0
https://23551070632.buzzf.social/detail/which_type_of_bending_is_ideal_for_you__1754989576569.html,23551070632.buzzf.social,Colombia,url,0
https://23345236037.lakakids.com/detail/guess_what_s_that_let_s_find_the_missing_part__1700618530982.html,23345236037.lakakids.com,Colombia,url,0
https://wanderth.com/cdn/shop/files/S31115-C1-2_1800x1800.png?v=1774736335,wanderth.com,Colombia,url,0
https://notariasbogota.com.co/certificado-de-tradicion-y-libertad-en-bogota-2026-como-solicitarlo-costos-y-vigencia-2,notariasbogota.com.co,Colombia,url,0
https://registroprovisional.coced.co/registro/?redireccion=https%3A%2F%2Fregistroprovisional.coced.co%2Fregistro%2F%3Fredireccion%3Dhttps%3A%2F%2Fregistroprovisional.coced.co%2F,registroprovisional.coced.co,Colombia,url,0
https://ugad.ufps.edu.co/datarsoft001/home.ufps;jsessionid=A0DA9BA9980C946DACC794E94E39FE4B?actionMethod=home.xhtml%3ACVarios.abrirArchivo2%28%27%2Fusr%2Flocal%2FJBoss%2FDocumentos%2FInstructivos%2Fmanual_datarsoft.pdf%27%29&cid=374214,ugad.ufps.edu.co,Colombia,url,0
https://booking.sonestapereira.com/bookcore/my-booking/?lang=es&_gl=1*dafyqy*_gcl_au*MTE4Mjk0NzAwNy4xNzI5MDkyNTcy*_ga*NDM5MzU2NTQ5LjE3MjkwOTI1NzM.*_ga_W0YY3H9DRN*MTczMzg2Mjc2OS42LjAuMTczMzg2Mjc2OS42MC4wLjE2Nzk2NDExNTU.,booking.sonestapereira.com,Colombia,url,0
https://www.rivera-huila.gov.co/Transparencia/_layouts/15/Authenticate.aspx?Source=%2FTransparencia%2FPaginas%2FCMGRD%2DConcejo%20Municipal%2D%20Gestion%2DRiesgo%2Dde%2DDesatres%2Easpx,rivera-huila.gov.co,Colombia,url,0
https://indycarnorte.setmore.com/book?step=time-slot&products=408c0a7a-e03c-49fd-94b8-7222ffc8983e&type=class&staff=0e64ac39-743f-4c77-b913-27c8bb1f8075&staffSelected=true,indycarnorte.setmore.com,Colombia,url,0
https://www.daportare.com.co/carta/postres/donuts?zona=136,daportare.com.co,Colombia,url,0
https://cdaseikou.com/wp-content/uploads/2021/10/black-sport-motorcycle-2021-08-26-23-57-36-utc-min-1.jpg,cdaseikou.com,Colombia,url,0
https://alumaronline.com/tienda/producto/set-4-vasos-elysia-gold-trago-largo-12-25-oz-520445g/?add-to-cart=238680,alumaronline.com,Colombia,url,0
https://aulavirtual.cuc.edu.co/auth/oauth2/login.php?id=1&wantsurl=https%3A%2F%2Faulavirtual.cuc.edu.co%2Fcourse%2Fview.php%3Fid%3D26%26section%3D4&sesskey=rHDfoMdc5R,aulavirtual.cuc.edu.co,Colombia,url,0
https://www.inmobiliariajovelmunoz.com.co/whatsapp-redirect?url=https://www.inmobiliariajovelmunoz.com.co/propiedad/1384,inmobiliariajovelmunoz.com.co,Colombia,url,0
https://registro.uniandes.edu.co/index.php/elaboracion-horarios-de-medicina/servicio-de-audio-respuesta-medicina,registro.uniandes.edu.co,Colombia,url,0
https://pradosdealameda.edu.co/wp-content/uploads/sites/7/2023/08/RECOMENDACIONES-EN-CASO-DE-UN-SISMO.jpeg,pradosdealameda.edu.co,Colombia,url,0
https://starhouse.com.co/producto/muebles/muebles-para-tv/rack-para-tv-flotante-luft-15x180x29-rta-wengue,starhouse.com.co,Colombia,url,0
https://www.lanuevaprensa.com.co/component/k2/colombia-llevo-a-la-onu-su-apuesta-por-la-paz-y-la-defensa-de-migrantes?tmpl=component&print=1,lanuevaprensa.com.co,Colombia,url,0
https://superioramericano.edu.co/el-colegio-superior-americano-recibe-reconocimiento-por-su-compromiso-ambiental-en-la-reciclaton-2-2,superioramericano.edu.co,Colombia,url,0
https://ieannavitiello.edu.co/web/wp-content/plugins/download-attachments/includes/download.php?id=12730,ieannavitiello.edu.co,Colombia,url,0
https://www.asuntoslegales.com.co/consultorio/mientras-hablamos-de-regular-la-ia-una-empresa-ya-se-escribio-su-propia-constitucion-4403604,asuntoslegales.com.co,Colombia,url,0
https://help.ads.microsoft.com/apex/index/3/en/60048?t_id=1b579e4c-be17-4e1c-af16-ea08a31a3461,help.ads.microsoft.com,Colombia,url,0
https://armatura.com.co/cdn/shop/files/Saco-cuello-redondo-trenzado-Hortensia-Azul-Oscuro-Mujer-frente_1800x1800.webp?v=1761833823,armatura.com.co,Colombia,url,0
https://carlosfelipemejia.com/estamos-a-tiempo-de-recuperar-la-seguridad-y-el-orden-intervencion-del-senador-mejia-en-consejo-de-seguridad-realizado-en-pereira,carlosfelipemejia.com,Colombia,url,0
https://academia.utch.edu.co/forgotpassword.php?u=da39a3ee5e6b4b0d3255bfef95601890afd80709&token=65de90f3729029938eb9c1b03b9fdbf3,academia.utch.edu.co,Colombia,url,0
https://www.defensoria.gov.co/documents/3330994/3908544/5_Manifestaciones_clim%C3%A1ticas_extremas_de_la_cuenca_y_el_bioma_amaz%C3%B3nico.pdf/83394012-7468-9f57-544b-6ecab6dce09e?t=1778183522934,defensoria.gov.co,Colombia,url,0
https://micarrusel.com/collections/ninos?filter.p.m.custom.talla=gid%3A%2F%2Fshopify%2FMetaobject%2F189117202502&sort_by=best-selling,micarrusel.com,Colombia,url,0
https://reservas.aviajarcolombia.com/es-CO/Package/CLO/l-328103/2026-07-06/2026-07-08/2/0/0/2026-07-06/2026-07-08/2/false/false/NA/Economy/NA/aviajar--008,reservas.aviajarcolombia.com,Colombia,url,0
https://doblon.com.co/categoria-producto/soldadura/electrodos-para-soldadura/electrodo-para-soldar-acero-al-carbono-aws-a5-1/?add-to-cart=548,doblon.com.co,Colombia,url,0
https://hospitalneiva.gov.co/wp-content/uploads/2018/10/RESOLUCION-No.-0304-DE-17-DE-ABRIL-DE-2017.pdf,hospitalneiva.gov.co,Colombia,url,0
https://velabella423.com/producto/pistola-de-calor-profesional,velabella423.com,Colombia,url,0
https://bolsainmobiliaria.com.co/local-alquiler-macarena-ibague/9927675,bolsainmobiliaria.com.co,Colombia,url,0
https://chander.shop/collections/all?page=2,chander.shop,Colombia,url,0
https://dieselandino.com/camiones-f/camion-fvr-corto-automatico,dieselandino.com,Colombia,url,0
https://bancomedicamentos.org/PDF/Responsabilidad-ambiental-Fun-BancoDM.pdf,bancomedicamentos.org,Colombia,url,0
https://www.cascosstoreoficial.com/online-store/LS2-c111530187,cascosstoreoficial.com,Colombia,url,0
https://www.centromotosdc.com/wp-content/uploads/2021/02/TVS_APACHERTR_180_2V_7.jpg,centromotosdc.com,Colombia,url,0
https://cerezamayorista.com/collections/angeles-y-demonios,cerezamayorista.com,Colombia,url,0
https://crediantioquia.com/wp-content/uploads/2024/09/Matriz-de-Riesgo-anticorrupcion-CrediAntioquia-2024-V2-1.xlsx,crediantioquia.com,Colombia,url,0
https://www.usadosrentingcolombia.com/page-viewer/preguntas-frecuentes,usadosrentingcolombia.com,Colombia,url,0
https://23517117534.goodkidsgame.com/detail/sample_13215.html,23517117534.goodkidsgame.com,Colombia,url,0
https://directorio.grupomilagros.com/collections/finalizadores,directorio.grupomilagros.com,Colombia,url,0
https://congrupo.com.co/todos-los-productos/hersheys-xl-chocolate-124gr,congrupo.com.co,Colombia,url,0
https://ccpradoverde.com/marca/family-fashion-almacen-de-ropa,ccpradoverde.com,Colombia,url,0
https://colegiomayordelcaribe.edu.co/courses/pre-sociales-transicion/lecciones/2-ubicacion-espacial,colegiomayordelcaribe.edu.co,Colombia,url,0
https://alianzaeducativa.edu.co/wp-content/uploads/2026/01/IMG_0310-scaled.jpg,alianzaeducativa.edu.co,Colombia,url,0
https://supermercadomercar.com/wp-content/uploads/2026/05/3_Post_pauta_Promociones-Destacadas_1080_X_1080.jpg-2.jpeg,supermercadomercar.com,Colombia,url,0
https://www.imperiodelcalzado.com/products/copy-of-caterpillar-reflectiva,imperiodelcalzado.com,Colombia,url,0
https://medplus.com.co/index.php/escribiendo-una-nueva-historia-soy-portador-del-vih,medplus.com.co,Colombia,url,0
https://www.institutojoseantoniogalan.com/micolegio/micolegio.php?acc=2,institutojoseantoniogalan.com,Colombia,url,0
https://autopacificohyundai.com.co/wp-content/uploads/2026/03/hyundai_i10_tecnologias_camara_de_reserva_attraction_b14e12a2a7.webp,autopacificohyundai.com.co,Colombia,url,0
https://aulavirtual.itfip.edu.co/course/view.php?id=18,aulavirtual.itfip.edu.co,Colombia,url,0
https://alcaltda.com/products/nevera-mdrt346mt?variant=46853918949530,alcaltda.com,Colombia,url,0
https://bisumedellin.com/search/?view=wishlist,bisumedellin.com,Colombia,url,0
https://www.radiohoy.com/2026/06/01/denuncian-el-empeoramiento-del-estado-de-salud-del-exvicepresidente-jorge-glas/790571,radiohoy.com,Colombia,url,0
https://carrerasuniversitarias.com.co/explorar/psicologia-social-universidad-del-sinu-elias-bechara-zainum-z-y-p-1-1097-1050,carrerasuniversitarias.com.co,Colombia,url,0
https://coserenlinea.com.co/products/troquel-para-foamy-fomi-y-papel-50mm-x-unidad,coserenlinea.com.co,Colombia,url,0
https://www.xvideos.com/video.ooepotb8203/48337900/THUMBNUM/secretary_will_do_anything_for_her_performance_review,xvideos.com,Colombia,url,0
https://serviarrendar.com/property/se-vende-finca-ubicada-en-el-municipio-de-abrego,serviarrendar.com,Colombia,url,0
https://www.sergiourrego.org/wp-content/uploads/2025/02/Neutralidad-y-libertad-de-culto-en-la-Educacion-Publica.pdf,sergiourrego.org,Colombia,url,0
https://vpl.uniamazonia.edu.co/user/profile.php?id=10,vpl.uniamazonia.edu.co,Colombia,url,0
https://estructurasinfantiles.com/tipo-producto/accesorios-para-parques-infantiles,estructurasinfantiles.com,Colombia,url,0
https://curbamonteria.com/monteria-grande/general?show-all=1,curbamonteria.com,Colombia,url,0
https://dhansanisas.com/products/combo-ergonomico-espaldar-y-asiento-para-oficina,dhansanisas.com,Colombia,url,0
https://laveta.com.co/productos/?filter_marca=3m&add-to-cart=13718,laveta.com.co,Colombia,url,0
https://23639943585.quizela.com/detail/which_my_little_pony_character_are_you__1754989549254.html,23639943585.quizela.com,Colombia,url,0
https://www.hernanocazionez.com.co/preparacion/tomografias-para-ninos,hernanocazionez.com.co,Colombia,url,0
https://sinigualshop.com/blogs/noticias?page=2,sinigualshop.com,Colombia,url,0
https://monicasuarezswimwear.co/products/bikini-sol-brillante-%F0%9F%94%86,monicasuarezswimwear.co,Colombia,url,0
https://www.tienda-sportfitness.com/products/bicicleta-spinning-genoa-r1-sport-fitness-70320?Color=Azul,tienda-sportfitness.com,Colombia,url,0
http://primegroup.cargolink.aero/Account/RecoveryPassword,primegroup.cargolink.aero,Colombia,url,0
https://amlcomercializadorasas.com/collections/acc-para-play-4,amlcomercializadorasas.com,Colombia,url,0
https://mulliganstore.com.co/productos/survive-the-island-espanol-doxe2,mulliganstore.com.co,Colombia,url,0
https://pgacolombia.com/wp-content/uploads/2025/11/Allianz-TPC-25-Ganador4-scaled.jpg,pgacolombia.com,Colombia,url,0
https://iactual.co/wp-content/uploads/2021/12/Proyecto-Planta-3-Entre-Cielos.jpg,iactual.co,Colombia,url,0
https://www.clinicassanrafael.com/vacantes/auxiliar-de-enfermeria-consulta-externa,clinicassanrafael.com,Colombia,url,0
alcostopapeleria.com,alcostopapeleria.com,Colombia,homepage,0
hogaru.com,hogaru.com,Colombia,homepage,0
teatrocolsubsidio.com,teatrocolsubsidio.com,Colombia,homepage,0
lucy.staffing.com.co,lucy.staffing.com.co,Colombia,homepage,0
amferreteria.com,amferreteria.com,Colombia,homepage,0
culturantioquia.gov.co,culturantioquia.gov.co,Colombia,homepage,0
hefpacking.com,hefpacking.com,Colombia,homepage,0
texttexhogar.com.co,texttexhogar.com.co,Colombia,homepage,0
distritodoymas.co,distritodoymas.co,Colombia,homepage,0
collectivebikes.co,collectivebikes.co,Colombia,homepage,0
lemontinmobiliaria.com,lemontinmobiliaria.com,Colombia,homepage,0
https://scuniformes.com/colegios/colegio-nuestra-senora-de-la-paz-eduardo-santos-cnsp,scuniformes.com,Colombia,url,0
csf.pandape.computrabajo.com,csf.pandape.computrabajo.com,Colombia,homepage,0
clandestine.com.co,clandestine.com.co,Colombia,homepage,0
catalogos.dwei.com.co,catalogos.dwei.com.co,Colombia,homepage,0
inegamissociales.blogspot.com,inegamissociales.blogspot.com,Colombia,homepage,0
viniciuz.com.co,viniciuz.com.co,Colombia,homepage,0
skinrepublic.com.co,skinrepublic.com.co,Colombia,homepage,0
kantica.co,kantica.co,Colombia,homepage,0
https://granfondonairoquintana.com/wp-content/uploads/2026/01/b2083acdfa453666a8ca7969107ab7ee642e3969.jpg,granfondonairoquintana.com,Colombia,url,0
https://colmac.edu.co/programas-academicos/programa-de-bilinguismo,colmac.edu.co,Colombia,url,0
dolceplacer.com,dolceplacer.com,Colombia,homepage,0
http://aulabiffi.gnosoft.com.co/login/forgot_password.php,aulabiffi.gnosoft.com.co,Colombia,url,0
frenesi.com.co,frenesi.com.co,Colombia,homepage,0
https://moodle.serviciocivil.gov.co/course/view.php?id=1871,moodle.serviciocivil.gov.co,Colombia,url,0
sitio.empoduitama.com,sitio.empoduitama.com,Colombia,homepage,0
https://andoke.com.co/paseos/paseo-con-refrigerio-en-el-jardin,andoke.com.co,Colombia,url,0
giovanniventadirecta.com,giovanniventadirecta.com,Colombia,homepage,0
https://basicjeans.co/products/pack-denim-curve-mujer-3-unidades,basicjeans.co,Colombia,url,0
sme-pdsp.minsalud.gov.co,sme-pdsp.minsalud.gov.co,Colombia,homepage,0
colombia.generation.org,colombia.generation.org,Colombia,homepage,0
https://elpalaciodelosdulces.com/producto/snow-mint-krash-x-100unds,elpalaciodelosdulces.com,Colombia,url,0
hype.com.co,hype.com.co,Colombia,homepage,0
centrocorona.com,centrocorona.com,Colombia,homepage,0
https://paulocesarmolina.milaulas.com/course/view.php?id=40,paulocesarmolina.milaulas.com,Colombia,url,0
aunklik.com.co,aunklik.com.co,Colombia,homepage,0
https://importadoramotofox.com/cart-2/?remove_item=e236f67a14fe84b74513d61b80da5953&_wpnonce=4f3d1521b9,importadoramotofox.com,Colombia,url,0
clicsdv.lideresdeimpacto.org,clicsdv.lideresdeimpacto.org,Colombia,homepage,0
begreen.com.co,begreen.com.co,Colombia,homepage,0
athame.shop,athame.shop,Colombia,homepage,0
cpri.javeriana.edu.co,cpri.javeriana.edu.co,Colombia,homepage,0
fabricacreativa.co,fabricacreativa.co,Colombia,homepage,0
oikosinmobiliaria.com,oikosinmobiliaria.com,Colombia,homepage,0
supraindustrial.com.co,supraindustrial.com.co,Colombia,homepage,0
murillo.com.co,murillo.com.co,Colombia,homepage,0
adida.org.co,adida.org.co,Colombia,homepage,0
proveedordirecto.com,proveedordirecto.com,Colombia,homepage,0
metaltools.co,metaltools.co,Colombia,homepage,0
https://icaft.edu.co/wp-content/uploads/2024/06/Estados-financieros-ICAFT-2023_Dic_firmado.pdf,icaft.edu.co,Colombia,url,0
https://claudialozanoboutique.com/product-category/vestidos-de-novia,claudialozanoboutique.com,Colombia,url,0
acevedoycia.com,acevedoycia.com,Colombia,homepage,0
https://click-ycompra.com/products/fast-acting-clear-pain-relieving-60ml,click-ycompra.com,Colombia,url,0
freestorecol.com,freestorecol.com,Colombia,homepage,0
winninghunter.com,winninghunter.com,Colombia,homepage,0
mipedidocolombia.store,mipedidocolombia.store,Colombia,homepage,0
diverkids.co,diverkids.co,Colombia,homepage,0
centrodiesel.com.co,centrodiesel.com.co,Colombia,homepage,0
https://cycsonido.com/products/yamaha-dxr15mkii-cabina-activa-de-15-pulgadas?variant=49748014923999,cycsonido.com,Colombia,url,0
22209944773.lakakids.com,22209944773.lakakids.com,Colombia,homepage,0
https://mypantalla.co/producto/descuento-estudiantil-anual,mypantalla.co,Colombia,url,0
https://isjdelasalle.edu.co/wp-content/uploads/2024/09/REGLAMENTO-DEL-COMITE-ESCOLAR-DE-CONVIVENCIA-2024-IE-SAN-JOSE-DE-LA-SALLE-1.pdf,isjdelasalle.edu.co,Colombia,url,0
cachorrosllanogrande.com,cachorrosllanogrande.com,Colombia,homepage,0
richmondschool.edu.co,richmondschool.edu.co,Colombia,homepage,0
solintedsas.com,solintedsas.com,Colombia,homepage,0
https://www.sotoinmobiliaria.com/wp-content/uploads/2025/09/WhatsApp-Image-2025-11-08-at-8.19.58-AM-3.jpeg,sotoinmobiliaria.com,Colombia,url,0
autogl-co.99bestcars.com,autogl-co.99bestcars.com,Colombia,homepage,0
tuseguro.hdiseguros.com.co,tuseguro.hdiseguros.com.co,Colombia,homepage,0
siu-tutuava.com,siu-tutuava.com,Colombia,homepage,0
https://pistonstore.com/home-fashion-womenswear/top-quality,pistonstore.com,Colombia,url,0
virtual.inesco.edu.co,virtual.inesco.edu.co,Colombia,homepage,0
bonbonnechocolateria.com,bonbonnechocolateria.com,Colombia,homepage,0
https://22754117032.appposts.com/detail/jp.nicovideo.android,22754117032.appposts.com,Colombia,url,0
arriendeseguro.com,arriendeseguro.com,Colombia,homepage,0
dinosaurioselyarumo.com,dinosaurioselyarumo.com,Colombia,homepage,0
buzzin.live,buzzin.live,Colombia,homepage,0
colfreinet.edu.co,colfreinet.edu.co,Colombia,homepage,0
tenisaw.com,tenisaw.com,Colombia,homepage,0
colcompartirsubaied.edu.co,colcompartirsubaied.edu.co,Colombia,homepage,0
citosalud.com,citosalud.com,Colombia,homepage,0
pleasuresensual.com.co,pleasuresensual.com.co,Colombia,homepage,0
eliteairguns.com.co,eliteairguns.com.co,Colombia,homepage,0
ccsincelejo.org,ccsincelejo.org,Colombia,homepage,0
gps3regisdataweb.com,gps3regisdataweb.com,Colombia,homepage,0
zneakzrealm.com.co,zneakzrealm.com.co,Colombia,homepage,0
evans.com.co,evans.com.co,Colombia,homepage,0
starskids.edu.co,starskids.edu.co,Colombia,homepage,0
modadivat.com,modadivat.com,Colombia,homepage,0
motelloscoches.com,motelloscoches.com,Colombia,homepage,0
onetelecomunicaciones.com,onetelecomunicaciones.com,Colombia,homepage,0
tauramenaturistica.com,tauramenaturistica.com,Colombia,homepage,0
https://ciautopartes.com/categoria-producto/enfriador-de-aceite-interno,ciautopartes.com,Colombia,url,0
sig.cali.gov.co,sig.cali.gov.co,Colombia,homepage,0
frizfrozfruz.com,frizfrozfruz.com,Colombia,homepage,0
tusalud24hrs.com,tusalud24hrs.com,Colombia,homepage,0
vestidosdebanobarud.com,vestidosdebanobarud.com,Colombia,homepage,0
detallesflorales.com,detallesflorales.com,Colombia,homepage,0
colproceres.edu.co,colproceres.edu.co,Colombia,homepage,0
dolce-fashion.co,dolce-fashion.co,Colombia,homepage,0
https://beluar.co/producto/apaches-en-lona-azul-con-cuero-azul,beluar.co,Colombia,url,0
miabuelapepita.com,miabuelapepita.com,Colombia,homepage,0
diveco.co,diveco.co,Colombia,homepage,0
maxempleos.com,maxempleos.com,Colombia,homepage,0
ctcbogotacundinamarca.com,ctcbogotacundinamarca.com,Colombia,homepage,0
cootranshuila.com,cootranshuila.com,Colombia,homepage,0
calzadoelgamo.com,calzadoelgamo.com,Colombia,homepage,0
https://www.plateriaramirez.com/store/anillos-en-plata/14926-1948-argolla-en-plata-ley-925-pisargolla-con-circones-601935.html,plateriaramirez.com,Colombia,url,0
crecemosweb.com,crecemosweb.com,Colombia,homepage,0
prisma.icfes.edu.co,prisma.icfes.edu.co,Colombia,homepage,0
promocosta.com.co,promocosta.com.co,Colombia,homepage,0
ribeiraoimoveis.com.br,ribeiraoimoveis.com.br,Brasil,homepage,0
cultspplay.com.br,cultspplay.com.br,Brasil,homepage,0
sigristpatisserie.com.br,sigristpatisserie.com.br,Brasil,homepage,0
panou.com.br,panou.com.br,Brasil,homepage,0
diariosm.com.br,diariosm.com.br,Brasil,homepage,0
direcional.com.br,direcional.com.br,Brasil,homepage,0
refriparts.com.br,refriparts.com.br,Brasil,homepage,0
23551223497.buzzf.social,23551223497.buzzf.social,Brasil,homepage,0
calculadorabrasil.com.br,calculadorabrasil.com.br,Brasil,homepage,0
baixarmelody.com.br,baixarmelody.com.br,Brasil,homepage,0
atacadoideal.com.br,atacadoideal.com.br,Brasil,homepage,0
zyo.se,zyo.se,Brasil,homepage,0
honeywhale.com.br,honeywhale.com.br,Brasil,homepage,0
forums.dragcave.net,forums.dragcave.net,Brasil,homepage,0
gsnsuplementos.com.br,gsnsuplementos.com.br,Brasil,homepage,0
adamantostore.com.br,adamantostore.com.br,Brasil,homepage,0
kimoadesivos.com.br,kimoadesivos.com.br,Brasil,homepage,0
atendimento.nuvemshop.com.br,atendimento.nuvemshop.com.br,Brasil,homepage,0
maededeus.com.br,maededeus.com.br,Brasil,homepage,0
futebolscore.com,futebolscore.com,Brasil,homepage,0
tvbrasil.ebc.com.br,tvbrasil.ebc.com.br,Brasil,homepage,0
zonadaeletrica.com.br,zonadaeletrica.com.br,Brasil,homepage,0
universtech.com.br,universtech.com.br,Brasil,homepage,0
esaj.tjce.jus.br,esaj.tjce.jus.br,Brasil,homepage,0
redeondadigital.com.br,redeondadigital.com.br,Brasil,homepage,0
geiko.net,geiko.net,Brasil,homepage,0
trilhasdoensinar.com.br,trilhasdoensinar.com.br,Brasil,homepage,0
hikaripoa.com.br,hikaripoa.com.br,Brasil,homepage,0
regulapiaui.sesapi.pi.gov.br,regulapiaui.sesapi.pi.gov.br,Brasil,homepage,0
m.autocarro.com.br,m.autocarro.com.br,Brasil,homepage,0
brasilmineral.com.br,brasilmineral.com.br,Brasil,homepage,0
meukatalogo.com,meukatalogo.com,Brasil,homepage,0
avivanossoscoracoes.com,avivanossoscoracoes.com,Brasil,homepage,0
packster.com.br,packster.com.br,Brasil,homepage,0
alcionesantos.com.br,alcionesantos.com.br,Brasil,homepage,0
reservapr.equiplano.com.br,reservapr.equiplano.com.br,Brasil,homepage,0
nutrigenes.com.br,nutrigenes.com.br,Brasil,homepage,0
loja.ledwave.com.br,loja.ledwave.com.br,Brasil,homepage,0
saolucasimagem.com.br,saolucasimagem.com.br,Brasil,homepage,0
estancia.com.br,estancia.com.br,Brasil,homepage,0
cafefazenda.com.br,cafefazenda.com.br,Brasil,homepage,0
gfimoveisrs.com.br,gfimoveisrs.com.br,Brasil,homepage,0
ohmygold.com.br,ohmygold.com.br,Brasil,homepage,0
mellimoveis.com.br,mellimoveis.com.br,Brasil,homepage,0
aprendatudo.com,aprendatudo.com,Brasil,homepage,0
marconnumismatica.com.br,marconnumismatica.com.br,Brasil,homepage,0
ufprvirtual.ufpr.br,ufprvirtual.ufpr.br,Brasil,homepage,0
gostosas.pt,gostosas.pt,Brasil,homepage,0
fantasiascarol.com.br,fantasiascarol.com.br,Brasil,homepage,0
resende.fitdeliveryonline.com,resende.fitdeliveryonline.com,Brasil,homepage,0
bravojogos.com.br,bravojogos.com.br,Brasil,homepage,0
economia.df.gov.br,economia.df.gov.br,Brasil,homepage,0
datarosports.com.br,datarosports.com.br,Brasil,homepage,0
linuxtips.io,linuxtips.io,Brasil,homepage,0
fpsdigital.fps.edu.br,fpsdigital.fps.edu.br,Brasil,homepage,0
poke-blast-news.net,poke-blast-news.net,Brasil,homepage,0
novacasams.com.br,novacasams.com.br,Brasil,homepage,0
lovechickids.com.br,lovechickids.com.br,Brasil,homepage,0
cliniguia.com,cliniguia.com,Brasil,homepage,0
ccda.ultramax.com.br,ccda.ultramax.com.br,Brasil,homepage,0
guarapari.es.gov.br,guarapari.es.gov.br,Brasil,homepage,0
consultoriamar.com.br,consultoriamar.com.br,Brasil,homepage,0
romancecristao.com,romancecristao.com,Brasil,homepage,0
nutritotal.com.br,nutritotal.com.br,Brasil,homepage,0
sulbahianews.com.br,sulbahianews.com.br,Brasil,homepage,0
loja.sodramar.com.br,loja.sodramar.com.br,Brasil,homepage,0
genialiaviamentos.com.br,genialiaviamentos.com.br,Brasil,homepage,0
footstar.org,footstar.org,Brasil,homepage,0
andradegutierrez.gupy.io,andradegutierrez.gupy.io,Brasil,homepage,0
cura.com.br,cura.com.br,Brasil,homepage,0
kboing.com.br,kboing.com.br,Brasil,homepage,0
plataformaead.cetam.am.gov.br,plataformaead.cetam.am.gov.br,Brasil,homepage,0
duxhumanhealth.com,duxhumanhealth.com,Brasil,homepage,0
deville.com.br,deville.com.br,Brasil,homepage,0
lionsdistribuidora.com.br,lionsdistribuidora.com.br,Brasil,homepage,0
loja.calcadoslaroche.com.br,loja.calcadoslaroche.com.br,Brasil,homepage,0
idbatacadistas.com.br,idbatacadistas.com.br,Brasil,homepage,0
longitude.cvcrm.com.br,longitude.cvcrm.com.br,Brasil,homepage,0
reidasmultimidias.com.br,reidasmultimidias.com.br,Brasil,homepage,0
fortlev.com.br,fortlev.com.br,Brasil,homepage,0
glamurama.com.br,glamurama.com.br,Brasil,homepage,0
mundovalor.com.br,mundovalor.com.br,Brasil,homepage,0
fusionx3d.com.br,fusionx3d.com.br,Brasil,homepage,0
app.premioibest.com,app.premioibest.com,Brasil,homepage,0
onebasiq.com.br,onebasiq.com.br,Brasil,homepage,0
thesavagecardcompany.com,thesavagecardcompany.com,Brasil,homepage,0
graalengenharia.com.br,graalengenharia.com.br,Brasil,homepage,0
lojatoybrasil.com.br,lojatoybrasil.com.br,Brasil,homepage,0
bugrim.blogspot.com,bugrim.blogspot.com,Brasil,homepage,0
loja.myplace.com.br,loja.myplace.com.br,Brasil,homepage,0
santosfc.com.br,santosfc.com.br,Brasil,homepage,0
crediloja.com.br,crediloja.com.br,Brasil,homepage,0
santosmadeiras.com.br,santosmadeiras.com.br,Brasil,homepage,0
institutoalfa.curso.study,institutoalfa.curso.study,Brasil,homepage,0
sintero.org.br,sintero.org.br,Brasil,homepage,0
oldensports.com.br,oldensports.com.br,Brasil,homepage,0
lebambino.com.br,lebambino.com.br,Brasil,homepage,0
msilveroficial.com.br,msilveroficial.com.br,Brasil,homepage,0
semob.df.gov.br,semob.df.gov.br,Brasil,homepage,0
andrebeschizza.com.br,andrebeschizza.com.br,Brasil,homepage,0
sl.transferenglish.com,sl.transferenglish.com,Brasil,homepage,0
lojaoutside.com.br,lojaoutside.com.br,Brasil,homepage,0
xingyu.com.br,xingyu.com.br,Brasil,homepage,0
sibellemodas.com.br,sibellemodas.com.br,Brasil,homepage,0
market4u.com.br,market4u.com.br,Brasil,homepage,0
estudeprisma.com,estudeprisma.com,Brasil,homepage,0
blog.cresol.com.br,blog.cresol.com.br,Brasil,homepage,0
centraldenoticiasbrasil.com,centraldenoticiasbrasil.com,Brasil,homepage,0
nefroclinicas.com.br,nefroclinicas.com.br,Brasil,homepage,0
hoteldolcedulce.com.br,hoteldolcedulce.com.br,Brasil,homepage,0
ri.grupomateus.com.br,ri.grupomateus.com.br,Brasil,homepage,0
diariodosudoeste.com.br,diariodosudoeste.com.br,Brasil,homepage,0
lslgr.pandape.infojobs.com.br,lslgr.pandape.infojobs.com.br,Brasil,homepage,0
edonato.com.br,edonato.com.br,Brasil,homepage,0
zeloimoveis.com,zeloimoveis.com,Brasil,homepage,0
mroativa.gupy.io,mroativa.gupy.io,Brasil,homepage,0
babymee.com.br,babymee.com.br,Brasil,homepage,0
sigaescrevente.com,sigaescrevente.com,Brasil,homepage,0
zoofiliaamadora.com,zoofiliaamadora.com,Brasil,homepage,0
seminovoscarburgo.com.br,seminovoscarburgo.com.br,Brasil,homepage,0
liz.com.br,liz.com.br,Brasil,homepage,0
pontocomdesenvolvimento.net,pontocomdesenvolvimento.net,Brasil,homepage,0
bfcasa.com.br,bfcasa.com.br,Brasil,homepage,0
caratinga.mg.gov.br,caratinga.mg.gov.br,Brasil,homepage,0
hpd.com.br,hpd.com.br,Brasil,homepage,0
iguatemi365.com,iguatemi365.com,Brasil,homepage,0
gamela.com.br,gamela.com.br,Brasil,homepage,0
https://www.mansaomoveis.com.br/noticias,mansaomoveis.com.br,Brasil,url,0
https://x-57win.com/casino.html,x-57win.com,Brasil,url,0
https://www.centec.org.br/ouvidoria,centec.org.br,Brasil,url,0
https://56f.com.br/promo.html,56f.com.br,Brasil,url,0
https://ish.service-now.com/login.do,ish.service-now.com,Brasil,url,0
https://coros.shop/acessorios,coros.shop,Brasil,url,0
https://escoladedoce.com/curso-me,escoladedoce.com,Brasil,url,0
https://efoccoplay.com.br/alunos,efoccoplay.com.br,Brasil,url,0
https://ethosvivet.com.br/qrcodekey,ethosvivet.com.br,Brasil,url,0
https://vanzolini.org.br/vanzolinicas,vanzolini.org.br,Brasil,url,0
https://sine.pb.gov.br/noticias,sine.pb.gov.br,Brasil,url,0
https://sesciparana.com.br/contato,sesciparana.com.br,Brasil,url,0
https://inaci.com.br/ead,inaci.com.br,Brasil,url,0
https://colinas.cvcrm.com.br/gestor,colinas.cvcrm.com.br,Brasil,url,0
https://airportpark.com.br/beneficios,airportpark.com.br,Brasil,url,0
https://bkoffice.burgerking.com.br/LB,bkoffice.burgerking.com.br,Brasil,url,0
https://www.cooper.coop.br/receitas,cooper.coop.br,Brasil,url,0
https://anycar.com.br/precos,anycar.com.br,Brasil,url,0
https://catalogoapp.mobi/terms-of-use,catalogoapp.mobi,Brasil,url,0
https://dpg.unb.br/proex,dpg.unb.br,Brasil,url,0
https://www.avenida.com.br/cartao-avenida,avenida.com.br,Brasil,url,0
https://alunoseprofessores.com/ingles,alunoseprofessores.com,Brasil,url,0
https://ecomax-cdi.com.br/contato,ecomax-cdi.com.br,Brasil,url,0
https://www.pirracaixa.com.br/contato,pirracaixa.com.br,Brasil,url,0
https://www.resortecoar.com.br/promocoes,resortecoar.com.br,Brasil,url,0
https://sgi7.com.br/termos-de-uso,sgi7.com.br,Brasil,url,0
https://www.friboi.com.br/friboi-mais,friboi.com.br,Brasil,url,0
https://larmoveisbh.com.br/sofas,larmoveisbh.com.br,Brasil,url,0
https://www.abnt.org.br/certificacao,abnt.org.br,Brasil,url,0
https://politicsandwar.com/register,politicsandwar.com,Brasil,url,0
https://auniao.pb.gov.br/doe,auniao.pb.gov.br,Brasil,url,0
https://www.menuintegrado.com.br/privacy,menuintegrado.com.br,Brasil,url,0
https://www.bet959betorg.com/download,bet959betorg.com,Brasil,url,0
https://dash.respondi.app/dash,dash.respondi.app,Brasil,url,0
https://ajuda3.beefood.com.br/como-migrar-para-beefood3,ajuda3.beefood.com.br,Brasil,url,0
https://mundodiferente.com.br/pasta-executiva-PA110,mundodiferente.com.br,Brasil,url,0
https://www.lojamundi.com.br/perguntas-frequentes-kap311x,lojamundi.com.br,Brasil,url,0
https://loja.ceramicastefani.com.br/filtros,loja.ceramicastefani.com.br,Brasil,url,0
https://www.bellehousemobilia.com.br/politica-de-privacidade,bellehousemobilia.com.br,Brasil,url,0
https://noticiassobreautomovel.com.br/tiger-1200-2025,noticiassobreautomovel.com.br,Brasil,url,0
https://jordanveiculos.com/financiamento,jordanveiculos.com,Brasil,url,0
https://omronbrasil.com/pagina-de-aspirador-clinico,omronbrasil.com,Brasil,url,0
https://www.lojadimangiare.com.br/farinha-sem-gluten,lojadimangiare.com.br,Brasil,url,0
https://www.analysislaboratorio.com.br/calprotectina-fecal,analysislaboratorio.com.br,Brasil,url,0
https://reidoresultado.com.br/resultado-da-mega-sena,reidoresultado.com.br,Brasil,url,0
https://www.thomann.pt/av_stumpfl_vario32_420x240_rp_16_9.htm,thomann.pt,Brasil,url,0
https://www.professorraphaelreis.com.br/projetos-especiais,professorraphaelreis.com.br,Brasil,url,0
https://www.diagnosonamais.com.br/noticias,diagnosonamais.com.br,Brasil,url,0
https://r2flats.com.br/instrucoes-de-compra-e-venda,r2flats.com.br,Brasil,url,0
http://login.jadapaxitauna.com.br/associado,login.jadapaxitauna.com.br,Brasil,url,0
https://treele.cvcrm.com.br/correspondente,treele.cvcrm.com.br,Brasil,url,0
https://www.anossagrafica.com.br/cracha-pvc-g180,anossagrafica.com.br,Brasil,url,0
https://www.netbil.com.br/fale-com-um-especialista,netbil.com.br,Brasil,url,0
https://loja.powerbear.com.br/coleta-seletiva,loja.powerbear.com.br,Brasil,url,0
https://tycoon-casino.br.aptoide.com/app,tycoon-casino.br.aptoide.com,Brasil,url,0
https://comprarorquidea.com.br/15-orquideas-especies,comprarorquidea.com.br,Brasil,url,0
https://www.gemul-aparecida.com.br/portaldoservidor,gemul-aparecida.com.br,Brasil,url,0
https://minhabet.com.br/palpites-do-campeonato-gales,minhabet.com.br,Brasil,url,0
https://www.mezmoveis.com.br/politica-de-trocas-e-devolucoes,mezmoveis.com.br,Brasil,url,0
https://www.sobam.com.br/rede-de-atendimento,sobam.com.br,Brasil,url,0
https://geoftp.ibge.gov.br/cartas_e_mapas,geoftp.ibge.gov.br,Brasil,url,0
https://imobiliariacenterhome.com.br/venda,imobiliariacenterhome.com.br,Brasil,url,0
https://www.raizesespirituais.com.br/buzios-17-11-2025,raizesespirituais.com.br,Brasil,url,0
https://naminhapanela.com/biscoito-de-polvilho-azedo,naminhapanela.com,Brasil,url,0
https://www.kosmon.com.br/captador-19196784,kosmon.com.br,Brasil,url,0
https://dicasdeatividades.com.br/page/8,dicasdeatividades.com.br,Brasil,url,0
https://ps-adm-283.selecao.net.br/informacoes/36,ps-adm-283.selecao.net.br,Brasil,url,0
https://horoscopodiario.com.br/libra/hoje,horoscopodiario.com.br,Brasil,url,0
https://www.consolidesuamarca.com.br/estado/pe,consolidesuamarca.com.br,Brasil,url,0
https://playforacause.com.br/campanha/gols-pela-vida,playforacause.com.br,Brasil,url,0
https://www.detetiveonline.com/Home/Pacotes,detetiveonline.com,Brasil,url,0
https://monshell.com.br/produto/onix-novo-prisma-prime,monshell.com.br,Brasil,url,0
https://jumperbrasil.com.br/category/detroit-pistons,jumperbrasil.com.br,Brasil,url,0
https://www.ifspcaraguatatuba.edu.br/setores/cgp,ifspcaraguatatuba.edu.br,Brasil,url,0
https://thiagoaguera.com.br/collections/subsuperficie,thiagoaguera.com.br,Brasil,url,0
https://www.airlines-manager.com/locale/it,airlines-manager.com,Brasil,url,0
https://www.aquario.com.br/audio-video/cabos,aquario.com.br,Brasil,url,0
https://www.wtcstore.com.br/produtos/bolsas-e-mochilas,wtcstore.com.br,Brasil,url,0
https://www.dattebane.com/NarutoClassico/147_148,dattebane.com,Brasil,url,0
https://unique.ultimatum.com.br/sessoes/recuperar_senha,unique.ultimatum.com.br,Brasil,url,0
https://curitibacult.com.br/category/capital-do-natal,curitibacult.com.br,Brasil,url,0
https://viamusichall.com.br/mumuzinho-e-chininha/fotos,viamusichall.com.br,Brasil,url,0
https://cottonjoykids.com.br/menina/regatas,cottonjoykids.com.br,Brasil,url,0
https://www.itamarajunoticias.com.br/tag/alcobaca,itamarajunoticias.com.br,Brasil,url,0
https://educarfarois.com.br/produto/angel-rgb-90mm,educarfarois.com.br,Brasil,url,0
https://www.sawary.com/collections/novidades-2,sawary.com,Brasil,url,0
https://www.sponte.com.br/blog/tudo-sobre-gestao-escolar,sponte.com.br,Brasil,url,0
https://fce.edu.br/graduacao/tecnologo-em-gestao-publica,fce.edu.br,Brasil,url,0
https://www.lojametallight.com.br/fios/fio-de-seda,lojametallight.com.br,Brasil,url,0
https://pokemonbr.com/pt/treinador/Safadinho,pokemonbr.com,Brasil,url,0
https://sitedopastor.com.br/category/artigos/sobre-oracao,sitedopastor.com.br,Brasil,url,0
https://www.sescmt.com.br/index.php/tag/sesc-mato-grosso,sescmt.com.br,Brasil,url,0
https://semprenovos.com.br/multipla/marca/VOLKSWAGEN,semprenovos.com.br,Brasil,url,0
https://www.loungerie.com.br/lingerie/calcinha/medias,loungerie.com.br,Brasil,url,0
https://borex.com.br/produtos/index/bxt3,borex.com.br,Brasil,url,0
https://eno.com.br/artigos/acidez/entendendo-a-acidez,eno.com.br,Brasil,url,0
https://luziafazzolli.com.br/us/sale/calcas,luziafazzolli.com.br,Brasil,url,0
https://periodicos.ufsm.br/REDESG/issue/current,periodicos.ufsm.br,Brasil,url,0
https://periodicos.utfpr.edu.br/rbqv/issue/current,periodicos.utfpr.edu.br,Brasil,url,0
https://blog.mcgames.bet.br/novidades/page/3,blog.mcgames.bet.br,Brasil,url,0
https://cdadm.com.br/assets/videos/TratamentoDeImagem.mp4,cdadm.com.br,Brasil,url,0
https://www.wcshoes.com.br/roupas/camisetas/regata,wcshoes.com.br,Brasil,url,0
https://testedetran.com.br/simulado/sp/categoria-b,testedetran.com.br,Brasil,url,0
https://www.leffaleiloes.com.br/venda-direta/bem_id/4643,leffaleiloes.com.br,Brasil,url,0
https://hgbrasil.com/docs/finance/cash-flows,hgbrasil.com,Brasil,url,0
https://www.coladaweb.com/geografia/paises/ira,coladaweb.com,Brasil,url,0
https://www.grymora.com/2025/12/a-tabua-de-esmeralda.html,grymora.com,Brasil,url,0
https://b2b.granado.com.br/b2b/corpo-e-banho/maoseunhas,b2b.granado.com.br,Brasil,url,0
https://www.materdei.com.br/blog/tag/centro-de-infusao,materdei.com.br,Brasil,url,0
https://www.forumtravesti.com.br/search?searchJSON=%7B%22tag%22%3A%5B%22travesti+sao+paulo%22%5D%7D,forumtravesti.com.br,Brasil,url,0
https://www.belezasaude.com.br/saude-gastrointestinal-24363194?fq=price_range%3a200.0-399.99,belezasaude.com.br,Brasil,url,0
https://www.atlheticanutrition.com.br/s?filter.productclusterIds=227&sort=orders%3Adesc,atlheticanutrition.com.br,Brasil,url,0
https://cessetembro.com.br/certificadoa9comedicina?utm_campaign=a9comedicina1r2,cessetembro.com.br,Brasil,url,0
https://www.peticao.online/browse.php?order_by=stats_signatures_2022&page_number=3,peticao.online,Brasil,url,0
https://www.planetgirlsstore.com.br/447?PS=36&map=productClusterIds&O=OrderByPriceASC,planetgirlsstore.com.br,Brasil,url,0
https://www.abcfluent.com/wp-login.php?redirect_to=https%3A%2F%2Fwww.abcfluent.com%2Fcart%2F,abcfluent.com,Brasil,url,0
https://cefer.reservio.com/events?staffId=6a65cc2f-3700-437f-aaa3-661c2d7e4f28,cefer.reservio.com,Brasil,url,0
https://www.forumnetvasco.com.br/ucp.php?mode=login&redirect=ucp.php%3Fmode%3Ddelete_cookies,forumnetvasco.com.br,Brasil,url,0
https://ving.mobi/about?PHPSESSID=7ddb9e7a67ca4d085726d20b724351e0.1780472763.03242124,ving.mobi,Brasil,url,0
https://bets74.site/Apostas.aspx?idesporte=102&idcampeonato=574926&idpartida=203458343,bets74.site,Brasil,url,0
https://amordocemix.blogspot.com/search?updated-max=2016-12-01T16:39:00-02:00&max-results=6,amordocemix.blogspot.com,Brasil,url,0
https://www.estudar.org.br/www.linkedin.com/in/raphael-mantovani-63897122b,estudar.org.br,Brasil,url,0
https://sde.seduc.ro.gov.br/manual/arquivos/PORTARIA_n_2944.pdf,sde.seduc.ro.gov.br,Brasil,url,0
https://www.brasildasorte.bet.br/play/pragmatic/sweet-bonanza-1000,brasildasorte.bet.br,Brasil,url,0
https://www.diagonalimoveis.com.br/imovel/apartamento-venda-morumbi/DI34897,diagonalimoveis.com.br,Brasil,url,0
https://www.bikepointsc.com.br/click/cms/019e283a-77e2-7c96-9e3f-7d919526a976,bikepointsc.com.br,Brasil,url,0
https://agilize.com.br/blog/abertura-de-empresa/como-abrir-uma-microempresa,agilize.com.br,Brasil,url,0
https://www.labsamais.com.br/para-voce/vacinas/varicela-varivax-msd,labsamais.com.br,Brasil,url,0
https://pandocadesign.com.br/categoria-produto/kits-digitais/outros,pandocadesign.com.br,Brasil,url,0
https://fiat.grupoamazonas.com.br/seminovos/ford-bronco_sport/7682655,fiat.grupoamazonas.com.br,Brasil,url,0
https://facariaaliaga.com.br/us/products/229-caixa-2-doces-recriando-sonhos,facariaaliaga.com.br,Brasil,url,0
https://preservil.com.br/imoveis/venda/lote-terreno+terreno-comercial,preservil.com.br,Brasil,url,0
https://spinoff.com.br/tv/bbb26/ana-e-cowboy-discutem-apos-paredao,spinoff.com.br,Brasil,url,0
https://www.pacocacomcebola.com.br/tag/pr,pacocacomcebola.com.br,Brasil,url,0
https://sinusal.com.br/password/reset,sinusal.com.br,Brasil,url,0
https://editora.pucrs.br/livro/1567,editora.pucrs.br,Brasil,url,0
https://www.ofachodegrossos.com/page/559,ofachodegrossos.com,Brasil,url,0
https://betslance.vip/home/Fbilhete,betslance.vip,Brasil,url,0
https://www.nrcursos.com.br/4/blog,nrcursos.com.br,Brasil,url,0
https://colorindo.org/page/2,colorindo.org,Brasil,url,0
https://pornogaucho.com/videos/amador,pornogaucho.com,Brasil,url,0
https://jogoaovivo.tv.br/noticias/0,jogoaovivo.tv.br,Brasil,url,0
https://burgerking.harmo.me/burger-king-top-shop-nova-iguacu-rj-84d,burgerking.harmo.me,Brasil,url,0
https://www.casadascapotas.com.br/protetor-tapete-de-furgao-fiorino-2014-a-2026,casadascapotas.com.br,Brasil,url,0
https://www.clinicasalute.com.br/fisioterapeuta-em-porto-alegre-rs,clinicasalute.com.br,Brasil,url,0
https://leilaodescomplicado.com/mega-leilao-frota-governo-de-santa-catarina,leilaodescomplicado.com,Brasil,url,0
https://ce.mgfimoveis.com.br/apartamento-3-dormitorios-fortaleza-312212922,ce.mgfimoveis.com.br,Brasil,url,0
https://kellinha.com/novinha-favelada-rabuda-dando-sua-bucetinha-melada,kellinha.com,Brasil,url,0
https://sosuberlandia.com.br/150-vagas-curso-cuidador-idosos-uberlandia,sosuberlandia.com.br,Brasil,url,0
https://todasasrespostas.com/novelas-que-a-marina-ruy-barbosa-fez,todasasrespostas.com,Brasil,url,0
https://velamar.com.br/deck-cockpit-e-costado/limpeza-e-manutencao,velamar.com.br,Brasil,url,0
https://agourmetutilidades.com.br/products/cuba-de-aco-inox-gn-1-2-150mm-8l,agourmetutilidades.com.br,Brasil,url,0
https://binhoted.com/video/327bf5f98cfbfdafeeb3ad895f8e8487,binhoted.com,Brasil,url,0
https://www.topsdobrasil.com.br/caracteristica/inversao-de-papeis,topsdobrasil.com.br,Brasil,url,0
https://uzenails.com.br/produtos/gel-construtor-luminous-star-white,uzenails.com.br,Brasil,url,0
https://bellaamoramoda.com.br/produtos/conjunto-tricot-modal-preto-valentina,bellaamoramoda.com.br,Brasil,url,0
https://vzone.gg/partida/138160-tba-vs-tba-valorant-masters-london-2026,vzone.gg,Brasil,url,0
https://download.donghuanosekai.com/1fbPf6OeMtlbxysNIGTDQ88YMIy6kltpb?name=Wu_Shang_Shen_Di_2_–_Episódio_412_(476)_a_414_(478),download.donghuanosekai.com,Brasil,url,0
https://www.rider.com.br/search?N=0+3991954165+4176858002&Nr=sku.gren_activeRider%3A1&Nrpp=20&language=pt_BR&searchType=simple,rider.com.br,Brasil,url,0
https://www.eletrosul.com.br/interruptores-e-tomadas?loja=1079280&categoria=31&brands%5B0%5D=TRAMONTINA&pg=4,eletrosul.com.br,Brasil,url,0
https://www.novasaopaulo.com.br/imoveis?condominium=condom%C3%ADnio%20edif%C3%ADcio%20moema%20personal%20home,novasaopaulo.com.br,Brasil,url,0
https://kitsuneyako.com/wp-login.php?redirect_to=https%3A%2F%2Fkitsuneyako.com%2F9-de-agosto-devorado-por-voce-capitulo-45%2F,kitsuneyako.com,Brasil,url,0
https://pedro-juk.blogspot.com/search?updated-max=2026-05-24T06:43:00-07:00&max-results=7&reverse-paginate=true,pedro-juk.blogspot.com,Brasil,url,0
https://www.opinautos.com.br/chevrolet/n300/defeitos/motor-arranque,opinautos.com.br,Brasil,url,0
https://www.madeinguarda.com.br/2025/09/02/destinos-uma-colecao-que-nos-leva-alem,madeinguarda.com.br,Brasil,url,0
https://www.anapaulacarvalho.com/carrinho/produto/181608863/adicionar,anapaulacarvalho.com,Brasil,url,0
https://docs.open-metadata.org/latest/connectors/pipeline/dbtcloud,docs.open-metadata.org,Brasil,url,0
https://suporte.philco.com.br/hc/pt-br/p/acompanhar-compras,suporte.philco.com.br,Brasil,url,0
https://www.fabriforloja.com.br/carrinho/produto/300142180/adicionar,fabriforloja.com.br,Brasil,url,0
https://xvideo-sexo.com/category/bizarro-porno/page/5,xvideo-sexo.com,Brasil,url,0
https://weifansub.com.br/2026/02/08/how-dare-you,weifansub.com.br,Brasil,url,0
https://todospelaeducacao.org.br/noticias/2026/03/27,todospelaeducacao.org.br,Brasil,url,0
https://101livros.com/zhanryi/1-aventura/page/28,101livros.com,Brasil,url,0
https://www.versiculos.com.br/biblia/arc/1-samuel/24,versiculos.com.br,Brasil,url,0
https://www.supergloss.com.br/animale-1?grid=2,supergloss.com.br,Brasil,url,0
https://www.upbaby.com.br/153?map=productClusterIds,upbaby.com.br,Brasil,url,0
https://www.montezzi.com.br/imovel-detalhe.php?codimo=2667,montezzi.com.br,Brasil,url,0
https://www.gringamx.com/busca?busca=bel+parts+series+silver,gringamx.com,Brasil,url,0
https://sportpix.club/campeonatos?id=1462,sportpix.club,Brasil,url,0
https://capascelular.com/image/cache/catalog/SAS8548W/SAS8548W-500x500.jpg,capascelular.com,Brasil,url,0
https://www.lojade199online.com.br/wishlist/index/add/product/21277,lojade199online.com.br,Brasil,url,0
http://www.seplad.pa.gov.br/wp-content/uploads/2025/09/Edital-DOE-18_09_25.pdf,seplad.pa.gov.br,Brasil,url,0
https://anpof.org.br/publicacoes/wlib/arqs/publicacoes/117.pdf,anpof.org.br,Brasil,url,0
https://tramandai.rs.gov.br/licitacoes.php?page=4&offset=45,tramandai.rs.gov.br,Brasil,url,0
https://www.imobiliariavalentini.com.br/imoveis_detalhes.php?id=1317,imobiliariavalentini.com.br,Brasil,url,0
https://artesclub.com.br/elementos_graficos?tipo=Efeitos&pagina=7,artesclub.com.br,Brasil,url,0
https://samues.com.br/edital-processo-seletivo-ver.php?codigo_edital=526,samues.com.br,Brasil,url,0
https://pucpr.gupy.io/jobs/11327196?jobBoardSource=gupy_public_page,pucpr.gupy.io,Brasil,url,0
https://www.sousavip.com.br/loja/redirect_cart_service.php?loja=1360034,sousavip.com.br,Brasil,url,0
https://www.clearview.com.br/blog/post/6/como-fazer-um-controle-de-gestao-financeira-mais-eficiente,clearview.com.br,Brasil,url,0
https://data.guiadoinvestidor.com.br/agenda-dividendos/rankings/criptos/maior-queda-30d,data.guiadoinvestidor.com.br,Brasil,url,0
https://coisasdojapao.com/wp-content/uploads/2024/11/rita-lacerda-e-luciana-angeiras.webp,coisasdojapao.com,Brasil,url,0
https://urban92cars.com.br/carros/gm-chevrolet/onix-hatch-lt-1-0-8v-flexpower-5p-mec/2017/958906,urban92cars.com.br,Brasil,url,0
https://www.samello.com.br/sapatenis-masculino-vittorio-comfort-batidomouro-samello-11-3016501-1106,samello.com.br,Brasil,url,0
https://pogeek.com/rtx-4070-ti-super-e-boa-desempenho-especificacoes-e-comparacao,pogeek.com,Brasil,url,0
https://spyleiloes.com.br/leilao/520164/ed-residencial-dom-gabriel-ii-apartamento,spyleiloes.com.br,Brasil,url,0
https://www.internacional.com.br/clube/titulos/campeao-da-copa-do-mundo-de-clubes-fifa-no-japao,internacional.com.br,Brasil,url,0
https://www.exporevestir.com.br/noticias/central-da-arquitetura-encerra-programacao-com-chave-de-ouro,exporevestir.com.br,Brasil,url,0
https://bipp.sistematutor.com.br/adicionar/combo-bipp-prime-psiquiatria-intervencionista,bipp.sistematutor.com.br,Brasil,url,0
http://www.siaapm.cultura.mg.gov.br/modules/brtacervo2/brtacervo.php?cid=1765,siaapm.cultura.mg.gov.br,Brasil,url,0
https://www.ateliealemarques.com.br/tecidos/floral/?sort_by=alpha-ascending,ateliealemarques.com.br,Brasil,url,0
https://www.vagasexclusivespe.com/p/sobre-o-site.html?m=1,vagasexclusivespe.com,Brasil,url,0
https://saberes.senado.leg.br/course/view.php?id=3207,saberes.senado.leg.br,Brasil,url,0
https://www.maximumshop.com.br/carrinho/produto/69685529/atualizar/2/1,maximumshop.com.br,Brasil,url,0
https://www.tavernareal.com/loja/cartService.php?loja=1041703&acao=incluir&IdProd=7500,tavernareal.com,Brasil,url,0
https://outletpremium.com.br/br/brasilia/vitrine/72271/any-any/pijama-longo-feminino,outletpremium.com.br,Brasil,url,0
https://imoveiscamila.com.br/pt/pesquisa/negotiation_type:buy+real_estate_type:apartment?page=10&order=newer,imoveiscamila.com.br,Brasil,url,0
https://specieslink.net/col?page=9&,specieslink.net,Brasil,url,0
https://www.astrodistribuidora.com/wishlist/index/add/product/70/form_key/mYRPZS46Xn4dL2a2,astrodistribuidora.com,Brasil,url,0
https://www.pzama.com.br/pijamas/composicao/100-algodao?sorting%5Bbestseller%5D=asc&page=7,pzama.com.br,Brasil,url,0
https://www.goinfra.go.gov.br/img_large/9796/800/600/0.jpg,goinfra.go.gov.br,Brasil,url,0
https://sp.loja.sebrae.com.br/catalog/category/view/s/destaques/id/15,sp.loja.sebrae.com.br,Brasil,url,0
https://www.superesporte10.com.br/2022/competicoes-index.php?sistema=competicoes-noticia&competicao=143&noticia=2709,superesporte10.com.br,Brasil,url,0
https://www.chesshotel.com/es/settings/1,chesshotel.com,Brasil,url,0
https://atacadolibardi.com.br/media/resize/1920x1080/pasta/2/a0cd0829ed83e05c56826435a95828e5d4b22b16.jpg,atacadolibardi.com.br,Brasil,url,0
https://lojacorato.com/cdn/shop/files/Carrinho_Multiuso_2_1024x.png?v=1757612338,lojacorato.com,Brasil,url,0
http://www.gabrielexcelencia.net.br/upload/DECRETODEHOMOLOGA__OTESTESELETIVODEFARTURADOPIAU_151772457796.pdf,gabrielexcelencia.net.br,Brasil,url,0
https://lecoeurbaby.com.br/loja/page/10/?filter_tamanho=g-6-a-9m,lecoeurbaby.com.br,Brasil,url,0
https://www.rambourg.com.br/sapato-mocassim-argentino-em-couro-sola-de-couro-com-absolut-cafe-10670abscafe,rambourg.com.br,Brasil,url,0
https://www.ferricelli.com.br/cdn-cgi/content?id=.mCqvzlNlaUFPQvCpvKiwdBabOm74O4aqR8R1A3yiKo-1780477473.8946216-1.0.1.1-d4Goz8tlhDupWch96Qp2KC.upXallBIEmDHQ6ra8Xdo,ferricelli.com.br,Brasil,url,0
https://forum.heypikachu.com/template/NamlServlet.jtp?macro=macro_viewer&id=title%21nabble%3Autilities.naml&base=nabble.view.web.template.ServletNamespace&breadcrumbs=start_registration_page%21nabble%3Aregister.naml,forum.heypikachu.com,Brasil,url,0
https://felicitanegocios.com.br/venda/residencial_comercial/?categoriagrupo=residencial_comercial&finalidade=venda&cidadebairro%5B%5D=&valorvenda=0%2C7699999&valorlocacao=0%2C11000&valorvenda=0%2C7699999&area=0%2C509&caract%5B%5D=VistaMar&codigo=&ordenar=relevancia&pagina=1,felicitanegocios.com.br,Brasil,url,0
"https://www.imobiliariajoaocosta.com.br/comprar/Palho%C3%A7a/Ponte-do-Imaruim/Casa?set=s%3D%3Eut(n,s)&update=s%3D%3EOo(n,s)&asReadonly=function%20()%20%7B%20%5Bnative%20code%5D%20%7D",imobiliariajoaocosta.com.br,Brasil,url,0
http://www.racoesfazendeiro.com.br/ver_produto_racoes_fazendeiro_racoes_equinos_bovinos_suinos_ovinos_caprinos_aves_peixes_coelho_por_categoria.php?id_subcat=1766,racoesfazendeiro.com.br,Brasil,url,0
https://www.expodireto.cotrijal.com.br/imprensa/noticia/4880/imprensa/extranet/thumbnail/resize/800/gallery/19234.jpg,expodireto.cotrijal.com.br,Brasil,url,0
https://bibliaccb.com.br/livro/mat/25?v=13,bibliaccb.com.br,Brasil,url,0
https://selounicef.org.br/sites/default/files/2026-05/WhatsApp%20Image%202026-05-22%20at%2018.54.53_1.jpeg,selounicef.org.br,Brasil,url,0
"https://www.peepou.com.br/saias/midi/1163/de-100-a-199?O=OrderByReleaseDateDESC&PS=16&map=c,c,productClusterIds,priceFrom",peepou.com.br,Brasil,url,0
https://educandoludico.com/produto/%F0%9F%87%A7%F0%9F%87%B7%F0%9F%94%A5-painel-de-porta-nosso-arraia-ja-e-campeao-%F0%9F%94%A5%F0%9F%87%A7%F0%9F%87%B7/?add-to-cart=1458,educandoludico.com,Brasil,url,0
https://www.meugerador.com.br/collections/kit-solar-hibrido-com-bateria/products/kit-energia-solar-hibrido-800kwh-mes-6-20kwp-10-painel-bifacial-sunova-620w-inversor-deye-5kw-110-220v-bateria-dyness-5-12kwh?_pos=8&_fid=374b0847a&_ss=c,meugerador.com.br,Brasil,url,0
https://blogdaboitempo.com.br/2022/12/08/o-melhor-da-tv-radio-e-blog-boitempo-em-2022/?share=facebook,blogdaboitempo.com.br,Brasil,url,0
https://www.finistore.com.br/cola-bast%C3%A3o-colorida-tubes-10g---fini/cola-bastao-colorida-tubes-10gr/MD55500678.html,finistore.com.br,Brasil,url,0
https://www.ilancasa.com.br/image/cache/data/produtos/dormitorios/1223/50615-dorm-casal-1223-castanho-interno2-500x500.webp,ilancasa.com.br,Brasil,url,0
https://megacerto.com/collections/acessorios/products/carregador-portatil-universal-para-todo-celular-power-bank,megacerto.com,Brasil,url,0
https://www.juicysantos.com.br/novo-na-regiao/no-guaruja-cineclube-casa3-cria-espaco-gratuito-de-encontro-e-cinema-brasileiro/?utm_campaign=lateralmateria,juicysantos.com.br,Brasil,url,0
https://www.getsetparts.com.br/rele-30-amp-varias-aplicacoes-amarelo-land-rover-defender-1987-2001-discovery-1-1989-1999-ywb10027l-marca-allmakes.html,getsetparts.com.br,Brasil,url,0
https://pixbingobr.com/modalidade/game?partner=mg&game=Mines&p=https://game.api-mg.com/mines_api/load_game.aspx?game=Mines,pixbingobr.com,Brasil,url,0
https://www.bnb.gov.br/documents/45839/9681040/Publica%C3%A7%C3%A3o+no+Di%C3%A1rio+Oficial+da+Uni%C3%A3o+de+13-05-2026%2C+p%C3%A1gina+106+-+RFI+2026-002.pdf/ed2038d2-f093-a9ef-fe74-0e76df0646df?version=1.0&t=1778675793351&download=true,bnb.gov.br,Brasil,url,0
https://imcal.com.br/media/36/36/63/w.1000/h.875/q.80/fit.crop/fm.pjpg/pt-brbuffet-dun-latj6.png,imcal.com.br,Brasil,url,0
"https://chicoautomoveis.com/wp-json/altimus/v1/whatsapp?text=Olá,_estou_no_site_da_Chico_Automóveis_e_gostaria_de_mais_informações!_*Mitsubishi_Pajero_SPORT_LEGEND_2.4_4X4_DIESEL_AUT_–_7_LUGARES_2025*_https://chicoautomoveis.com/veiculos/mitsubishi-pajero-sport-legend-2-4-4x4-diesel-aut-7-lugares-preta-2024-2025",chicoautomoveis.com,Brasil,url,0
https://www.rolnews.com.br/noticia/nota-legal-rondoniense-premia-oito-consumidores-com-r-100-mil-durante-rondonia-rural-show-internacional,rolnews.com.br,Brasil,url,0
https://mercoagro.com.br/expositor/290/noticia/2940/expositores?idinteresse=13,mercoagro.com.br,Brasil,url,0
https://www.benuccigallery.com/product-page/quadro-a-origem-encapsulada-coleção-quem-veio-primeiroi,benuccigallery.com,Brasil,url,0
https://livraria.taglivros.com/products/kit-tag-curadoria-na-praiamaro24-9788535937152,livraria.taglivros.com,Brasil,url,0
https://www.faculeste.com.br/pos-graduacao/agricultura-silvicultura-pesca-e-veterinaria,faculeste.com.br,Brasil,url,0
"https://www.mklife.com.br/catalog/product_compare/add/product/1711/uenc/aHR0cHM6Ly93d3cubWtsaWZlLmNvbS5ici9tazE3LTcwMDAzLTE3MTEuaHRtbA,,/form_key/fv7Q1WhbRQlO36jV",mklife.com.br,Brasil,url,0
https://www.sagatoyota.com.br/toyota-df-asa-norte/ofertas/detalhe/18-de-desconto-corresponde-a-de-r-47mil-de-desconto-6859-346096,sagatoyota.com.br,Brasil,url,0
https://lojasdalia.com.br/produtos/capa-de-edredom-kacyumara-satinee-300-fios-100-algodao-egipcio-queen,lojasdalia.com.br,Brasil,url,0
https://careers.subsea7.com/job/Houston-Mechanical-Engineer-Customized-Solutions-TX-77001/1352766355,careers.subsea7.com,Brasil,url,0
https://ilhadoporn.com/videos/lesbicas-intensas-meu-marido-descobre-o-prazer-intimo-na-cama-com-minha-melhor-amiga,ilhadoporn.com,Brasil,url,0
https://marciodesignerstore.com.br/produtos/seiko-prospex-1968-heritage-divers-gmt-branco-spb519j1-b1sx,marciodesignerstore.com.br,Brasil,url,0
https://cursosgratis.uemp.com.br/entrar/aHR0cHM6Ly9jdXJzb3NncmF0aXMudWVtcC5jb20uYnIvbWF0cmljdWxhL2dlc3Rhby1kZS1jb25mbGl0b3M=,cursosgratis.uemp.com.br,Brasil,url,0
https://casaraoimoveis.com.br/imovel/aluguel-apartamento-1-quartos-centro-pelotas/20678,casaraoimoveis.com.br,Brasil,url,0
https://www.renatadecoracoes.com/cama/cobre-leito-colcha-genebra-percal-400-fios-toque-de-pluma-premium-com-porta-travesseiro-com-abas,renatadecoracoes.com,Brasil,url,0
https://www.criarenquete.com.br/17663410-qual-a-melhor-protagonista-das-21h-dos-ultimos-10-anos-enquete-valida.html,criarenquete.com.br,Brasil,url,0
https://amprev.ap.gov.br/uploads/setores/Comunicacao/galerias/1º_Seminário_Estadual_de_Previdência:_regras_de_acesso_aos_benefícios/IMG_2407.png,amprev.ap.gov.br,Brasil,url,0
https://www.surfalive.com.br/produto/short-john-rip-curl-juvenil-trad-2-2mm-back-zip-black-102227,surfalive.com.br,Brasil,url,0
https://www.sohopapelaria.com.br/produtos/caneta-gel-leuchtturm1917-drehgriffel-nr-1-port-red,sohopapelaria.com.br,Brasil,url,0
https://www.montblanc.com.br/caneta-esferografica-starwalker-polargreen-resina-preciosa-132904/profile,montblanc.com.br,Brasil,url,0
https://a8se.com/noticias/aracaju/campanha-incentiva-adocao-responsavel-de-caes-e-gatos-em-aracaju,a8se.com,Brasil,url,0
https://www.redeconstruirmilmart.com.br/p-revestimento-retificado-acetinado-branco-7201-35-5x72-5-a2-2-31m-viva-v0861,redeconstruirmilmart.com.br,Brasil,url,0
https://assistenciasocial-aju.com.br/estatisticas/admin-tema/consultar-unidades.aspx,assistenciasocial-aju.com.br,Brasil,url,0
https://realiacessorios.com.br/produtos/solitario-3mm-cristal-aco-inox-dourado-cod-120,realiacessorios.com.br,Brasil,url,0
https://www.h23.com.br/order/add-cart/2GVBtK0FPdohcjMAYNfOdHpc6OxRgEBvqZhuaUPe~FbBbCLisKYX1sOgfgiPAdTE1V.FuxzthS01EWl1NQOG4w__,h23.com.br,Brasil,url,0
https://skaiky.com.br/produtos/fonte-turbo-20w-entrada-usb-c-linha-premium-skaiky-1x17a,skaiky.com.br,Brasil,url,0
https://aisadobrasil.com.br/condimentadora-de-parede/cuba-acrilico-1-6-100mm/condimentadora-de-parede-4-cubas-acrilico-1-6-100mm-aisa,aisadobrasil.com.br,Brasil,url,0
https://viajarbarato.com.br/oferta-compra-coletiva/pacote-travessia-msc-barcelona-ilhas-canarias-11309.htm,viajarbarato.com.br,Brasil,url,0
"https://www.hitoficial.com.br/novidades/mais-vendidos/Bege/G?O=OrderByTopSaleDESC&PS=36&map=c,c,specificationFilter_20,specificationFilter_19",hitoficial.com.br,Brasil,url,0
https://tiraninha.world/manga/foi-um-casamento-por-conveniencia-mas-estou-ligado-a-voce-acabou/capitulo-15-o-fim-e-um-novo-comeco_1,tiraninha.world,Brasil,url,0
https://xvidios.xxx/video/%e4%bb%99%e9%80%86%e5%8a%a8%e6%bc%ab%e8%a7%82%e7%9c%8b%e5%ae%8c%e6%95%b4%e7%89%88128%e9%9b%86%e5%ae%89%e5%85%a8%e8%a7%82%e5%bd%b1,xvidios.xxx,Brasil,url,0
https://www.soldafria.com.br/componentes-eletronicos/conector/conector-kk-5045-180g-macho/conector-5045-5-kk-5-vias-macho,soldafria.com.br,Brasil,url,0
https://www.metlife.com.br/content/dam/metlifecom/br/PDFs/numero-susep/Planos-individuais/vida-total-singular-legado---n-susep-15414-6589302025-29/0-vts_legado_condicoes-gerais--07_10_25-a-3_11_25.pdf,metlife.com.br,Brasil,url,0
https://lojadocuteleiro.com.br/produtos/cinta-de-lixa-ox-aluminio-ceramico-2000x50mm-klingspor1,lojadocuteleiro.com.br,Brasil,url,0
https://opovocomanoticia.blogspot.com/2026/05/marcos-pneus-sempre-com-o-melhor_0452603985.html,opovocomanoticia.blogspot.com,Brasil,url,0
https://www.atoananet.com.br/humor/permalink/451127/banho-entre-o-spa-de-luxo-e-a-engenharia-do-improvavel.htm,atoananet.com.br,Brasil,url,0
https://www.mercadodassobrancelhas.com.br/lifting-glam-/finalizadores/american-burrs,mercadodassobrancelhas.com.br,Brasil,url,0
https://www.cpflempresas.com.br/institucional/institucional/servicosonline/historicofatura/historicofatura.aspx,cpflempresas.com.br,Brasil,url,0
https://www.outletgatoseatos.com.br/novidades/vestido-midi-malha-vis-up-strong-gatos-e-atos-7075,outletgatoseatos.com.br,Brasil,url,0
https://b2brazil.com.br/hotsite/kmc1992/resina-poliester-para-mdf-de-baixa-tempe,b2brazil.com.br,Brasil,url,0
https://museudeartedorio.org.br/publicacoes/do-valongo-a-favela-imaginario-e-periferia,museudeartedorio.org.br,Brasil,url,0
https://empresas.eureca.me/post/remuneração-e-benefícios-atrativos-para-estágio-e-trainee,empresas.eureca.me,Brasil,url,0
https://deunoposte.online/resultado-das-16-horas-do-jogo-do-bicho-ptv-rj-de-terca-feira-26-05-2026,deunoposte.online,Brasil,url,0
https://www.perfectgirl.com.br/produtos/pijama-infantil-longo-de-inverno-full-stitch-constelacao-f-branco-747-1447w,perfectgirl.com.br,Brasil,url,0
https://www.plataformacejurnorte.com.br/cursos/aulas-online-ou-presenciais/ministerio-publico,plataformacejurnorte.com.br,Brasil,url,0
https://mapadacachaca.com.br/degustacao/princesa-isabel-o-grande-buda-2025-l-01,mapadacachaca.com.br,Brasil,url,0
https://medeirosneto.com/noticia/36284/xo-forro-atracoes-de-outros-generos-aparecem-com-altos-caches-em-lista-de-contratacoes-para-sao-joao.html,medeirosneto.com,Brasil,url,0
https://esportesdeluxe.com.br/tipo-de-acessorio-para-ciclismo/sapatilha-ciclismo,esportesdeluxe.com.br,Brasil,url,0
https://tribunadaregiao.com.br/wp-content/uploads/2025/05/WhatsApp-Image-2025-05-07-at-12.07.121.jpeg,tribunadaregiao.com.br,Brasil,url,0
https://ripanosmalandros.com.br/camara-aprova-serie-de-mocoes-de-aplausos-maioria-homenageia-diretores-do-hospital-do-cancer,ripanosmalandros.com.br,Brasil,url,0
https://www.radiojotafm.com.br/selviria/caravana-cultural-leva-arte-e-conscientizacao-sobre-transito-a/78974,radiojotafm.com.br,Brasil,url,0
https://www.telhanorte.com.br/chuveiro-eletronico-acqua-duo-multitemperatura-7800w-220v-black-e-cromado-lorenzetti-1553569/p,telhanorte.com.br,Brasil,url,0
https://aroeira.jetcloud.com.br/wp-content/uploads/2025/11/2025_11_18_catalao_sae2025_Relacao_Final_Apresentou_Documentacao_Funcao_Jurado.pdf,aroeira.jetcloud.com.br,Brasil,url,0
https://institutocaldeira.org.br/blog/espiando-o-futuro-ia-desastres-ambientais-e-humanizacao,institutocaldeira.org.br,Brasil,url,0
https://www.arquidiocesejoinville.com.br/informa/palavra-do-arcebispo-coracao-de-maria-reflexo-da-ternura-divina-de-jesus-2026-06-01-08-45-28,arquidiocesejoinville.com.br,Brasil,url,0
https://www.guiagaysaopaulo.com.br/noticias/famosos/para-baby-do-brasil-ser-gay-e-questao-de-escolha,guiagaysaopaulo.com.br,Brasil,url,0
https://sestsenatvagas.enlizt.me/vagas/instrutor_-a-_transito_-_220h_-_especializados_-_1829-26-290526,sestsenatvagas.enlizt.me,Brasil,url,0
https://conceitoimoveispg.com.br/imovel/399295.001/casa-padrao-2-dormitorios-cara-cara-ponta-grossa-PR/locacao,conceitoimoveispg.com.br,Brasil,url,0
https://entrenostecelagem.com.br/produtos/rede-solar-croche-varanda-removivel-1nm4s,entrenostecelagem.com.br,Brasil,url,0
https://www.record.com.br/blogs/news/kaka-wera-abre-evento-que-tera-tambem-cidinha-da-silva,record.com.br,Brasil,url,0
https://www.ururau.com.br/noticias/policia/mulher-de-rabico-e-presa-em-operacao-contra-lavagem-de-dinheiro-do-cv/81527,ururau.com.br,Brasil,url,0
https://www.gauchadistribuidora.com.br/fotocondutores/fotocondutor-brother-tn-2340-12k-premium,gauchadistribuidora.com.br,Brasil,url,0
https://americario.com.br/noticias/america-e-superado-pelo-marica-na-serie-a2-carioca,americario.com.br,Brasil,url,0
https://presencial.fametro.edu.br/wp-content/uploads/2025/05/FMT-Projeto-Pedagogico-do-Curso-de-Pedagogia-Zona-Sul.pdf,presencial.fametro.edu.br,Brasil,url,0
https://www.donalolla.com/vestidos/vestidos-brancosloja990548order0categoria3169fbclidfbclid,donalolla.com,Brasil,url,0
https://www.curitiba.pr.leg.br/institucional/combate-a-covid-19/colecoes-de-noticias-sobre-a-pandemia-da-covid-19/todas-as-noticias-relacionadas-a-pandemia-de-covid-19,curitiba.pr.leg.br,Brasil,url,0
https://www.itaberabanoticias.com.br/emprego/edital-abre-mais-de-230-vagas-para-cursos-gratuitos-em-itaberaba,itaberabanoticias.com.br,Brasil,url,0
https://tyuco.com.br/imovel/TE0174/terreno-as-margens-da-br-no-centro-em-tijucas,tyuco.com.br,Brasil,url,0
https://loja.leitederosas.com.br/linha-leite-de-rosas/leite-de-rosas-tradicional/leite-de-rosas-m-100ml-tradicional,loja.leitederosas.com.br,Brasil,url,0
https://www.horario-correios.com/Correios%20AC%20SHOPPING%20CIDADE%20Belo%20Horizonte%20Centro/30160-973/Belo%20Horizonte/a8EfmgCdlXTrbpA7,horario-correios.com,Brasil,url,0
https://online.crcsp.org.br/comum/complementares/ouvidoria/\downloads\relatorio_ouvidoria_2017.pdf,online.crcsp.org.br,Brasil,url,0
https://www.ibahia.com/diversao/nem-te-conto/virginia-faz-forte-desabafo-apos-ser-xingada-no-maracana-acuada-366765,ibahia.com,Brasil,url,0
https://www.daninoce.com.br/ideias/teste-para-marido-32-perguntas-para-fazer-antes-de-casar-com-o-boy,daninoce.com.br,Brasil,url,0
https://portal.secad.artmed.com.br/doi/volume/doi/artigo/participacao-comunitaria-e-controle-social-na-pandemia-de-covid-19,portal.secad.artmed.com.br,Brasil,url,0
https://webterra.com.br/2026/05/30/apos-inspecao-anvisa-autoriza-producao-da-ype-mas-mantem-restricoes,webterra.com.br,Brasil,url,0
https://importecatacado.com.br/produto/frasqueira-medicamentos-plast-6-20lts-vermelha-27330,importecatacado.com.br,Brasil,url,0
https://gmaisnoticias.com/click.php?url=https://camporeal.camporeal.edu.br/vestibular&i=superbanner&name=Campo_Real_superbanner,gmaisnoticias.com,Brasil,url,0
sissymeet.com,sissymeet.com,México,homepage,0
gnosis.itsc.edu.mx,gnosis.itsc.edu.mx,México,homepage,0
centrodeidiomasxalapa.com,centrodeidiomasxalapa.com,México,homepage,0
site.japami.gob.mx,site.japami.gob.mx,México,homepage,0
epak.pak2go.com,epak.pak2go.com,México,homepage,0
procesos.finanzas.cdmx.gob.mx,procesos.finanzas.cdmx.gob.mx,México,homepage,0
baw-auto-mexico.com,baw-auto-mexico.com,México,homepage,0
learningml.medicallife.online,learningml.medicallife.online,México,homepage,0
miaslabs.com,miaslabs.com,México,homepage,0
suap.qroo.gob.mx,suap.qroo.gob.mx,México,homepage,0
monicaortiz.mx,monicaortiz.mx,México,homepage,0
puepenarm.com,puepenarm.com,México,homepage,0
movilidaf.com,movilidaf.com,México,homepage,0
pensionsegura.org,pensionsegura.org,México,homepage,0
uaeh.edu.mx,uaeh.edu.mx,México,homepage,0
mylinguistica.com,mylinguistica.com,México,homepage,0
unlockerfast.com.mx,unlockerfast.com.mx,México,homepage,0
herbalia.mx,herbalia.mx,México,homepage,0
academia.dck-online.com,academia.dck-online.com,México,homepage,0
herorefacciones.mx,herorefacciones.mx,México,homepage,0
prepa2.taled.mx,prepa2.taled.mx,México,homepage,0
siiauescolar.siiau.udg.mx,siiauescolar.siiau.udg.mx,México,homepage,0
odmexpress.com.mx,odmexpress.com.mx,México,homepage,0
grupovordcab.cloud,grupovordcab.cloud,México,homepage,0
sii.upp.edu.mx,sii.upp.edu.mx,México,homepage,0
ovc.guerrero.gob.mx,ovc.guerrero.gob.mx,México,homepage,0
contalink.com,contalink.com,México,homepage,0
fim.umich.mx,fim.umich.mx,México,homepage,0
uvl.telmex.com,uvl.telmex.com,México,homepage,0
folletos.cantia.com.mx,folletos.cantia.com.mx,México,homepage,0
academica.uat.edu.mx,academica.uat.edu.mx,México,homepage,0
http://financrece.com/leon,financrece.com,México,url,0
https://zadako.com/cart,zadako.com,México,url,0
https://www.vanity.com.mx/cart,vanity.com.mx,México,url,0
https://app.refpal.org/login_forgot,app.refpal.org,México,url,0
https://estadistica.io/login,estadistica.io,México,url,0
https://www.akdmic.com/privacy,akdmic.com,México,url,0
https://turbopeso.mx/mi-cuenta,turbopeso.mx,México,url,0
https://5smm.com/signup,5smm.com,México,url,0
https://www.creditienda.mx/aviso-privacidad,creditienda.mx,México,url,0
https://covadosa.store/contacto.cshtml,covadosa.store,México,url,0
https://communique.odoo.com/aviso-de-privacidad,communique.odoo.com,México,url,0
https://e-indigo.com/AltaUsuarios.html,e-indigo.com,México,url,0
https://www.tarjetas.creditobanorte.com/conf,tarjetas.creditobanorte.com,México,url,0
https://sicepachuca.cobaeh.edu.mx/loginAspirantes.php,sicepachuca.cobaeh.edu.mx,México,url,0
https://www.mi-rfc.com.mx/politica-de-cookies,mi-rfc.com.mx,México,url,0
https://support.netwey.com.mx/open.php,support.netwey.com.mx,México,url,0
https://www.intracomer.com.mx/intranet/login,intracomer.com.mx,México,url,0
https://media.knova.com.mx/manuales/11110.pdf,media.knova.com.mx,México,url,0
https://cursos02.usicamm.gob.mx/login/index.php,cursos02.usicamm.gob.mx,México,url,0
https://qrohuimilpan.garis.com.mx/home/factura.html,qrohuimilpan.garis.com.mx,México,url,0
https://salamanca.grupogorey.com/login/index.php,salamanca.grupogorey.com,México,url,0
http://cesmdfa.tfja.gob.mx/TFJFAe5/tfjfae5.php,cesmdfa.tfja.gob.mx,México,url,0
https://aplicaciones.upaep.mx/domain/estudiantesV3/login,aplicaciones.upaep.mx,México,url,0
https://seer.gob.mx/constancia/ConstanciaNormal/index.php,seer.gob.mx,México,url,0
https://cultura.michoacan.gob.mx/categoria/cartelera/,cultura.michoacan.gob.mx,México,url,0
https://es.smartling.com/resources/case-study/ibm,es.smartling.com,México,url,0
https://api.traxion.global/assets/pdf/Prospecto.pdf,api.traxion.global,México,url,0
https://connect.toka.com.mx/administrador/Cuenta/IniciarSesion,connect.toka.com.mx,México,url,0
https://intranet.ebc.edu.mx/web/ebc/recuperar-contrase%C3%B1a,intranet.ebc.edu.mx,México,url,0
http://siienet.utn.edu.mx/paginas/alumnos/inicioalumnos.html,siienet.utn.edu.mx,México,url,0
https://www.e-golmex.com/Cuenta/Login,e-golmex.com,México,url,0
https://maulab.com.mx/lista_pruebas/8,maulab.com.mx,México,url,0
https://mkt.sorteostec.org/colaborador-voluntario-sorteostec-0,mkt.sorteostec.org,México,url,0
https://bolsadeempleo.irapuato.gob.mx/job_search_by_skill.php,bolsadeempleo.irapuato.gob.mx,México,url,0
https://cienciassociales.uaz.edu.mx/login/forgot_password.php,cienciassociales.uaz.edu.mx,México,url,0
https://cms.reservamos.mx/grupo-autobuses/grupo-flecha-amarilla,cms.reservamos.mx,México,url,0
https://cursos.ulinea.org/admin/tool/dataprivacy/summary.php,cursos.ulinea.org,México,url,0
https://teacherdaniel.org/admin/tool/dataprivacy/summary.php,teacherdaniel.org,México,url,0
https://aravia.online/admin/tool/dataprivacy/summary.php,aravia.online,México,url,0
https://maxicopias.net/RecuperaPassword.php?lang=EN,maxicopias.net,México,url,0
https://ssl2.e-pago.com.mx/pgs/jsp/cpagos/pdf/AvisodePrivacidad.pdf,ssl2.e-pago.com.mx,México,url,0
https://celexcurso.azc.uam.mx/user/view.php?id=3&course=10,celexcurso.azc.uam.mx,México,url,0
https://eefj.pjpuebla.gob.mx/index.php/servicios-escolares/alumnos/solicitud-de-documentos,eefj.pjpuebla.gob.mx,México,url,0
https://transparencia.uaem.mx/wp-content/uploads/2026/04/CONVENIO-SEGURIDAD-UAEM.pdf,transparencia.uaem.mx,México,url,0
http://transparencia.uach.mx/informacion_publica_de_oficio/fraccion_vii/PDU_2022_2028.pdf,transparencia.uach.mx,México,url,0
https://transparencia.sinaloa.gob.mx/p/concurso-transparencia-en-corto-sinaloa-2026,transparencia.sinaloa.gob.mx,México,url,0
http://moodlesanjose.sems.udg.mx/mod/page/view.php?id=42114,moodlesanjose.sems.udg.mx,México,url,0
https://iknium.campus.university/login/index.php?lang=en,iknium.campus.university,México,url,0
https://capacitacion.conade.gob.mx/course/management.php?categoryid=24&courseid=209,capacitacion.conade.gob.mx,México,url,0
https://ingles.fciencias.unam.mx/cursos/course/index.php?categoryid=45,ingles.fciencias.unam.mx,México,url,0
https://moodsi.cucea.udg.mx/auth/oauth2/login.php?id=1&wantsurl=%2F&sesskey=e1NnlyfSuj,moodsi.cucea.udg.mx,México,url,0
cude.online,cude.online,México,homepage,0
avafin.com.mx,avafin.com.mx,México,homepage,0
elearning.udemex.edu.mx,elearning.udemex.edu.mx,México,homepage,0
ler.uam.mx,ler.uam.mx,México,homepage,0
donativos.fundacionbbva.mx,donativos.fundacionbbva.mx,México,homepage,0
https://ameliejoyas.mx/cart,ameliejoyas.mx,México,url,0
importacioneschina.com,importacioneschina.com,México,homepage,0
app.sunone.io,app.sunone.io,México,homepage,0
implan.tijuana.gob.mx,implan.tijuana.gob.mx,México,homepage,0
shop.clip.mx,shop.clip.mx,México,homepage,0
https://admisiones.uabc.mx/contacto,admisiones.uabc.mx,México,url,0
siapi.com.mx,siapi.com.mx,México,homepage,0
unsub.andacredito.mx,unsub.andacredito.mx,México,homepage,0
developers.conekta.com,developers.conekta.com,México,homepage,0
plataformaunidev.com,plataformaunidev.com,México,homepage,0
https://areaprivada.icasas.mx/login,areaprivada.icasas.mx,México,url,0
dda.uaq.mx,dda.uaq.mx,México,homepage,0
https://diaca.chapingo.mx/paescolares,diaca.chapingo.mx,México,url,0
micheldomit.com,micheldomit.com,México,homepage,0
https://contaduria.fca.unam.mx/login/index.php,contaduria.fca.unam.mx,México,url,0
https://cesbaenlinea.cloud/login/index.php,cesbaenlinea.cloud,México,url,0
gymmx.com,gymmx.com,México,homepage,0
megacableinternet.mx,megacableinternet.mx,México,homepage,0
tecnica95aprende.milaulas.com,tecnica95aprende.milaulas.com,México,homepage,0
https://cdn.ledlightexpert.com/spec-sheets/RGL-STADIUMPRO-4-500WT1PS2A1.pdf,cdn.ledlightexpert.com,México,url,0
ocelote.zaragoza.unam.mx,ocelote.zaragoza.unam.mx,México,homepage,0
rutrutificadr.cl,rutrutificadr.cl,Chile,homepage,0
mi.tuves.cl,mi.tuves.cl,Chile,homepage,0
avanxa.com,avanxa.com,Chile,homepage,0
urco.cl,urco.cl,Chile,homepage,0
fogape.cl,fogape.cl,Chile,homepage,0
elconquistadorfm.net,elconquistadorfm.net,Chile,homepage,0
universidad-dgia.uct.cl,universidad-dgia.uct.cl,Chile,homepage,0
servicios.talca.cl,servicios.talca.cl,Chile,homepage,0
medicenter.cl,medicenter.cl,Chile,homepage,0
horalibre.cl,horalibre.cl,Chile,homepage,0
infobridge.cl,infobridge.cl,Chile,homepage,0
gops.cl,gops.cl,Chile,homepage,0
advance.uss.cl,advance.uss.cl,Chile,homepage,0
levelpropiedades.cl,levelpropiedades.cl,Chile,homepage,0
embonor.micoca-cola.cl,embonor.micoca-cola.cl,Chile,homepage,0
coreanachile.cl,coreanachile.cl,Chile,homepage,0
inscripcion.deporteazul.cl,inscripcion.deporteazul.cl,Chile,homepage,0
home.hcmfront.com,home.hcmfront.com,Chile,homepage,0
ironside.cl,ironside.cl,Chile,homepage,0
clobycotelopez.cl,clobycotelopez.cl,Chile,homepage,0
actualidad.udla.cl,actualidad.udla.cl,Chile,homepage,0
empresas.bancosecurity.cl,empresas.bancosecurity.cl,Chile,homepage,0
vlpc.providencia.cl,vlpc.providencia.cl,Chile,homepage,0
sv.nuevamasvida.cl,sv.nuevamasvida.cl,Chile,homepage,0
mibiotren.cl,mibiotren.cl,Chile,homepage,0
lacontadora.cl,lacontadora.cl,Chile,homepage,0
lodoro.cl,lodoro.cl,Chile,homepage,0
dimakonline.cl,dimakonline.cl,Chile,homepage,0
remateszarate.cl,remateszarate.cl,Chile,homepage,0
https://www.leylobby.gob.cl/lobistas,leylobby.gob.cl,Chile,url,0
https://mi.tarjetafamily.cl/pay_form,mi.tarjetafamily.cl,Chile,url,0
https://web.bancoripley.cl/onboarding,web.bancoripley.cl,Chile,url,0
https://www.carvuk.com/grabado-de-patente,carvuk.com,Chile,url,0
https://domino.cl/lenguaje-domino,domino.cl,Chile,url,0
https://www.macol.cl/contactanos,macol.cl,Chile,url,0
https://www.revisionestecnicas.cl/camaras,revisionestecnicas.cl,Chile,url,0
https://meagendas.com/contact,meagendas.com,Chile,url,0
https://www.becaticketjunaeb.cl/recuperar-clave-web,becaticketjunaeb.cl,Chile,url,0
https://www.benandfrank.cl/politica-de-privacidad,benandfrank.cl,Chile,url,0
https://bancoestado.trabajando.cl/terminos-y-condiciones,bancoestado.trabajando.cl,Chile,url,0
https://www.fullcopec.cl/terminos-y-condiciones,fullcopec.cl,Chile,url,0
https://informacion.e-mobility.cl/agenda-tu-test-drive,informacion.e-mobility.cl,Chile,url,0
https://www.granferiadecapacitacion.cl/lanzamientos,granferiadecapacitacion.cl,Chile,url,0
https://landings.destacame.cl/pro-equipos,landings.destacame.cl,Chile,url,0
https://buffalochile.cl/collections/ofertas-mujer,buffalochile.cl,Chile,url,0
https://ravenol.cl/catalogo-1/aceites-industriales,ravenol.cl,Chile,url,0
https://atakamaoutdoor.cl/collections/polars-mujer,atakamaoutdoor.cl,Chile,url,0
https://www.seguroscencosud.cl/landing/contacto,seguroscencosud.cl,Chile,url,0
https://tierramarillano.cl/regionales/,tierramarillano.cl,Chile,url,0
https://registro.fechida.org/clubes/ayuda.php,registro.fechida.org,Chile,url,0
https://www.directic.cl/BeSafe/DirecticHome/,directic.cl,Chile,url,0
https://adminpaxzu.recilock.cl/uploads/files/120RC342.pdf,adminpaxzu.recilock.cl,Chile,url,0
https://cloud.pintana.cl/index.php/s/qoqC9jMMqHzgM6k,cloud.pintana.cl,Chile,url,0
https://remates.cgrchile.com/garanty/Acceso/Registro,remates.cgrchile.com,Chile,url,0
https://sivoley.cl/cdn-cgi/l/email-protection,sivoley.cl,Chile,url,0
https://tiendadelpedregal.cl/producto/huevo-blanco-extra-20-un-cinta-azul/,tiendadelpedregal.cl,Chile,url,0
https://empleospublicos.cl/pub/convocatorias/convocatorias.aspx,empleospublicos.cl,Chile,url,0
https://sncae.mma.gob.cl/docs/manual/Manual_SNCAE_2020_final.pdf,sncae.mma.gob.cl,Chile,url,0
https://www.araucomaipu.cl/blog/deporte,araucomaipu.cl,Chile,url,0
https://tcgmatch.cl/cartas/riftbound,tcgmatch.cl,Chile,url,0
https://www.cobranzaonline.com/por_que_nosotros#section-casos-exito,cobranzaonline.com,Chile,url,0
https://www.hipotecariasecurity.cl/credito-hipotecario-con-subsidio,hipotecariasecurity.cl,Chile,url,0
https://farmaciaelquimico.cl/collections/pronto-vencimiento,farmaciaelquimico.cl,Chile,url,0
https://www.mallbarrioindependencia.cl/cartelera/el-pasajero-del-diablo,mallbarrioindependencia.cl,Chile,url,0
https://enac.cl/carrera/tecnologia/tecnico-en-construccion/,enac.cl,Chile,url,0
https://www.aulavirtual.onlinecollege.cl/admin/tool/dataprivacy/summary.php,aulavirtual.onlinecollege.cl,Chile,url,0
https://mel.mapfre.cl/portal/servicios/mapfreenlinea/,mel.mapfre.cl,Chile,url,0
https://www.sinim.gov.cl/documento_importante.php?id=994,sinim.gov.cl,Chile,url,0
https://w3.sgo.cl/wp-content/uploads/2021/08/PUENTE-CUNCUMEN-COQUIMBO.jpeg,w3.sgo.cl,Chile,url,0
https://ventasonline.kidzania.cl/schedules?start_date=2026-06-01,ventasonline.kidzania.cl,Chile,url,0
https://socovid.zenitseguros.cl/view/DatosContratante.aspx?cn=MQA=&ej=,socovid.zenitseguros.cl,Chile,url,0
https://agendavcm.udla.cl/2026/04/29/taller-de-preparacion-para-el-mundo-laboral-parte-1-2,agendavcm.udla.cl,Chile,url,0
https://www.talca.cl/wp-content/uploads/2025/06/formu.TRANSFER.ELECTRONICA-EMPRESA.docx,talca.cl,Chile,url,0
https://registrosocial.gob.cl/tramites-actualizacion-complemento-rectificacion#top,registrosocial.gob.cl,Chile,url,0
https://aplicacionesweb.cenabast.cl/appfarmacovigilancia/controllers/home_controller.asp,aplicacionesweb.cenabast.cl,Chile,url,0
https://primesuples.com/products/creatina-monohidrato-300-gr-primetech-2-vitaminas-primetech,primesuples.com,Chile,url,0
https://sergioescobarusados.cl/web/vehiculos/view?id=4639012,sergioescobarusados.cl,Chile,url,0
https://lms.educandus.cl/login/index.php?lang=fr,lms.educandus.cl,Chile,url,0
https://opinion.udla.cl/2026/03/28/el-acido-ascorbico-mitiga-el-estres-por-aluminio-mediante-un-mecanismo-antioxidante-mejorado-en-el-arandano,opinion.udla.cl,Chile,url,0
https://wallride.cl/cdn/shop/files/111111_0a7c3864-4eec-4e2b-a087-c5909f26f587_1800x1800.jpg?v=1762978659,wallride.cl,Chile,url,0
mundointernet.cl,mundointernet.cl,Chile,homepage,0
new.mibo.cl,new.mibo.cl,Chile,homepage,0
banca.me,banca.me,Chile,homepage,0
contenido.levelpropiedades.cl,contenido.levelpropiedades.cl,Chile,homepage,0
busesahumada.cl,busesahumada.cl,Chile,homepage,0
campusvirtual.preucvonline.cl,campusvirtual.preucvonline.cl,Chile,homepage,0
calidad.bionet.cl,calidad.bionet.cl,Chile,homepage,0
cruzblanca.cl,cruzblanca.cl,Chile,homepage,0
survias.cl,survias.cl,Chile,homepage,0
moss.cl,moss.cl,Chile,homepage,0
llamadoconcurso.utalca.cl,llamadoconcurso.utalca.cl,Chile,homepage,0
https://corporacion.cerronavia.cl/biblioteca/,corporacion.cerronavia.cl,Chile,url,0
https://tiendavoce.cl/collections/ultimas-tallas/products/mocasin-vizzano-pink-1187-464-14710-87476?_pos=38&_fid=5ddb031c1&_ss=c&variant=50046346723645,tiendavoce.cl,Chile,url,0
condor2.utalca.cl,condor2.utalca.cl,Chile,homepage,0
https://elfiniquito.cl/docs/Privacidad-elFiniquito.cl-08.05.26.pdf,elfiniquito.cl,Chile,url,0
https://calidad.ufro.cl/acreditacion-pregrado/,calidad.ufro.cl,Chile,url,0
https://sistemas.losangeles.cl/SSP/public/login,sistemas.losangeles.cl,Chile,url,0
https://alishaperfumes.cl/collections/paco-rabanne,alishaperfumes.cl,Chile,url,0
https://postgrados.udalba.cl/magister-en-gestion-de-la-convivencia-escolar-e-inclusion/,postgrados.udalba.cl,Chile,url,0
compliance.casinoexpress.cl,compliance.casinoexpress.cl,Chile,homepage,0
tellotec.cl,tellotec.cl,Chile,homepage,0
https://consumidores.pluxee.cl/buscador/servicios,consumidores.pluxee.cl,Chile,url,0
abchoy.com.ar,abchoy.com.ar,Argentina,homepage,0
normas.gba.gob.ar,normas.gba.gob.ar,Argentina,homepage,0
bersashop.com.ar,bersashop.com.ar,Argentina,homepage,0
novogar.com.ar,novogar.com.ar,Argentina,homepage,0
tiendaslandmark.com.ar,tiendaslandmark.com.ar,Argentina,homepage,0
astrogrow.com.ar,astrogrow.com.ar,Argentina,homepage,0
voltra.com.ar,voltra.com.ar,Argentina,homepage,0
bellkys.com.ar,bellkys.com.ar,Argentina,homepage,0
launion.digital,launion.digital,Argentina,homepage,0
paruolo.com.ar,paruolo.com.ar,Argentina,homepage,0
obrasocial.spf.gob.ar,obrasocial.spf.gob.ar,Argentina,homepage,0
ryrcomputacion.com,ryrcomputacion.com,Argentina,homepage,0
tienda.viveromario.com.ar,tienda.viveromario.com.ar,Argentina,homepage,0
calp.com.ar,calp.com.ar,Argentina,homepage,0
cbccampusvirtual.uba.ar,cbccampusvirtual.uba.ar,Argentina,homepage,0
crdmolina.grisinformatica.com,crdmolina.grisinformatica.com,Argentina,homepage,0
sycventas.com.ar,sycventas.com.ar,Argentina,homepage,0
srt.aulainstitucional.com.ar,srt.aulainstitucional.com.ar,Argentina,homepage,0
gestionesanteriores.buenosairescompras.gob.ar,gestionesanteriores.buenosairescompras.gob.ar,Argentina,homepage,0
gobiernoabierto.cordoba.gob.ar,gobiernoabierto.cordoba.gob.ar,Argentina,homepage,0
sanjuanempresas.bancosanjuan.com,sanjuanempresas.bancosanjuan.com,Argentina,homepage,0
profesionales.hospitalespanol.org.ar,profesionales.hospitalespanol.org.ar,Argentina,homepage,0
clubesmunicipales.pilar.gov.ar,clubesmunicipales.pilar.gov.ar,Argentina,homepage,0
preinscripciones.guarani.abc.gob.ar,preinscripciones.guarani.abc.gob.ar,Argentina,homepage,0
https://www.ativiajes.com/hoteles,ativiajes.com,Argentina,url,0
http://www.gigared.com.ar/todofutbol,gigared.com.ar,Argentina,url,0
https://www.unt.edu.ar/institucional,unt.edu.ar,Argentina,url,0
https://www.monline.com.ar/MenuRogelia,monline.com.ar,Argentina,url,0
https://www.uomax.com.ar/pies-321,uomax.com.ar,Argentina,url,0
https://www.ospoce.com.ar/prestadoresDiscos.php,ospoce.com.ar,Argentina,url,0
https://ramos31.suizoargentina.com.ar/principal,ramos31.suizoargentina.com.ar,Argentina,url,0
https://www.cooponlineweb.com.ar/AguadeOroySierrasChicas,cooponlineweb.com.ar,Argentina,url,0
https://www.cursos-uba.com.ar/rrhhanalista.html,cursos-uba.com.ar,Argentina,url,0
https://www.tedbodin.com/categorias/sale-sale-sale,tedbodin.com,Argentina,url,0
https://www.shopgallery.com/fragancias/masculinas,shopgallery.com,Argentina,url,0
https://www.mundijuegos.com.ar/player/compruebalo,mundijuegos.com.ar,Argentina,url,0
https://www.ferrovias.com.ar/varios/privacidad.php,ferrovias.com.ar,Argentina,url,0
https://www.textilayacucho.com.ar/telas/lurex/,textilayacucho.com.ar,Argentina,url,0
https://suenodorado.com.ar/colchon/king1/180x2001,suenodorado.com.ar,Argentina,url,0
https://idiomas.filo.uba.ar/es/product/256,idiomas.filo.uba.ar,Argentina,url,0
https://www.blaisten.com.ar/piletas%20de%20lavadero?_q=piletas%20de%20lavadero&map=ft,blaisten.com.ar,Argentina,url,0
https://prestadores.pami.org.ar/bot_consultas_prestador_normativa_vig.php?vm=2,prestadores.pami.org.ar,Argentina,url,0
https://deas.colproba.org.ar/index.php/deas/sorteos_realizados,deas.colproba.org.ar,Argentina,url,0
https://www.anastasiamonaco.com.ar/uy/productos/body-layer-1xy01,anastasiamonaco.com.ar,Argentina,url,0
https://arg.pathos-seo.com/page/5,arg.pathos-seo.com,Argentina,url,0
https://lasheras.gob.ar/hcd/,lasheras.gob.ar,Argentina,url,0
https://www.bedtime.com.ar/colchon-1-plaza-bedtime-gravity-lux-080x190cm,bedtime.com.ar,Argentina,url,0
https://www.blaque.com.ar/productos/bolso-de-viaje-ibiza-trenzado-lf2272cl,blaque.com.ar,Argentina,url,0
https://m-once.com/categoria/accesorios-para-mascotas/ahorque-estaca/,m-once.com,Argentina,url,0
https://es.produzindodelicias.com/author/igor/page/2,es.produzindodelicias.com,Argentina,url,0
https://www.cinemaadrogue.com/Peliculas?codPelicula=441,cinemaadrogue.com,Argentina,url,0
https://www.gratia.com.ar/acero/acero-dorado/anillos/anillos/r4065.html,gratia.com.ar,Argentina,url,0
https://www.agustisubastas.com/Default.aspx?mnu=detalle&sid=3234&lId=1,agustisubastas.com,Argentina,url,0
https://fancyyou.com.ar/my-account/?et-wishlist-page&add_to_wishlist=87348,fancyyou.com.ar,Argentina,url,0
https://www.elegircolegio.com/listado-de/colegios-en-buenos-aires/colegios-privados-en-tandil/,elegircolegio.com,Argentina,url,0
https://www.sanpretta.com/productos/mocasin-roma-azul-celeste-blanco-11gxf/?variant=1474737528,sanpretta.com,Argentina,url,0
https://www.freestyledeco.com.ar/cuadros-en-bastidor-canvas/arte-y-abstracto/hilma-af-klint,freestyledeco.com.ar,Argentina,url,0
https://www.farmaciasocial.com.ar/shop/product/combo-effaclar-duo-effaclar-gel-200ml-WS2464106,farmaciasocial.com.ar,Argentina,url,0
https://www.puntodeimpactoshop.com.ar/producto/pistola-bersa-thunder-45-ultra-compact-pro-dt-3,puntodeimpactoshop.com.ar,Argentina,url,0
https://www.liberocamisetas.com/todas-las-temporadas/temporada-2026/selecciones-2026/selecciones-2026-version-comercial1,liberocamisetas.com,Argentina,url,0
https://acuareladistribuidora.com/acuarela/index.php?view=category&id=1296,acuareladistribuidora.com,Argentina,url,0
rsvm.gob.pe,rsvm.gob.pe,Perú,homepage,0
tienda.sonepar.pe,tienda.sonepar.pe,Perú,homepage,0
itouchperu.pe,itouchperu.pe,Perú,homepage,0
unimaq.com.pe,unimaq.com.pe,Perú,homepage,0
columbia.pe,columbia.pe,Perú,homepage,0
web-media-prd.pandero.com.pe,web-media-prd.pandero.com.pe,Perú,homepage,0
salomonstore.com.pe,salomonstore.com.pe,Perú,homepage,0
maybelline.pe,maybelline.pe,Perú,homepage,0
fulldepor.com.pe,fulldepor.com.pe,Perú,homepage,0
ceps.uni.edu.pe,ceps.uni.edu.pe,Perú,homepage,0
menorca.pe,menorca.pe,Perú,homepage,0
aeo.com.pe,aeo.com.pe,Perú,homepage,0
inkfinity.pe,inkfinity.pe,Perú,homepage,0
bancaenlinea.bancoripley.com.pe,bancaenlinea.bancoripley.com.pe,Perú,homepage,0
blackanddecker.dinersclubmall.pe,blackanddecker.dinersclubmall.pe,Perú,homepage,0
registrodeenvios.olvacourier.com,registrodeenvios.olvacourier.com,Perú,homepage,0
latienditadedonpepe.dinersclubmall.pe,latienditadedonpepe.dinersclubmall.pe,Perú,homepage,0
agendatuservicio.mitsuiautomotriz.com,agendatuservicio.mitsuiautomotriz.com,Perú,homepage,0
san-miguel-de-cauri.doplim.com.pe,san-miguel-de-cauri.doplim.com.pe,Perú,homepage,0
campusvirtual.autonomadeica.edu.pe,campusvirtual.autonomadeica.edu.pe,Perú,homepage,0
https://posgrado.utea.edu.pe/admision,posgrado.utea.edu.pe,Perú,url,0
https://cultural.upc.edu.pe/programas,cultural.upc.edu.pe,Perú,url,0
https://vanzys.com/revit,vanzys.com,Perú,url,0
https://thn.pe/cart,thn.pe,Perú,url,0
https://infopucp.pucp.edu.pe/semana-infofest-2024,infopucp.pucp.edu.pe,Perú,url,0
https://www.isem.org.pe/empresa#info-cultura,isem.org.pe,Perú,url,0
https://udeapolis.com/terminos-y-condiciones,udeapolis.com,Perú,url,0
https://pbs.edu.pe/episodios/reuniones-de-trabajo.mp3,pbs.edu.pe,Perú,url,0
https://pure.uns.edu.pe/admin/workspace.xhtml,pure.uns.edu.pe,Perú,url,0
https://rsu.unitru.edu.pe/cecunt/index.php,rsu.unitru.edu.pe,Perú,url,0
https://www.squeeze.pe/web/about/politica-de-cookies,squeeze.pe,Perú,url,0
https://www.vlady.com.pe/reposteria/torta_helada/,vlady.com.pe,Perú,url,0
https://www.luxurybrands.com.pe/376?map=productClusterIds&order=OrderByTopSaleDESC,luxurybrands.com.pe,Perú,url,0
https://estacionkawaii.pe/categoria-producto/organizadores/,estacionkawaii.pe,Perú,url,0
https://www.diresapuno.gob.pe/red-collao/,diresapuno.gob.pe,Perú,url,0
"https://www.taurus.com.pe/cepillo-moldeador-mod.-air-pro-flex-6-in-1,1527762",taurus.com.pe,Perú,url,0
https://aula.minpe.edu.pe/courses/obtener-mis-certificados-sst12,aula.minpe.edu.pe,Perú,url,0
https://actualidad.educacionenred.pe/search?updated-max=2026-05-17T00:49:00-05:00&max-results=20&start=26&by-date=false,actualidad.educacionenred.pe,Perú,url,0
https://capittana.pe/collections/new-arrivals/products/moni-white,capittana.pe,Perú,url,0
https://www.samsung.com/pe/campaign/samsung-care-plus/,samsung.com,Perú,url,0
https://www.gdmmotorsac.com/Articulo?subfamilia=593,gdmmotorsac.com,Perú,url,0
https://www.estilos.pe/product-category/cabello/coloracion/ampollas-coloracion/,estilos.pe,Perú,url,0
https://www.astranautas.com/taller-de-robotica.php?q=robotica-evkids,astranautas.com,Perú,url,0
contadoresdeluruguay.com.uy,contadoresdeluruguay.com.uy,Uruguay,homepage,0
sophia.riggouniformes.com.uy,sophia.riggouniformes.com.uy,Uruguay,homepage,0
ontil.com.uy,ontil.com.uy,Uruguay,homepage,0
sportmarket.com.uy,sportmarket.com.uy,Uruguay,homepage,0
clubbps.com.uy,clubbps.com.uy,Uruguay,homepage,0
bioparque.montesdelplata.com.uy,bioparque.montesdelplata.com.uy,Uruguay,homepage,0
uruguay.viajeselcorteingleslatam.com,uruguay.viajeselcorteingleslatam.com,Uruguay,homepage,0
moodle.planagropecuario.org.uy,moodle.planagropecuario.org.uy,Uruguay,homepage,0
https://acropolis.org.uy/my-account,acropolis.org.uy,Uruguay,url,0
http://autoges.inavi.com.uy:8080/wfdesigner.jnlp,autoges.inavi.com.uy,Uruguay,url,0
https://www.berokiyasociados.com/Apartamento/113,berokiyasociados.com,Uruguay,url,0
https://helopal.club/cdn-cgi/l/email-protection,helopal.club,Uruguay,url,0
https://www.gameover.uy/showthread.php?18265-3clics&s=067c1fb53272ab084372b3fe69c91b5b&p=351663,gameover.uy,Uruguay,url,0
https://cottonflor.com.uy/productos/colchas-y-mantas/manta-linea-virtual,cottonflor.com.uy,Uruguay,url,0
https://terko.com.uy/contacto/,terko.com.uy,Uruguay,url,0
llantas247.com,llantas247.com,Ecuador,homepage,0
consultasecuador.com,consultasecuador.com,Ecuador,homepage,0
holcim.com.ec,holcim.com.ec,Ecuador,homepage,0
campusacademicoacec.milaulas.com,campusacademicoacec.milaulas.com,Ecuador,homepage,0
moodle.appolpreuniversitario.com,moodle.appolpreuniversitario.com,Ecuador,homepage,0
https://jacecuador.com/postventa,jacecuador.com,Ecuador,url,0
https://www.peigo.com.ec/pago-de-servicios,peigo.com.ec,Ecuador,url,0
https://www.cosede.gob.ec/programas-servicios/,cosede.gob.ec,Ecuador,url,0
https://www.derechosintelectuales.gob.ec/category/catalogo/,derechosintelectuales.gob.ec,Ecuador,url,0
https://www.ecuatorianatkd.com/tkd_rep_puntos_general_clasificacion.php?eve=277&cla=2,ecuatorianatkd.com,Ecuador,url,0
studyib.com,studyib.com,Venezuela,homepage,0
librosccs.com,librosccs.com,Venezuela,homepage,0
gciretturagrounellez.milaulas.com,gciretturagrounellez.milaulas.com,Venezuela,homepage,0
campusvirtual.uemateabolivar.com,campusvirtual.uemateabolivar.com,Venezuela,homepage,0
https://ticketgrupocanaima.com/ostar,ticketgrupocanaima.com,Venezuela,url,0
https://www.doplim.com.ve/reparacion-sr-74,doplim.com.ve,Venezuela,url,0
https://enviatusflores.com/categoria/golosinas,enviatusflores.com,Venezuela,url,0
https://condesalatin.com/cdn-cgi/l/email-protection,condesalatin.com,Venezuela,url,0
electromax.com.py,electromax.com.py,Paraguay,homepage,0
fuschia.com.py,fuschia.com.py,Paraguay,homepage,0
certificaciones.greatplacetowork.com.py,certificaciones.greatplacetowork.com.py,Paraguay,homepage,0
https://www.alemaniacell.com/huawei,alemaniacell.com,Paraguay,url,0
https://www.paracel.com.py/preguntas-frecuentes#cultura,paracel.com.py,Paraguay,url,0
https://pry.sika.com/es/contacto-paraguay.html,pry.sika.com,Paraguay,url,0
casadelasmedias.com.do,casadelasmedias.com.do,Rep. Dominicana,homepage,0
udoym-edu-do.zoom.us,udoym-edu-do.zoom.us,Rep. Dominicana,homepage,0
mao-en-el-corazon.blogspot.com,mao-en-el-corazon.blogspot.com,Rep. Dominicana,homepage,0
https://store.egauge.net/meters,store.egauge.net,Rep. Dominicana,url,0
https://distribuidoracorripio.com.do/marcas,distribuidoracorripio.com.do,Rep. Dominicana,url,0
feboda.info,feboda.info,Bolivia,homepage,0
posgradovirtual.fcyt.umss.edu.bo,posgradovirtual.fcyt.umss.edu.bo,Bolivia,homepage,0
https://www.uab.edu.bo/ventaja,uab.edu.bo,Bolivia,url,0
https://www.ceadbp.edu.bo/belleza-integral.html,ceadbp.edu.bo,Bolivia,url,0
chocolatestheocr.com,chocolatestheocr.com,Costa Rica,homepage,0
coleambientalistaelrobledealajuela.com,coleambientalistaelrobledealajuela.com,Costa Rica,homepage,0
https://pulserasbasha.com/contacto,pulserasbasha.com,Costa Rica,url,0
http://apuntescr.com/officesupplies.html,apuntescr.com,Costa Rica,url,0
picacia.sv,picacia.sv,El Salvador,homepage,0
directoriomedicodeelsalvador.com,directoriomedicodeelsalvador.com,El Salvador,homepage,0
https://midoctor.sv/davidcaceros,midoctor.sv,El Salvador,url,0
asiae.co.kr,asiae.co.kr,Guatemala,homepage,0
aulavirtualsaesap.ingenieria.usac.edu.gt,aulavirtualsaesap.ingenieria.usac.edu.gt,Guatemala,homepage,0
https://www.ebi.com.gt/pay-bi,ebi.com.gt,Guatemala,url,0
topbrandsint.com,topbrandsint.com,Panamá,homepage,0
credidemo.hn,credidemo.hn,Honduras,homepage,0
radiohit1047.com,radiohit1047.com,Nicaragua,homepage,0
