url,domain,pais,tld,dominio
expressolimp.com.br/isbank.com.tr/index.html,expressolimp.com.br,Brasil,,expressolimp.com.br
oei.org.ar/alfabetic/mailbox,oei.org.ar,Argentina,,oei.org.ar
68eaed0e-b007-4207-ba4f-b3cf7fe3e8cb.id.repl.co,68eaed0e-b007-4207-ba4f-b3cf7fe3e8cb.id.repl.co,Colombia,,68eaed0e-b007-4207-ba4f-b3cf7fe3e8cb.id.repl.co
wwwerr.pagedemo.co,wwwerr.pagedemo.co,Colombia,,wwwerr.pagedemo.co
daafc396-5ac1-4dd9-ab09-1970c298f128.id.repl.co,daafc396-5ac1-4dd9-ab09-1970c298f128.id.repl.co,Colombia,,daafc396-5ac1-4dd9-ab09-1970c298f128.id.repl.co
suprams.com.br/admin/linkedIn.com/linkedIn.com/login.php?ctapq=%7B%7Bemail%7D%7D,suprams.com.br,Brasil,,suprams.com.br
lucasesmeraldino.com.br/redirect.php?v=ca4f8a5ad82c5cb,lucasesmeraldino.com.br,Brasil,,lucasesmeraldino.com.br
ofiice.smartwebinfo.com.br,ofiice.smartwebinfo.com.br,Brasil,,ofiice.smartwebinfo.com.br
opech.cl/new,opech.cl,Chile,,opech.cl
solicitudes2023.xxxxxbcl.repl.co,solicitudes2023.xxxxxbcl.repl.co,Colombia,,solicitudes2023.xxxxxbcl.repl.co
affiliateshopee.com.br/,affiliateshopee.com.br,Brasil,,affiliateshopee.com.br
jlorodt.blogspot.pe/?m=1,jlorodt.blogspot.pe,Perú,,jlorodt.blogspot.pe
zmaak.obeyx.com.br/chase/firstlog.php?public/enroll/IdentifyUser-aspx-LOB=RBGLogon=MjAyODgyNjAxNw==MjAyODgyNjAxNw==&session=MjAyODgyNjAxNw==MjAyODgyNjAxNw==,zmaak.obeyx.com.br,Brasil,,zmaak.obeyx.com.br
facebook-alerts.blogspot.com.ar,facebook-alerts.blogspot.com.ar,Argentina,,facebook-alerts.blogspot.com.ar
s4-72.com.co,s4-72.com.co,Colombia,,s4-72.com.co
www-eemteam.ventisca.cl,www-eemteam.ventisca.cl,Chile,,www-eemteam.ventisca.cl
acm1.eim.ae.iwc.static.c11n.all.circulosolidario.sv/etisalat-RD65/index.html,acm1.eim.ae.iwc.static.c11n.all.circulosolidario.sv,El Salvador,,acm1.eim.ae.iwc.static.c11n.all.circulosolidario.sv
79af3a59-ea15-4ec0-8766-76a215fbb4e8.id.repl.co,79af3a59-ea15-4ec0-8766-76a215fbb4e8.id.repl.co,Colombia,,79af3a59-ea15-4ec0-8766-76a215fbb4e8.id.repl.co
login.verifier-hypsequad.repl.co,login.verifier-hypsequad.repl.co,Colombia,,login.verifier-hypsequad.repl.co
v6hbarodpv3rn7flrwytwod7.we9ixzz.co/index/usps/index.html,v6hbarodpv3rn7flrwytwod7.we9ixzz.co,Colombia,,v6hbarodpv3rn7flrwytwod7.we9ixzz.co
symco.com.mx/ES6454814,symco.com.mx,México,,symco.com.mx
centrica.mx/up/new%20papi%20at&t/olam/?callingSystemId=eCare&key=ecare&returnURL=https://www.att.com,centrica.mx,México,,centrica.mx
adirem.mx/Netflix/4b9d2d2a09f142e/login.php,adirem.mx,México,,adirem.mx
clasificadospropiedades.cl/propiedades/media/cms,clasificadospropiedades.cl,Chile,,clasificadospropiedades.cl
premiums459.blogspot.pe/?id=619a6f10&m=1,premiums459.blogspot.pe,Perú,,premiums459.blogspot.pe
hmbrgr.co/67760,hmbrgr.co,Colombia,,hmbrgr.co
santaisabelfm.com.uy/dspm,santaisabelfm.com.uy,Uruguay,,santaisabelfm.com.uy
ghufhkg.zz.com.ve,ghufhkg.zz.com.ve,Venezuela,,ghufhkg.zz.com.ve
premium-promociones.com/paga-ofertas/tc/falabella/falabella.html,premium-promociones.com,Chile,,premium-promociones.com
partners.cog.cl/delivero/Packet/ch/shipment,partners.cog.cl,Chile,,partners.cog.cl
196700504589198.graficaaoquadrado.com.br/?300067340870152=zxjpbi51cml0dxnab3v0yw5kzxf1ywwub3jn,196700504589198.graficaaoquadrado.com.br,Brasil,,196700504589198.graficaaoquadrado.com.br
1jio.co,1jio.co,Colombia,,1jio.co
instagrammw.blogspot.cl,instagrammw.blogspot.cl,Chile,,instagrammw.blogspot.cl
deniseciganimakeup.com.br/sharefile/view,deniseciganimakeup.com.br,Brasil,,deniseciganimakeup.com.br
23435454456456.345435345345345.repl.co/01loading.php,23435454456456.345435345345345.repl.co,Colombia,,23435454456456.345435345345345.repl.co
bancolombi25.bancolombi25.repl.co,bancolombi25.bancolombi25.repl.co,Colombia,,bancolombi25.bancolombi25.repl.co
nacion.1set.repl.co,nacion.1set.repl.co,Colombia,,nacion.1set.repl.co
wvwv.obtentucuernta.repl.co,wvwv.obtentucuernta.repl.co,Colombia,,wvwv.obtentucuernta.repl.co
b.advamandamascarenhas.com.br/i/e.html,b.advamandamascarenhas.com.br,Brasil,,b.advamandamascarenhas.com.br
645b375d-0aac-41fe-ae0a-ad823dd9afbc.id.repl.co,645b375d-0aac-41fe-ae0a-ad823dd9afbc.id.repl.co,Colombia,,645b375d-0aac-41fe-ae0a-ad823dd9afbc.id.repl.co
facebookgroupinv.blogspot.com.ar,facebookgroupinv.blogspot.com.ar,Argentina,,facebookgroupinv.blogspot.com.ar
purple-sky-5087.on.fleek.co,purple-sky-5087.on.fleek.co,Colombia,,purple-sky-5087.on.fleek.co
elvascoweb.com.ar/arterc,elvascoweb.com.ar,Argentina,,elvascoweb.com.ar
aggiornamento.app.clienti.ducoreta.com.br,aggiornamento.app.clienti.ducoreta.com.br,Brasil,,aggiornamento.app.clienti.ducoreta.com.br
casalgarcez.com.br/3,casalgarcez.com.br,Brasil,,casalgarcez.com.br
awareincomparableobjectmodel--five-nine.repl.co,awareincomparableobjectmodel--five-nine.repl.co,Colombia,,awareincomparableobjectmodel--five-nine.repl.co
paypalupdate.co/index.html,paypalupdate.co,Colombia,,paypalupdate.co
onlinelandbank.server-access.repl.co,onlinelandbank.server-access.repl.co,Colombia,,onlinelandbank.server-access.repl.co
rabbitmidia.com.br/wp-includes/SimplePie/XML/Declaration/.zhy3nz/.xc723hs,rabbitmidia.com.br,Brasil,,rabbitmidia.com.br
novo.agtturismo.com.br/search,novo.agtturismo.com.br,Brasil,,novo.agtturismo.com.br
dartand.co/00009,dartand.co,Colombia,,dartand.co
ea855fc9-7def-4896-96f7-f828a61616a9.id.repl.co,ea855fc9-7def-4896-96f7-f828a61616a9.id.repl.co,Colombia,,ea855fc9-7def-4896-96f7-f828a61616a9.id.repl.co
5636463445.mexigas.com.mx/aoe39,5636463445.mexigas.com.mx,México,,5636463445.mexigas.com.mx
extension-metamask.com.doscastanoshotel.cl/initialize.html,extension-metamask.com.doscastanoshotel.cl,Chile,,extension-metamask.com.doscastanoshotel.cl
bancolombia-app.replit.app,bancolombia-app.replit.app,Colombia,,bancolombia-app.replit.app
aqbmvz.maniguaorganica.com.co/.aqbm.aHR0cHM6Ly91Z3lhcWJtLmZydWNlbnRyby5jbC8jemhhbmdqaWFubGluQHNpbS5lZHUuc2c=,aqbmvz.maniguaorganica.com.co,Colombia,,aqbmvz.maniguaorganica.com.co
new-mail-space-cloud.mabamimichael.repl.co/?naps,new-mail-space-cloud.mabamimichael.repl.co,Colombia,,new-mail-space-cloud.mabamimichael.repl.co
dinamibancolom.repl.co,dinamibancolom.repl.co,Colombia,,dinamibancolom.repl.co
slayinbrowz.co/mtb,slayinbrowz.co,Colombia,,slayinbrowz.co
scuba.dev.br/wp-admin/cn/sf-express-RD1238-chinese/index.html,scuba.dev.br,Brasil,,scuba.dev.br
bancolombia2558.repl.co,bancolombia2558.repl.co,Colombia,,bancolombia2558.repl.co
3243254356546.3453454343535.repl.co/01loading.php,3243254356546.3453454343535.repl.co,Colombia,,3243254356546.3453454343535.repl.co
slrpimrgymf.we9ixzz.co/index/usps/index.html,slrpimrgymf.we9ixzz.co,Colombia,,slrpimrgymf.we9ixzz.co
bancolombia.com-b12.repl.co,bancolombia.com-b12.repl.co,Colombia,,bancolombia.com-b12.repl.co
jairximenes.com.br/js/jquery/34w4et6754w3q2w44e56534214567543567/65435675467543354675435657/6543256786546754/u.php,jairximenes.com.br,Brasil,,jairximenes.com.br
testetela.ssannie12sl.repl.co,testetela.ssannie12sl.repl.co,Colombia,,testetela.ssannie12sl.repl.co
5631278.repl.co,5631278.repl.co,Colombia,,5631278.repl.co
darasloja.com.br/-/GFRACH/cv4,darasloja.com.br,Brasil,,darasloja.com.br
supplychain.servirtual.cl,supplychain.servirtual.cl,Chile,,supplychain.servirtual.cl
bancolombia--appsms0016.repl.co,bancolombia--appsms0016.repl.co,Colombia,,bancolombia--appsms0016.repl.co
5ty.easy.co,5ty.easy.co,Colombia,,5ty.easy.co
emktlw.com.br/accounts/199159/messages/13/preview?c=1750442362,emktlw.com.br,Brasil,,emktlw.com.br
carloschagas.mg.gov.br/site/function/webapps/65af1/websrc?amp&cmd=_login-submit,carloschagas.mg.gov.br,Brasil,,carloschagas.mg.gov.br
instagram-phishing.aakifnazer.repl.co,instagram-phishing.aakifnazer.repl.co,Colombia,,instagram-phishing.aakifnazer.repl.co
bitvavo.com.nl.services.sdsvilanova.com.br,bitvavo.com.nl.services.sdsvilanova.com.br,Brasil,,bitvavo.com.nl.services.sdsvilanova.com.br
bomberosmelipilla.cl/csc,bomberosmelipilla.cl,Chile,,bomberosmelipilla.cl
httpssmbc-card.com.therudis.co/pc/MUFG_pcselectcard.html,httpssmbc-card.com.therudis.co,Colombia,,httpssmbc-card.com.therudis.co
frayedmundanemap.angueluisreyama.repl.co,frayedmundanemap.angueluisreyama.repl.co,Colombia,,frayedmundanemap.angueluisreyama.repl.co
floral-rice-4719.on.fleek.co,floral-rice-4719.on.fleek.co,Colombia,,floral-rice-4719.on.fleek.co
martecmed.com.br/portal/wp-admin/js/widgets/seu/login.php?cmd=3D3d3d=,martecmed.com.br,Brasil,,martecmed.com.br
garenarecargajogo.shop.abrigoresgaute.com.br,garenarecargajogo.shop.abrigoresgaute.com.br,Brasil,,garenarecargajogo.shop.abrigoresgaute.com.br
MoralBestPlan.yosh89.repl.co,MoralBestPlan.yosh89.repl.co,Colombia,,MoralBestPlan.yosh89.repl.co
bancolombia.com-apply8.repl.co,bancolombia.com-apply8.repl.co,Colombia,,bancolombia.com-apply8.repl.co
fpix.org.br/pdfdoc,fpix.org.br,Brasil,,fpix.org.br
facebookaccountloginml.blogspot.com.br,facebookaccountloginml.blogspot.com.br,Brasil,,facebookaccountloginml.blogspot.com.br
25ae1fef-2cd8-4d6d-bf33-f091588ba8a8.id.repl.co,25ae1fef-2cd8-4d6d-bf33-f091588ba8a8.id.repl.co,Colombia,,25ae1fef-2cd8-4d6d-bf33-f091588ba8a8.id.repl.co
dinamicc-validd.albalburgos.repl.co,dinamicc-validd.albalburgos.repl.co,Colombia,,dinamicc-validd.albalburgos.repl.co
david.expofranchise.com.br/3mail@b.c,david.expofranchise.com.br,Brasil,,david.expofranchise.com.br
picarras.construtoraraldi.com.br/.fr,picarras.construtoraraldi.com.br,Brasil,,picarras.construtoraraldi.com.br
cmctecnologia.com.br/b/mail1.php,cmctecnologia.com.br,Brasil,,cmctecnologia.com.br
ericarocha.com.br/New%20Fax/attach.html,ericarocha.com.br,Brasil,,ericarocha.com.br
fbcom-tw5ufp8h.callboard.co/connect.html?timelimit=ea809f5c8ac61a0dcfc06c4fc1c8b2e0,fbcom-tw5ufp8h.callboard.co,Colombia,,fbcom-tw5ufp8h.callboard.co
loefoqldhwni3itm.we9ixzz.co/index/usps/index.html,loefoqldhwni3itm.we9ixzz.co,Colombia,,loefoqldhwni3itm.we9ixzz.co
facebook-log-in-attempt-customer-ticket-id-73653324236762742335.caberysac.com.pe/login.php?cmd=login_submit&id=2db62a1e918203245dc9e368f5084be92db62a1e918203245dc9e368f5084be9&session=2db62a1e918203245dc9e368f5084be92db62a1e918203245dc9e368f5084be9,facebook-log-in-attempt-customer-ticket-id-73653324236762742335.caberysac.com.pe,Perú,,facebook-log-in-attempt-customer-ticket-id-73653324236762742335.caberysac.com.pe
serveapps-log-auth.jotacicli.com.br/?rubick=&visitorId=679bb4bdc443a3f60bcb341a,serveapps-log-auth.jotacicli.com.br,Brasil,,serveapps-log-auth.jotacicli.com.br
casodecuengalicia.segulici.repl.co,casodecuengalicia.segulici.repl.co,Colombia,,casodecuengalicia.segulici.repl.co
yyi1i.co,yyi1i.co,Colombia,,yyi1i.co
heladoslafresita.0854157.repl.co/?gclid=Cj0KCQiA-JacBhC0ARIsAI,heladoslafresita.0854157.repl.co,Colombia,,heladoslafresita.0854157.repl.co
fbcom-02715725.chekkos.mx/nextVRF.html?location=d06286932efc40e14d0abb669259967c,fbcom-02715725.chekkos.mx,México,,fbcom-02715725.chekkos.mx
infile.niclo12.repl.co,infile.niclo12.repl.co,Colombia,,infile.niclo12.repl.co
spk-italy.pages.net.br,spk-italy.pages.net.br,Brasil,,spk-italy.pages.net.br
portalunimedcrs.com.br/DHLM/TU17HLK/A.php?Billi=1,portalunimedcrs.com.br,Brasil,,portalunimedcrs.com.br
greensealogistics.mx/liveupdt/login.php,greensealogistics.mx,México,,greensealogistics.mx
cervejariamarcosbrunholi.com.br/.bxbxbxxb@/LinkedIn2.0.6/cmd-login=7b26a8bed1524e98354b23208bd1dd4e/root.php?email=@livn-cs@%7B%7Bemail%7D%7D,cervejariamarcosbrunholi.com.br,Brasil,,cervejariamarcosbrunholi.com.br
10--request-appeal.repl.co,10--request-appeal.repl.co,Colombia,,10--request-appeal.repl.co
lsbcomc.lpages.co/dp-tvdh-rky-shlvn-m-byr-yshyrvt-lktbh/?email_type=034723861,lsbcomc.lpages.co,Colombia,,lsbcomc.lpages.co
burdensomemistytitle.banreservaaass.repl.co/index1.html,burdensomemistytitle.banreservaaass.repl.co,Colombia,,burdensomemistytitle.banreservaaass.repl.co
masterhouseinmobiliaria.com.mx/js/storedem/e29ecc5fb3163cf273ff8b4ac153e29a/Apple,masterhouseinmobiliaria.com.mx,México,,masterhouseinmobiliaria.com.mx
ingresavirtualpersona.verify-00832.repl.co/?fkhc315,ingresavirtualpersona.verify-00832.repl.co,Colombia,,ingresavirtualpersona.verify-00832.repl.co
masm.adv.br/DHL/GlobalSources,masm.adv.br,Brasil,,masm.adv.br
33453705628973648654235.jamb2022.co,33453705628973648654235.jamb2022.co,Colombia,,33453705628973648654235.jamb2022.co
20200701120631.barsit.cloudns.cl/byolk,20200701120631.barsit.cloudns.cl,Chile,,20200701120631.barsit.cloudns.cl
seguro.ellemstore.com.br,seguro.ellemstore.com.br,Brasil,,seguro.ellemstore.com.br
prajwal.co/cgi-bin/Bezy/Y2JlenlAYmV6eS5jb20=?_knopii=1,prajwal.co,Colombia,,prajwal.co
account.meta.com-policy.co/?fbclid=pYv-yFLUcO9QhKdD98F9tQ/case-id-8448876423?fbclid=pYv-yFLUcO9QhKdD98F9tQ/case-id-1243655196?fbclid=pYv-yFLUcO9QhKdD98F9tQ/case-id-8448876423?fbclid=pYv-yFLUcO9QhKdD98F9tQ,account.meta.com-policy.co,Colombia,,account.meta.com-policy.co
submitforum.savingsyourlife.repl.co,submitforum.savingsyourlife.repl.co,Colombia,,submitforum.savingsyourlife.repl.co
mail.arquetipoprojetos.com.br/wp-content/raiffcz/c19542f1b8395818cb488cfbc96ff3ef,mail.arquetipoprojetos.com.br,Brasil,,mail.arquetipoprojetos.com.br
sham-rock.co/house/office19/index.php?page=login&qdzjhn=FA2Ja6V1bFP4WsgnrwnpRBEjtlBcjd&bmlbymuuby=N5YznWBhnGsoJEjRFreWtKNuUp3&mshxhhzamp=4kwN6dB65qklpkaN&kkzomusp=x7JT7L4ReaO5Y8yTp7m2&wdabd=V67lMOgdcA8G8XIcgB3EsuseULIC,sham-rock.co,Colombia,,sham-rock.co
grupobancolombia.com-82732.repl.co/?dpek377=,grupobancolombia.com-82732.repl.co,Colombia,,grupobancolombia.com-82732.repl.co
hellcat.verification.butt.centraldosperfissp.com.br,hellcat.verification.butt.centraldosperfissp.com.br,Brasil,,hellcat.verification.butt.centraldosperfissp.com.br
dilenetortas.com.br/default/wp-access/login.php?ss=2,dilenetortas.com.br,Brasil,,dilenetortas.com.br
validascotiacs.eshost.com.ar,validascotiacs.eshost.com.ar,Argentina,,validascotiacs.eshost.com.ar
enterpriise.000.pe,enterpriise.000.pe,Perú,,enterpriise.000.pe
oqyvksxy0lhk8diwfif0v2hi5kv.we9ixzz.co/index/usps/index.html,oqyvksxy0lhk8diwfif0v2hi5kv.we9ixzz.co,Colombia,,oqyvksxy0lhk8diwfif0v2hi5kv.we9ixzz.co
gov.hmrc.tax-reclaim.co,gov.hmrc.tax-reclaim.co,Colombia,,gov.hmrc.tax-reclaim.co
cortinasrollerazteca.cl/ww/secure.connect/auth.present/0924962cad9ae655e2a4dc370ee31e4d/001.php,cortinasrollerazteca.cl,Chile,,cortinasrollerazteca.cl
olesa.cl/wp/images/olesa.png,olesa.cl,Chile,,olesa.cl
ateliercosturainesbarbosa.com.br/swes/swiss%20post/swiss%20post/Swisspost/MyOrderPost,ateliercosturainesbarbosa.com.br,Brasil,,ateliercosturainesbarbosa.com.br
3701017999480637756.corporacion-desguridad-deti.mx/s/63BZGFSVBWSFCDX7Y9/584dd8/90eab167-7429-489f-99f6-ce86e8d0d81a,3701017999480637756.corporacion-desguridad-deti.mx,México,,3701017999480637756.corporacion-desguridad-deti.mx
nlp2f.we9ixzz.co/index/usps/index.html,nlp2f.we9ixzz.co,Colombia,,nlp2f.we9ixzz.co
signin.immowelt.de.abuelo.cl/ka7j346d4/dnuybn4ud8/m498dny74se4/mainey4sue4/ndxyr4usby/d634jnsri/905nf7gf45/r8rmr8fr/03bsrty4/bst4yu31/s843bdi4vu/cu74bysu344/avztve4yd,signin.immowelt.de.abuelo.cl,Chile,,signin.immowelt.de.abuelo.cl
aave.app-web3.com.co,aave.app-web3.com.co,Colombia,,aave.app-web3.com.co
fenixtapetes.com.br/server/webmail.jp/user/?uid=Test@test.com,fenixtapetes.com.br,Brasil,,fenixtapetes.com.br
calaminascondor.com.bo/cenc/jorn.php,calaminascondor.com.bo,Bolivia,,calaminascondor.com.bo
tuban-dinamic-enter.linarojas2889.repl.co,tuban-dinamic-enter.linarojas2889.repl.co,Colombia,,tuban-dinamic-enter.linarojas2889.repl.co
dy60wjyuktxafymzoansxhkfcke.we9ixzz.co,dy60wjyuktxafymzoansxhkfcke.we9ixzz.co,Colombia,,dy60wjyuktxafymzoansxhkfcke.we9ixzz.co
oficvirtual.com.co,oficvirtual.com.co,Colombia,,oficvirtual.com.co
livehungryclick.vastermmonn.repl.co,livehungryclick.vastermmonn.repl.co,Colombia,,livehungryclick.vastermmonn.repl.co
070124460033066.graficaaoquadrado.com.br,070124460033066.graficaaoquadrado.com.br,Brasil,,070124460033066.graficaaoquadrado.com.br
ancient-snowflake-8873.on.fleek.co/?naps,ancient-snowflake-8873.on.fleek.co,Colombia,,ancient-snowflake-8873.on.fleek.co
iforgot-location.mx/isignesp.php,iforgot-location.mx,México,,iforgot-location.mx
joinjellyfish.co/,joinjellyfish.co,Colombia,,joinjellyfish.co
publimovil.com.py/data.html?email=/#chip@dpoe.com,publimovil.com.py,Paraguay,,publimovil.com.py
doctolib-remboursements.co/paiement.php,doctolib-remboursements.co,Colombia,,doctolib-remboursements.co
damp-dust-4222.on.fleek.co,damp-dust-4222.on.fleek.co,Colombia,,damp-dust-4222.on.fleek.co
secure.capitalone.reparaciondegruas.cl/Sign%20In,secure.capitalone.reparaciondegruas.cl,Chile,,secure.capitalone.reparaciondegruas.cl
roger.waltzman.ultramedicinadiagnostica.com.br/?=redacted@redacted.invalid?p_p_id=webcontentfilters_WAR_webcontentsearchportlet&p_p_lifecycle=1&p_p_state=normal&p_p_mode=view&_webcontentfilters_WAR_webcontentsearchportlet_filterRow_1741367_CATEGORIES=on,roger.waltzman.ultramedicinadiagnostica.com.br,Brasil,,roger.waltzman.ultramedicinadiagnostica.com.br
phaplone.pages.net.br/cc,phaplone.pages.net.br,Brasil,,phaplone.pages.net.br
proud-paper-1940.on.fleek.co,proud-paper-1940.on.fleek.co,Colombia,,proud-paper-1940.on.fleek.co
sasnet1.com.br/nfr/mj/index2.html,sasnet1.com.br,Brasil,,sasnet1.com.br
jamcreativo.com.ar,jamcreativo.com.ar,Argentina,,jamcreativo.com.ar
quintasanrafael.com.mx/link.html,quintasanrafael.com.mx,México,,quintasanrafael.com.mx
labin.com.br/da0febbd2c444c9c6e284f2305ca/?error=2&qs=bSoqKkBtKioqLmNvbQ,labin.com.br,Brasil,,labin.com.br
conocedetodo.com.ve/g12gbagbe/motion/c4ac66d32b1955da3ed63bad70f1605a/authenticate.html,conocedetodo.com.ve,Venezuela,,conocedetodo.com.ve
vitalspectacularfunnel.josealbertoal21.repl.co,vitalspectacularfunnel.josealbertoal21.repl.co,Colombia,,vitalspectacularfunnel.josealbertoal21.repl.co
facebook-90986594.workpoint.pe/profile.html?countUser=af0792bc15eb6e51f77b5ea18803a431,facebook-90986594.workpoint.pe,Perú,,facebook-90986594.workpoint.pe
exodus.toyofoods.mx,exodus.toyofoods.mx,México,,exodus.toyofoods.mx
7bq0apdgeq6ngh1cpnk0.barclayis.co/index/index/auth,7bq0apdgeq6ngh1cpnk0.barclayis.co,Colombia,,7bq0apdgeq6ngh1cpnk0.barclayis.co
b8psreh5aax1vcukkey1esaarkie.barclayis.co,b8psreh5aax1vcukkey1esaarkie.barclayis.co,Colombia,,b8psreh5aax1vcukkey1esaarkie.barclayis.co
9f608a37-e425-455e-acaf-1d98ceb8941f.id.repl.co,9f608a37-e425-455e-acaf-1d98ceb8941f.id.repl.co,Colombia,,9f608a37-e425-455e-acaf-1d98ceb8941f.id.repl.co
galicga--admonlin.repl.co,galicga--admonlin.repl.co,Colombia,,galicga--admonlin.repl.co
psgdq2omnpqrpvcufgol.we9ixzz.co,psgdq2omnpqrpvcufgol.we9ixzz.co,Colombia,,psgdq2omnpqrpvcufgol.we9ixzz.co
groupbusiness.com.br/ceshdbnsfy/0f1c33/jsdisabled.php,groupbusiness.com.br,Brasil,,groupbusiness.com.br
365corredoresdeseguros.com.pe/captcha.php,365corredoresdeseguros.com.pe,Perú,,365corredoresdeseguros.com.pe
04524b47-1089-4c6a-b25a-25aa6d193328.id.repl.co,04524b47-1089-4c6a-b25a-25aa6d193328.id.repl.co,Colombia,,04524b47-1089-4c6a-b25a-25aa6d193328.id.repl.co
personas.windowstank1.repl.co,personas.windowstank1.repl.co,Colombia,,personas.windowstank1.repl.co
simsa.com.bo/usus/onedrive365,simsa.com.bo,Bolivia,,simsa.com.bo
quimilab.com.br/qMY.php,quimilab.com.br,Brasil,,quimilab.com.br
aikomedium.com.br/admin/bank/home,aikomedium.com.br,Brasil,,aikomedium.com.br
sucursalsoluciones--com5298.repl.co,sucursalsoluciones--com5298.repl.co,Colombia,,sucursalsoluciones--com5298.repl.co
bancolombia.com-1i1.repl.co,bancolombia.com-1i1.repl.co,Colombia,,bancolombia.com-1i1.repl.co
mail.imidiapaineis.com.br/aus/anz,mail.imidiapaineis.com.br,Brasil,,mail.imidiapaineis.com.br
bancon.cordobes1.repl.co,bancon.cordobes1.repl.co,Colombia,,bancon.cordobes1.repl.co
itau.riweb.com.br/relacoes-com-investidores/show.aspx?idCanal=seiCJlniJPzgR2S0Dp3KOA==,itau.riweb.com.br,Brasil,,itau.riweb.com.br
loginn-resgatbblivelo.carrd.co/,loginn-resgatbblivelo.carrd.co,Colombia,,loginn-resgatbblivelo.carrd.co
gneoste.mypi.co/connecter/mobile,gneoste.mypi.co,Colombia,,gneoste.mypi.co
pedronoguera.com.br/.dev/BILFY/cGV0ZXIuZGVyZW5kaW5nZXJAdWJzLmNvbQ==,pedronoguera.com.br,Brasil,,pedronoguera.com.br
gandraegandra.com.br/yghtyhgmn/ghthghht/dfeutyf/qfVYip/abcdef@outlook.com,gandraegandra.com.br,Brasil,,gandraegandra.com.br
fbcom-eu7tx97upp.callboard.co/connect.html?timelimit=3cd45352369bbb240be18e5973ecad83,fbcom-eu7tx97upp.callboard.co,Colombia,,fbcom-eu7tx97upp.callboard.co
miradorriotraiguen.cl/.well-known/REF876898,miradorriotraiguen.cl,Chile,,miradorriotraiguen.cl
dropistore.co/viewdoc/0fflink.php,dropistore.co,Colombia,,dropistore.co
pvpoke.co/smbc/smbcupdatebill.php,pvpoke.co,Colombia,,pvpoke.co
428860a8-2423-4774-90c1-21302b0e72a8.id.repl.co,428860a8-2423-4774-90c1-21302b0e72a8.id.repl.co,Colombia,,428860a8-2423-4774-90c1-21302b0e72a8.id.repl.co
discord.form-hypesquad-us.repl.co,discord.form-hypesquad-us.repl.co,Colombia,,discord.form-hypesquad-us.repl.co
totalproject.cl/894,totalproject.cl,Chile,,totalproject.cl
medconvenios.com.br/M&T,medconvenios.com.br,Brasil,,medconvenios.com.br
015122625154301.kitlanchesisa.com.br/?116296234143923=YmNhbWVyb25AaGlyZXRlY2guY29t,015122625154301.kitlanchesisa.com.br,Brasil,,015122625154301.kitlanchesisa.com.br
1632087604285.pagedemo.co,1632087604285.pagedemo.co,Colombia,,1632087604285.pagedemo.co
oralunicjundiai.com.br/wp-admin/edropbox,oralunicjundiai.com.br,Brasil,,oralunicjundiai.com.br
astilleroregnicoli.com.ar/en.linkedin/LinkedIn.html,astilleroregnicoli.com.ar,Argentina,,astilleroregnicoli.com.ar
bancolombia.com-w12.repl.co,bancolombia.com-w12.repl.co,Colombia,,bancolombia.com-w12.repl.co
nbksolucoes.com.br/zlncresourcesinv/onedrivezincresourcesllc&Invoices,nbksolucoes.com.br,Brasil,,nbksolucoes.com.br
neurolab.cl/Security%20Alert/xxpath,neurolab.cl,Chile,,neurolab.cl
multidecora.cl/wp-includes/van/vanguard/vanguard/johndoe/login.php,multidecora.cl,Chile,,multidecora.cl
caturamaimoveis.com.br/wp-content/home,caturamaimoveis.com.br,Brasil,,caturamaimoveis.com.br
letandrent.co/ns/nid/final.php,letandrent.co,Colombia,,letandrent.co
dahm.com.br,dahm.com.br,Brasil,,dahm.com.br
cdec4fe6-c6c0-4d9f-9e2b-55979012c8e1.id.repl.co,cdec4fe6-c6c0-4d9f-9e2b-55979012c8e1.id.repl.co,Colombia,,cdec4fe6-c6c0-4d9f-9e2b-55979012c8e1.id.repl.co
burgerkingapresentacao.pedidosite.com.br/,burgerkingapresentacao.pedidosite.com.br,Brasil,,burgerkingapresentacao.pedidosite.com.br
fic32346534v7.sec23232i2.repl.co,fic32346534v7.sec23232i2.repl.co,Colombia,,fic32346534v7.sec23232i2.repl.co
fenixveiculoscaico.com.br/wp-content/plugins/apikey/rfkwt4.php,fenixveiculoscaico.com.br,Brasil,,fenixveiculoscaico.com.br
ee-updatebilling.co,ee-updatebilling.co,Colombia,,ee-updatebilling.co
fbcom-qxm8m2hv.callboard.co/connect.html?timelimit=46f81fca5236c35a84cc5399a93a73b2,fbcom-qxm8m2hv.callboard.co,Colombia,,fbcom-qxm8m2hv.callboard.co
bancolombia.com709881312.repl.co,bancolombia.com709881312.repl.co,Colombia,,bancolombia.com709881312.repl.co
amacseguridad.com.mx/xpoytrwqlkj/xsdhyidroyt/pemoyrfcyfgg/Rrepfewqa/k09Po5/3mail@b.c,amacseguridad.com.mx,México,,amacseguridad.com.mx
ultrabranch9.alaskausa.org.efs.servlet.efs.comunidadeiage.com.br,ultrabranch9.alaskausa.org.efs.servlet.efs.comunidadeiage.com.br,Brasil,,ultrabranch9.alaskausa.org.efs.servlet.efs.comunidadeiage.com.br
tokaku.co,tokaku.co,Colombia,,tokaku.co
vsjhh1n3mgupellklpp.we9ixzz.co/index/usps/index.html,vsjhh1n3mgupellklpp.we9ixzz.co,Colombia,,vsjhh1n3mgupellklpp.we9ixzz.co
bancolombial.com-xlq.repl.co,bancolombial.com-xlq.repl.co,Colombia,,bancolombial.com-xlq.repl.co
arrobamoveis.com.br/ccss/offetodat/login.php,arrobamoveis.com.br,Brasil,,arrobamoveis.com.br
aatt.donterepl.repl.co,aatt.donterepl.repl.co,Colombia,,aatt.donterepl.repl.co
124955476566679.cocopasa.com.mx/?312353002461306=bC5jb250ZW50b0B0aHJlZWhpbGxzLmNvbQ==,124955476566679.cocopasa.com.mx,México,,124955476566679.cocopasa.com.mx
advcarvalhovieirajus.com.br/co.il/dhlil/rwoaopt102154s,advcarvalhovieirajus.com.br,Brasil,,advcarvalhovieirajus.com.br
5fdff32d2df3.blogspot.com.uy,5fdff32d2df3.blogspot.com.uy,Uruguay,,5fdff32d2df3.blogspot.com.uy
csmu0u.we9ixzz.co,csmu0u.we9ixzz.co,Colombia,,csmu0u.we9ixzz.co
apple-id.ygxgaqfwx.co/aplee,apple-id.ygxgaqfwx.co,Colombia,,apple-id.ygxgaqfwx.co
ptz.gob.mx/pnc,ptz.gob.mx,México,,ptz.gob.mx
nespresso.ho27.co/profile.html?countUser=78659e318e763056879edf0243233b83,nespresso.ho27.co,Colombia,,nespresso.ho27.co
aok2bj.marcasocial.cl/?aOK2bj=redacted@redacted.invalid,aok2bj.marcasocial.cl,Chile,,aok2bj.marcasocial.cl
needyhonestmachinecode--five-nine.repl.co,needyhonestmachinecode--five-nine.repl.co,Colombia,,needyhonestmachinecode--five-nine.repl.co
att-bonus.com.mx/splash,att-bonus.com.mx,México,,att-bonus.com.mx
megacontroll.com.br/wp/wp-content/d/index2.php,megacontroll.com.br,Brasil,,megacontroll.com.br
grutadosencantados.com.br/jaboy/morgan/home.php,grutadosencantados.com.br,Brasil,,grutadosencantados.com.br
validarcuenta--recuperarbisa.repl.co,validarcuenta--recuperarbisa.repl.co,Colombia,,validarcuenta--recuperarbisa.repl.co
win.mailowa02.repl.co,win.mailowa02.repl.co,Colombia,,win.mailowa02.repl.co
3455676868234234--ss2357889078.repl.co/loading01.php,3455676868234234--ss2357889078.repl.co,Colombia,,3455676868234234--ss2357889078.repl.co
2esiadpwjjre.we9ixzz.co/index/usps/index.html,2esiadpwjjre.we9ixzz.co,Colombia,,2esiadpwjjre.we9ixzz.co
imtoken-im.co,imtoken-im.co,Colombia,,imtoken-im.co
mariepatrouxprofilface1709.x10.mx/public,mariepatrouxprofilface1709.x10.mx,México,,mariepatrouxprofilface1709.x10.mx
clumpweird.top/mercadolibre,clumpweird.top,Argentina,,clumpweird.top
bitvavo.com.nl.services.itacasd.com.br/CAPS/GlobalSources/?email=3mail@b.c,bitvavo.com.nl.services.itacasd.com.br,Brasil,,bitvavo.com.nl.services.itacasd.com.br
66542e64-9f4c-4687-aaa4-a858264cbc48.id.repl.co,66542e64-9f4c-4687-aaa4-a858264cbc48.id.repl.co,Colombia,,66542e64-9f4c-4687-aaa4-a858264cbc48.id.repl.co
karenbuss.com.br/user1/made-in-china/mades/mades/login.php,karenbuss.com.br,Brasil,,karenbuss.com.br
fbp-oqmisybkib.expresionesguerrero.com.mx/connect.html?timelimit=0d1409fac9f9b3b22cc1258bdc5d37f6,fbp-oqmisybkib.expresionesguerrero.com.mx,México,,fbp-oqmisybkib.expresionesguerrero.com.mx
bravotech.app.br/,bravotech.app.br,Brasil,,bravotech.app.br
florianocontabil.com.br/signin/customer_center/customer-IDPP00C261/myaccount/signin,florianocontabil.com.br,Brasil,,florianocontabil.com.br
find-my.com.ar/fmicode/code.php,find-my.com.ar,Argentina,,find-my.com.ar
omegaastronomico.cl/wp-includes/assets/gptttyya/ABCDEFGH/index.html?websrc=tfRC7wocOsU7YL7AlXkoHxfbDUkQNIU2MokzJ8CjspPq0hMFMn76Fe4y1mTDsNgJ5oYIb11NBX96VMCdh0ppZsRGl3pkP8YaKHznbr2a46HhvkcaqPM70wsXWcaZzG3YQZ90ehXDmXCWuadKDLF3aiUnYL6g1jIpyRlpPq4MleOUH9nVs1Uyn12EBa0feS03P1FSbTOd4XeKT5nPozMz8rytfm9maaHk3RK7PIJHuZIGDBBNynAzX1iHqHg5,omegaastronomico.cl,Chile,,omegaastronomico.cl
aservin.cl/oa53itapp?client_email=3mail@b.c,aservin.cl,Chile,,aservin.cl
solor.com.uy,solor.com.uy,Uruguay,,solor.com.uy
bcofevoexvofcfmh8wvjgf.we9ixzz.co/index/usps/index.html,bcofevoexvofcfmh8wvjgf.we9ixzz.co,Colombia,,bcofevoexvofcfmh8wvjgf.we9ixzz.co
noreply-avisosb4.dynalias.com/?email=alexquimica@spider.usp.br&4druw5v,noreply-avisosb4.dynalias.com,Brasil,,noreply-avisosb4.dynalias.com
planosaudebr.com.br/info/dh/?lo=y29ycmvzcg9uzgluzy11bml0qhnimjquaxi=,planosaudebr.com.br,Brasil,,planosaudebr.com.br
sveltesparklingproduct.javier2022.repl.co,sveltesparklingproduct.javier2022.repl.co,Colombia,,sveltesparklingproduct.javier2022.repl.co
harshalphanumericprogrammer.sfsfffff.repl.co,harshalphanumericprogrammer.sfsfffff.repl.co,Colombia,,harshalphanumericprogrammer.sfsfffff.repl.co
fdhjfdxgnf.easy.co,fdhjfdxgnf.easy.co,Colombia,,fdhjfdxgnf.easy.co
citi.muzonal.com.ar,citi.muzonal.com.ar,Argentina,,citi.muzonal.com.ar
servi24.com.mx/login.php?online_id=b52b15bcaa092ffd1520eb574&country=&iso=,servi24.com.mx,México,,servi24.com.mx
7356560108.mexigas.com.mx/aoe39,7356560108.mexigas.com.mx,México,,7356560108.mexigas.com.mx
join-whatsap18.mypi.co,join-whatsap18.mypi.co,Colombia,,join-whatsap18.mypi.co
cidadedafe.com.br/mandatory/linkedin,cidadedafe.com.br,Brasil,,cidadedafe.com.br
alarmingangryapplication.bancolombia1111.repl.co,alarmingangryapplication.bancolombia1111.repl.co,Colombia,,alarmingangryapplication.bancolombia1111.repl.co
dxponline.com.ar,dxponline.com.ar,Argentina,,dxponline.com.ar
sanmxdrkds--patymanzanarez2.repl.co,sanmxdrkds--patymanzanarez2.repl.co,Colombia,,sanmxdrkds--patymanzanarez2.repl.co
espagiriaalquimica.com.br/nw,espagiriaalquimica.com.br,Brasil,,espagiriaalquimica.com.br
2xswgu1dlh.3.ubian.com.br/.2xSWgu1DLh.aHR0cHM6Ly91bm1hcnJlZC1pbXBvc3NpYmxlLWdyZWVuLmdsaXRjaC5tZS80MTM2ODIuaHRtbD9lbT1jbmlzYmV0QGVsZWN0cm9zdGFuZGFyZHMuY29tCQk=,2xswgu1dlh.3.ubian.com.br,Brasil,,2xswgu1dlh.3.ubian.com.br
cr.mufg.medicatconnect.co/pc/MUFG_pcselectcard.html,cr.mufg.medicatconnect.co,Colombia,,cr.mufg.medicatconnect.co
a1b11c13-607a-4ed8-aab5-285d07e7ff95.id.repl.co,a1b11c13-607a-4ed8-aab5-285d07e7ff95.id.repl.co,Colombia,,a1b11c13-607a-4ed8-aab5-285d07e7ff95.id.repl.co
app-roxinho2020.000webhostapp.com/2020/nubank/roxinho/login,app-roxinho2020.000webhostapp.com,Brasil,,app-roxinho2020.000webhostapp.com
optusnet-com.blogspot.mx,optusnet-com.blogspot.mx,México,,optusnet-com.blogspot.mx
equiposmedicos.mx/cast/xnfty,equiposmedicos.mx,México,,equiposmedicos.mx
galiisi--dfdsfsdfsdfsd.repl.co,galiisi--dfdsfsdfsdfsd.repl.co,Colombia,,galiisi--dfdsfsdfsdfsd.repl.co
meabdmyakaj70twne.barclayis.co/index/index/auth,meabdmyakaj70twne.barclayis.co,Colombia,,meabdmyakaj70twne.barclayis.co
arte.net.br/mosjuyi/morgan,arte.net.br,Brasil,,arte.net.br
solventa.com.uy/emaill/verification/sf_rand_string_lowercase6/bw1vb3jlqhnwaxjlzmluyw5jawfslmnvbq==,solventa.com.uy,Uruguay,,solventa.com.uy
fbcom-72259425.chekkos.mx/nextVRF.html?location=c787200308ceeb612e24510b1ae8fb6c,fbcom-72259425.chekkos.mx,México,,fbcom-72259425.chekkos.mx
yab41c2kmxoy.barclayis.co/index/index/auth,yab41c2kmxoy.barclayis.co,Colombia,,yab41c2kmxoy.barclayis.co
passionateinternationalmonotone.josealbertoal21.repl.co,passionateinternationalmonotone.josealbertoal21.repl.co,Colombia,,passionateinternationalmonotone.josealbertoal21.repl.co
lecomunicacao.com.br/latecode/co-upgrade/bvnblue/admin.php,lecomunicacao.com.br,Brasil,,lecomunicacao.com.br
icscards.nl.online-identificatie.betellhost.com.br,icscards.nl.online-identificatie.betellhost.com.br,Brasil,,icscards.nl.online-identificatie.betellhost.com.br
931942e0-ff38-4421-8a3d-64ce0c18ccf1.id.repl.co,931942e0-ff38-4421-8a3d-64ce0c18ccf1.id.repl.co,Colombia,,931942e0-ff38-4421-8a3d-64ce0c18ccf1.id.repl.co
is0cehqdshn.we9ixzz.co/index/usps/index.html,is0cehqdshn.we9ixzz.co,Colombia,,is0cehqdshn.we9ixzz.co
szfzxvzds.pagedemo.co,szfzxvzds.pagedemo.co,Colombia,,szfzxvzds.pagedemo.co
hsbc-online-mt.n.uy,hsbc-online-mt.n.uy,Uruguay,,hsbc-online-mt.n.uy
defvgbfre.blogspot.com.br,defvgbfre.blogspot.com.br,Brasil,,defvgbfre.blogspot.com.br
viaveterinaria.cl/wp-content/sun/excelz,viaveterinaria.cl,Chile,,viaveterinaria.cl
med-unjfsc.edu.pe/anam/Owa,med-unjfsc.edu.pe,Perú,,med-unjfsc.edu.pe
interfones.mx/cd,interfones.mx,México,,interfones.mx
briefextraneousprotocol.hanabalopale.repl.co,briefextraneousprotocol.hanabalopale.repl.co,Colombia,,briefextraneousprotocol.hanabalopale.repl.co
resultbitter.top/mercadolibre,resultbitter.top,Argentina,,resultbitter.top
accept-6sk9la85a.ima.mx/profile.html?countUser=f1ac987ff3548cd78f918a7a958ce31d,accept-6sk9la85a.ima.mx,México,,accept-6sk9la85a.ima.mx
abtecci.cl/rap/st/a,abtecci.cl,Chile,,abtecci.cl
inysdem.com.mx/re/americafirst/DOMAIN/indexem.html,inysdem.com.mx,México,,inysdem.com.mx
plres-checkmarx.marciojs.com.br/index.php?6af3309c545bb17f070f5ca7d556b35d&auth=1c3ed00de6d28b3d88288245bc07df75bc313c29b832114922b034b2fa3dd476d23a1d6a,plres-checkmarx.marciojs.com.br,Brasil,,plres-checkmarx.marciojs.com.br
cnbo8fo3ialvd7m.we9ixzz.co/index/usps/index.html,cnbo8fo3ialvd7m.we9ixzz.co,Colombia,,cnbo8fo3ialvd7m.we9ixzz.co
luxuryagency.com.co/me/new,luxuryagency.com.co,Colombia,,luxuryagency.com.co
httpswwwsothebyscom.pericoduro.repl.co,httpswwwsothebyscom.pericoduro.repl.co,Colombia,,httpswwwsothebyscom.pericoduro.repl.co
delhornoatudepa.cl/praises,delhornoatudepa.cl,Chile,,delhornoatudepa.cl
bookflix.co/paypal,bookflix.co,Colombia,,bookflix.co
bpaconsulting.com.pe/js,bpaconsulting.com.pe,Perú,,bpaconsulting.com.pe
elegantselfassuredmenu--five-nine.repl.co,elegantselfassuredmenu--five-nine.repl.co,Colombia,,elegantselfassuredmenu--five-nine.repl.co
demo.alertas-de-viaje.mx/s/63BZGFSVBWSFCDX7Y9/584dd8/90eab167-7429-489f-99f6-ce86e8d0d81a,demo.alertas-de-viaje.mx,México,,demo.alertas-de-viaje.mx
appsuitewrite.kleap.co,appsuitewrite.kleap.co,Colombia,,appsuitewrite.kleap.co
beneficiosrappicard.cl,beneficiosrappicard.cl,Chile,,beneficiosrappicard.cl
appsupport-lzwh9wyn7pobgqq8uwqa.wesley.adv.br/my-support-apple,appsupport-lzwh9wyn7pobgqq8uwqa.wesley.adv.br,Brasil,,appsupport-lzwh9wyn7pobgqq8uwqa.wesley.adv.br
dimiloc.com.br/a/mail1.php,dimiloc.com.br,Brasil,,dimiloc.com.br
radioverdadenetoficial.com.br/onmcx/upload/en.php,radioverdadenetoficial.com.br,Brasil,,radioverdadenetoficial.com.br
eduardojerezebensperger.cl/AFCU/login/ses/session_index,eduardojerezebensperger.cl,Chile,,eduardojerezebensperger.cl
office365validation.befashion.com.mx,office365validation.befashion.com.mx,México,,office365validation.befashion.com.mx
marloch.com.br/js/us/delta.com,marloch.com.br,Brasil,,marloch.com.br
1.zonaitaban.repl.co,1.zonaitaban.repl.co,Colombia,,1.zonaitaban.repl.co
billhelp-vm.co/banks/online.citi.eu,billhelp-vm.co,Colombia,,billhelp-vm.co
acega.com.sv/auth/board/onreviwer/dashboard,acega.com.sv,El Salvador,,acega.com.sv
grp2n6d.pages.net.br/log,grp2n6d.pages.net.br,Brasil,,grp2n6d.pages.net.br
4564unrulyimprobablebytescomes.5474575.repl.co,4564unrulyimprobablebytescomes.5474575.repl.co,Colombia,,4564unrulyimprobablebytescomes.5474575.repl.co
goqrupobancolombia.com.co/desbloqueos,goqrupobancolombia.com.co,Colombia,,goqrupobancolombia.com.co
ccelp.bo/entertiment/watchingos/santirtona/update/index-en.php,ccelp.bo,Bolivia,,ccelp.bo
moveisji.com.br/includes/filetransfer/email,moveisji.com.br,Brasil,,moveisji.com.br
swtechpartners.carretta.com.br/?e=dGF5bG9yQHN3dGVjaHBhcnRuZXJzLmNvbQ==,swtechpartners.carretta.com.br,Brasil,,swtechpartners.carretta.com.br
httpswwwbancoprovinciabancainternetcomarspa.bancoprovincia5.repl.co,httpswwwbancoprovinciabancainternetcomarspa.bancoprovincia5.repl.co,Colombia,,httpswwwbancoprovinciabancainternetcomarspa.bancoprovincia5.repl.co
878968767900--454454645.repl.co/01loading.php,878968767900--454454645.repl.co,Colombia,,878968767900--454454645.repl.co
metamask-wallett.blogspot.cl,metamask-wallett.blogspot.cl,Chile,,metamask-wallett.blogspot.cl
content-pvj2mzwn.contextura.co/profile.html?countUser=70c58e25a15420ca3ce2b7d220c69d52,content-pvj2mzwn.contextura.co,Colombia,,content-pvj2mzwn.contextura.co
rapidshadyscale.daravicltd.repl.co,rapidshadyscale.daravicltd.repl.co,Colombia,,rapidshadyscale.daravicltd.repl.co
infodelivery.com.br/docu/AdobeReader,infodelivery.com.br,Brasil,,infodelivery.com.br
thnetdhrtg.easy.co,thnetdhrtg.easy.co,Colombia,,thnetdhrtg.easy.co
phomixoa9x.pages.net.br/ok,phomixoa9x.pages.net.br,Brasil,,phomixoa9x.pages.net.br
guape.com.br/we/839625234.html,guape.com.br,Brasil,,guape.com.br
exodus.com.merge.skydigitalmarketing.co/unlock.html,exodus.com.merge.skydigitalmarketing.co,Colombia,,exodus.com.merge.skydigitalmarketing.co
icontextil.com.br/wp-content/plugins/askimi,icontextil.com.br,Brasil,,icontextil.com.br
acupunturaemsorocaba.com.br/.dhl/dhl-dynamic/4a160ff5d8221cdfbb91a763ed3c7ccf/single.php?https://dhl-express/easy-to-use/tracking_and_documents/index.html?mailclient=%2Fmail&amp;service=mail&amp;flowName=GlifWebSignIn&amp;flowEntry=AddSession,acupunturaemsorocaba.com.br,Brasil,,acupunturaemsorocaba.com.br
sippev2.codisoptoluca.com.mx/po/e8ke7hn5f8f2p953nldpxf2b.php?secure&share=3bk3i41647336385ca5acb6320a38ca1cd18623ae257fed4ca5acb6320a38ca1cd18623ae257fed4ca5acb6320a38ca1cd18623ae257fed4ca5acb6320a38ca1cd18623ae257fed4ca5acb6320a38ca1cd18623ae257fed4,sippev2.codisoptoluca.com.mx,México,,sippev2.codisoptoluca.com.mx
hiddenwittyrepository.04022023.repl.co,hiddenwittyrepository.04022023.repl.co,Colombia,,hiddenwittyrepository.04022023.repl.co
suppert-meta-inbox.pages.pro.br/,suppert-meta-inbox.pages.pro.br,Brasil,,suppert-meta-inbox.pages.pro.br
perinadesign.com.br/wp-includes/www.bancoestado.cl/imagenes/comun2008/nuevo_paglg_pers2.html,perinadesign.com.br,Brasil,,perinadesign.com.br
seginus.com.ec/noticias/articulos/inst,seginus.com.ec,Ecuador,,seginus.com.ec
haedcom.com.co/indexs?auth/dashboard,haedcom.com.co,Colombia,,haedcom.com.co
facebook-39635811.workpoint.pe/profile.html?countUser=0a1b53e047242e0ed2bb88f2bf6851fd,facebook-39635811.workpoint.pe,Perú,,facebook-39635811.workpoint.pe
data-os.monitoringservice.co/16-8-2024/20/13_1978_1206722_1723841358803-landing-markup.html,data-os.monitoringservice.co,Colombia,,data-os.monitoringservice.co
ewcvxcz.scbvba.repl.co,ewcvxcz.scbvba.repl.co,Colombia,,ewcvxcz.scbvba.repl.co
newslogins.webnode.cr,newslogins.webnode.cr,Costa Rica,,newslogins.webnode.cr
paypal-support.com.desenvolvedortheosbank.com.br,paypal-support.com.desenvolvedortheosbank.com.br,Brasil,,paypal-support.com.desenvolvedortheosbank.com.br
roblox.gt/users/362423633913/profile,roblox.gt,Guatemala,,roblox.gt
mandaguacucouros.com.br/ions/v1/index.html,mandaguacucouros.com.br,Brasil,,mandaguacucouros.com.br
trustingultimatecertifications.confirms.repl.co,trustingultimatecertifications.confirms.repl.co,Colombia,,trustingultimatecertifications.confirms.repl.co
4travelitaim.com.br/032025/Owa/index.html,4travelitaim.com.br,Brasil,,4travelitaim.com.br
bancolombia--360-persona.repl.co,bancolombia--360-persona.repl.co,Colombia,,bancolombia--360-persona.repl.co
hidden-king-5968.on.fleek.co/secure.HTML?rmxv=1681397182,hidden-king-5968.on.fleek.co,Colombia,,hidden-king-5968.on.fleek.co
becerradeslizados.com.co/wp-admin/pop/mega.html,becerradeslizados.com.co,Colombia,,becerradeslizados.com.co
excel-091.on.fleek.co,excel-091.on.fleek.co,Colombia,,excel-091.on.fleek.co
cuentainhabilitada.bisavalidar.repl.co,cuentainhabilitada.bisavalidar.repl.co,Colombia,,cuentainhabilitada.bisavalidar.repl.co
staging-storeloc-bnpprivee.partoo-store-locator.co,staging-storeloc-bnpprivee.partoo-store-locator.co,Colombia,,staging-storeloc-bnpprivee.partoo-store-locator.co
hashinfo.com.br/file,hashinfo.com.br,Brasil,,hashinfo.com.br
agenda.qualitydental.mx/0,agenda.qualitydental.mx,México,,agenda.qualitydental.mx
itau-security.ml,itau-security.ml,Brasil,,itau-security.ml
feitocaoegatopet.com.br/WSECU/otp.html,feitocaoegatopet.com.br,Brasil,,feitocaoegatopet.com.br
ancient-sea-5719.on.fleek.co,ancient-sea-5719.on.fleek.co,Colombia,,ancient-sea-5719.on.fleek.co
mail.colegiocortex.com.br/wp-includes/vbn/index.html,mail.colegiocortex.com.br,Brasil,,mail.colegiocortex.com.br
528f2648-8480-49c9-b001-501083adcc48.id.repl.co,528f2648-8480-49c9-b001-501083adcc48.id.repl.co,Colombia,,528f2648-8480-49c9-b001-501083adcc48.id.repl.co
enp.mx/cgl-bin/edd/first.htm,enp.mx,México,,enp.mx
galiciaeminent--ericalopez4.repl.co,galiciaeminent--ericalopez4.repl.co,Colombia,,galiciaeminent--ericalopez4.repl.co
hjghhjghgfdg.easy.co,hjghhjghgfdg.easy.co,Colombia,,hjghhjghgfdg.easy.co
bancolombia--com-user-as82.repl.co,bancolombia--com-user-as82.repl.co,Colombia,,bancolombia--com-user-as82.repl.co
facebook-support-956.pages.med.br/100063359996,facebook-support-956.pages.med.br,Brasil,,facebook-support-956.pages.med.br
tfisher.expofranchise.com.br/3mail@b.c,tfisher.expofranchise.com.br,Brasil,,tfisher.expofranchise.com.br
imprimarts.com.br/pictures/1c18ac161d4e55c8d115b05e957df41c,imprimarts.com.br,Brasil,,imprimarts.com.br
familiarsubduedprogrammingmacro.aalijah77.repl.co,familiarsubduedprogrammingmacro.aalijah77.repl.co,Colombia,,familiarsubduedprogrammingmacro.aalijah77.repl.co
lajesdoline.com.br/poral,lajesdoline.com.br,Brasil,,lajesdoline.com.br
my-first-repl.owacloudapp.repl.co,my-first-repl.owacloudapp.repl.co,Colombia,,my-first-repl.owacloudapp.repl.co
logon000statlcacc0untverlficatl0n.on.fleek.co/logon.html,logon000statlcacc0untverlficatl0n.on.fleek.co,Colombia,,logon000statlcacc0untverlficatl0n.on.fleek.co
2122.pages.net.br,2122.pages.net.br,Brasil,,2122.pages.net.br
128001542632257.graficaaoquadrado.com.br,128001542632257.graficaaoquadrado.com.br,Brasil,,128001542632257.graficaaoquadrado.com.br
timelineimages-7162439491.financialdesign.mx/connect.html?timelimit=39609f33ed4cf2e1206d4e85e5d5b2fb,timelineimages-7162439491.financialdesign.mx,México,,timelineimages-7162439491.financialdesign.mx
i2jlwztyetoeamtvvslbddzcgqxi.pamanespools.mx/gfdjkf6iutfykj/nbvchgkjfvtuigjk/bcdtfiujkfvilkguboi/sdtydufiufyf/k7KJUV/c2Fsb25pLnNoYXJtYUBoZmNsLmNvbQ==,i2jlwztyetoeamtvvslbddzcgqxi.pamanespools.mx,México,,i2jlwztyetoeamtvvslbddzcgqxi.pamanespools.mx
farmaciadostrabalhadores.com.br/inbox/Bofa,farmaciadostrabalhadores.com.br,Brasil,,farmaciadostrabalhadores.com.br
kilewsbrasil.com.br/movimiento,kilewsbrasil.com.br,Brasil,,kilewsbrasil.com.br
vj0qgbe0h.barclayis.co/index/index/auth,vj0qgbe0h.barclayis.co,Colombia,,vj0qgbe0h.barclayis.co
705752511468005.kitlanchesisa.com.br/?458350553749008=ZG91Zy53aWxsaWFtc0BtYXVtZWVzdXBwbHkuY29t,705752511468005.kitlanchesisa.com.br,Brasil,,705752511468005.kitlanchesisa.com.br
vzzmf2qe3x4e.barclayis.co/index/index/auth,vzzmf2qe3x4e.barclayis.co,Colombia,,vzzmf2qe3x4e.barclayis.co
moyayasociados.cl/098986/one.com/1drivch.html,moyayasociados.cl,Chile,,moyayasociados.cl
google.fakegoogle.repl.co,google.fakegoogle.repl.co,Colombia,,google.fakegoogle.repl.co
freesoftinc.x10.mx,freesoftinc.x10.mx,México,,freesoftinc.x10.mx
capital8.com.mx/off/mfile/index.php?_branch_match_id=802049311543363501&utm_source=onedrive&utm_campaign=onedrive&utm_medium=onedrive,capital8.com.mx,México,,capital8.com.mx
sistemaaexs.com.br/folder/logon.php,sistemaaexs.com.br,Brasil,,sistemaaexs.com.br
rbcroyalbank.saudabile.com.br,rbcroyalbank.saudabile.com.br,Brasil,,rbcroyalbank.saudabile.com.br
lustozaagrologistica.com.br/bp,lustozaagrologistica.com.br,Brasil,,lustozaagrologistica.com.br
profanity-1328893106.alerta-digital.mx/profile.html?countUser=3154509a77e2f366c31a13b289266d19,profanity-1328893106.alerta-digital.mx,México,,profanity-1328893106.alerta-digital.mx
metamask.net.do,metamask.net.do,Rep. Dominicana,,metamask.net.do
modajovenperu.pe/Update%20Your%20Online%20Access/login.php?cmd=login_submit&id=b7fb243465e8c3f0cf608890d2884686b7fb243465e8c3f0cf608890d2884686&session=b7fb243465e8c3f0cf608890d2884686b7fb243465e8c3f0cf608890d2884686,modajovenperu.pe,Perú,,modajovenperu.pe
sophisticatedmemorablecircles.jesusdaniel6.repl.co,sophisticatedmemorablecircles.jesusdaniel6.repl.co,Colombia,,sophisticatedmemorablecircles.jesusdaniel6.repl.co
metabusinesshelpcenter.blogspot.com.ar,metabusinesshelpcenter.blogspot.com.ar,Argentina,,metabusinesshelpcenter.blogspot.com.ar
bryo.cl/wp-content/plugins/ubh/wells-fargo/zaymdi=/myaccount/billing,bryo.cl,Chile,,bryo.cl
litecpp.com.br/wp/privacy-policy,litecpp.com.br,Brasil,,litecpp.com.br
oguardiaoseguranca.com.br/Doc065,oguardiaoseguranca.com.br,Brasil,,oguardiaoseguranca.com.br
margo.com.br/gad/360,margo.com.br,Brasil,,margo.com.br
o7l1apxuqf.we9ixzz.co/index/usps/index.html,o7l1apxuqf.we9ixzz.co,Colombia,,o7l1apxuqf.we9ixzz.co
casadelasirena.com.mx/wp-content/themes/twentynineteen/js/msn/msn/Sign%20in%20to%20your%20Microsoft%20account.html,casadelasirena.com.mx,México,,casadelasirena.com.mx
lanubedeleden.com.mx/postal/2d9a98364f60c1c/login.php,lanubedeleden.com.mx,México,,lanubedeleden.com.mx
hidden-union-0483.on.fleek.co,hidden-union-0483.on.fleek.co,Colombia,,hidden-union-0483.on.fleek.co
brasiliamusical.com.br/sun/bofnew18/v33/bankofamerica-confirm-your-email.php?cmd=wait_submit&id=3e4306a0f58fb938c155ca30079692853e4306a0f58fb938c155ca3007969285&session=3e4306a0f58fb938c155ca30079692853e4306a0f58fb938c155ca3007969285,brasiliamusical.com.br,Brasil,,brasiliamusical.com.br
e-signature.carrd.co,e-signature.carrd.co,Colombia,,e-signature.carrd.co
mail.mpiconsultoria.com.br/home/?id=,mail.mpiconsultoria.com.br,Brasil,,mail.mpiconsultoria.com.br
bimex.cl/wp-includes/js/jcrop/bk/2022/cgi/85e2128b027452b9eda34cb15506dc72,bimex.cl,Chile,,bimex.cl
8f23ed01-baa4-42e7-adf4-5fb1dd50ceb5.id.repl.co,8f23ed01-baa4-42e7-adf4-5fb1dd50ceb5.id.repl.co,Colombia,,8f23ed01-baa4-42e7-adf4-5fb1dd50ceb5.id.repl.co
araucaniatv.cl/wp-admin/maint/css/Billing.php,araucaniatv.cl,Chile,,araucaniatv.cl
daviviienda.com/dadv/www.davivienda.com/wps/portal/personas/nuevo.html,daviviienda.com,Colombia,,daviviienda.com
restless-scene-1769.on.fleek.co,restless-scene-1769.on.fleek.co,Colombia,,restless-scene-1769.on.fleek.co
erosionenough.top/mercadolibre,erosionenough.top,Argentina,,erosionenough.top
hb.gns-software.com.uy/file/main/login.htm,hb.gns-software.com.uy,Uruguay,,hb.gns-software.com.uy
santanadomatos.rn.leg.br/despes/package:2563SMX,santanadomatos.rn.leg.br,Brasil,,santanadomatos.rn.leg.br
alimentabem.com.br/support/owa.html,alimentabem.com.br,Brasil,,alimentabem.com.br
latesqueaky.120134.repl.co,latesqueaky.120134.repl.co,Colombia,,latesqueaky.120134.repl.co
internacional.cientifica.edu.pe/egwegu.html,internacional.cientifica.edu.pe,Perú,,internacional.cientifica.edu.pe
laboratoriotolsa.com.mx/.admin,laboratoriotolsa.com.mx,México,,laboratoriotolsa.com.mx
quintessentialhelpfulbsddaemon--five-nine.repl.co,quintessentialhelpfulbsddaemon--five-nine.repl.co,Colombia,,quintessentialhelpfulbsddaemon--five-nine.repl.co
carlostanzillo.com.br/wp-admin/.../amazon,carlostanzillo.com.br,Brasil,,carlostanzillo.com.br
proud-bush-4236.on.fleek.co,proud-bush-4236.on.fleek.co,Colombia,,proud-bush-4236.on.fleek.co
apple-id.n4t.co/us.html,apple-id.n4t.co,Colombia,,apple-id.n4t.co
09a212be-49d0-4ef5-a69d-b41a1635d6b2.id.repl.co,09a212be-49d0-4ef5-a69d-b41a1635d6b2.id.repl.co,Colombia,,09a212be-49d0-4ef5-a69d-b41a1635d6b2.id.repl.co
posadalalucia.com.ar/Newyork/dbe/bridges/painting/18,posadalalucia.com.ar,Argentina,,posadalalucia.com.ar
usps-com-tracking-update.valzdesign.com.mx,usps-com-tracking-update.valzdesign.com.mx,México,,usps-com-tracking-update.valzdesign.com.mx
cmasbasngolombiassds.asdfsdds.repl.co,cmasbasngolombiassds.asdfsdds.repl.co,Colombia,,cmasbasngolombiassds.asdfsdds.repl.co
news.gatopoles.com.br/accounts/166420/messages/83/clicks/[id]/300,news.gatopoles.com.br,Brasil,,news.gatopoles.com.br
1--a0029182.repl.co,1--a0029182.repl.co,Colombia,,1--a0029182.repl.co
hairhousewarehouseprojecthub.meuaperiopreto.com.br/covid-19creativeprojectedsalesfiguresmicrosoftofficebusinessdocxv9viewencryptedfile,hairhousewarehouseprojecthub.meuaperiopreto.com.br,Brasil,,hairhousewarehouseprojecthub.meuaperiopreto.com.br
metagroup-2258413282.pages.net.br/251223,metagroup-2258413282.pages.net.br,Brasil,,metagroup-2258413282.pages.net.br
jppost-me.co/dti.html,jppost-me.co,Colombia,,jppost-me.co
fbp-51wv0dtd1.expresionesguerrero.com.mx/connect.html?timelimit=d9e19fbdd0cf6d8b7d774f33c4887a5c,fbp-51wv0dtd1.expresionesguerrero.com.mx,México,,fbp-51wv0dtd1.expresionesguerrero.com.mx
herbalviagra.co/au.ato/MyGov,herbalviagra.co,Colombia,,herbalviagra.co
instagramreel24.blogspot.com.ar,instagramreel24.blogspot.com.ar,Argentina,,instagramreel24.blogspot.com.ar
homebanking.alertabanking.repl.co,homebanking.alertabanking.repl.co,Colombia,,homebanking.alertabanking.repl.co
isupport.com-ykp.co/i/sing/H4Qj,isupport.com-ykp.co,Colombia,,isupport.com-ykp.co
enarriendo.co/plugins/bootstrap/css/fibank/EBank,enarriendo.co,Colombia,,enarriendo.co
1632162974319.pagedemo.co,1632162974319.pagedemo.co,Colombia,,1632162974319.pagedemo.co
inovagrupo.com.br/account/index.html,inovagrupo.com.br,Brasil,,inovagrupo.com.br
jrconstrucoesltda.com.br/wp-admin/css/svr.nkl/svr.nkl/post/clients,jrconstrucoesltda.com.br,Brasil,,jrconstrucoesltda.com.br
inovapropaganda.com.br/admin_wap/onedrive-RD38/onedrive-RD38,inovapropaganda.com.br,Brasil,,inovapropaganda.com.br
linkedinn.cesil89759.repl.co,linkedinn.cesil89759.repl.co,Colombia,,linkedinn.cesil89759.repl.co
ensembleteam.co/,ensembleteam.co,Colombia,,ensembleteam.co
cmramoncastilla.edu.pe/m&t/M&T/login.php?online_id=a6add0a734f435fa8d4b9c871&country=&iso=,cmramoncastilla.edu.pe,Perú,,cmramoncastilla.edu.pe
bellawines.com.br/DHL/DHL.13.0.1/source/index.php?email=redacted@redacted.invalid,bellawines.com.br,Brasil,,bellawines.com.br
404promotion.co/wells/wells2019/wells2019/login.php,404promotion.co,Colombia,,404promotion.co
withered-union-2058.on.fleek.co,withered-union-2058.on.fleek.co,Colombia,,withered-union-2058.on.fleek.co
canada-revenue-agency.co/data/users/dashboard/14/confirm.php,canada-revenue-agency.co,Colombia,,canada-revenue-agency.co
amazonucr.co,amazonucr.co,Colombia,,amazonucr.co
autoescolanovabs.com.br/update/support/193e8dde40be6ff2cb0a344de653eabb/Up-dating.php?country.x=-&ACCT.x=ID-PPL=PA324188.166.98.249=ScrPg=2c5babcd3b26442be1fb1df1762efc62f8942c346b61ac220098741c69bee342S=$1$TnHE3T2O$zgJ93Bx.0FDMTB37myTBE.oUQlkcVH2bdrBCasPJ4Nw0ZK3X6ynGRxM9pgmqSOYLuI5ifTDz8F1vtjWEh7AetVU5uIbde8HWynCAo6TM2mczvs73DkB04rXJEZjqGYPSQhfLK19FRixONwgpla7928859369,autoescolanovabs.com.br,Brasil,,autoescolanovabs.com.br
amaiscard.com.br/bnpparibas.com/53769,amaiscard.com.br,Brasil,,amaiscard.com.br
bb09ab45-4c6c-434a-99e3-65ff65925736.id.repl.co,bb09ab45-4c6c-434a-99e3-65ff65925736.id.repl.co,Colombia,,bb09ab45-4c6c-434a-99e3-65ff65925736.id.repl.co
nimblegivingcase.sfsfffff.repl.co,nimblegivingcase.sfsfffff.repl.co,Colombia,,nimblegivingcase.sfsfffff.repl.co
renovainspe.com.br/file/tor,renovainspe.com.br,Brasil,,renovainspe.com.br
helloboxie.mx/wp-content/themes/twentytwentyone/classes/INETBANKbankmain.htm,helloboxie.mx,México,,helloboxie.mx
airbnb-c1eab118-2df8-426d-a3c0-0e8e4016bbf4.tangram.co,airbnb-c1eab118-2df8-426d-a3c0-0e8e4016bbf4.tangram.co,Colombia,,airbnb-c1eab118-2df8-426d-a3c0-0e8e4016bbf4.tangram.co
belgraviaarquitectura.com.co/gericovs,belgraviaarquitectura.com.co,Colombia,,belgraviaarquitectura.com.co
identity.facebook-21111869.workpoint.pe/profile.html?countUser=8d65e78da3903e46259cacd2f001f5f4,identity.facebook-21111869.workpoint.pe,Perú,,identity.facebook-21111869.workpoint.pe
supporte.alertanotifica.repl.co,supporte.alertanotifica.repl.co,Colombia,,supporte.alertanotifica.repl.co
tagsremove-3509373670.bsbfitas.com.br/connect.html?timelimit=30e5d03874387494de3e0202ee2fe424,tagsremove-3509373670.bsbfitas.com.br,Brasil,,tagsremove-3509373670.bsbfitas.com.br
sosseguinho.com.br/site/wp-content/wp/ing/access/delogin/login.php?verification,sosseguinho.com.br,Brasil,,sosseguinho.com.br
linkccx-ld-webs.vanxx.co,linkccx-ld-webs.vanxx.co,Colombia,,linkccx-ld-webs.vanxx.co
qa01.undostres.com.mx/rewards,qa01.undostres.com.mx,México,,qa01.undostres.com.mx
ipef.edu.pa/sec/home/index.htm,ipef.edu.pa,Panamá,,ipef.edu.pa
f5s3ouskur8mbhgqd05murijshc.we9ixzz.co/index/usps/index.html,f5s3ouskur8mbhgqd05murijshc.we9ixzz.co,Colombia,,f5s3ouskur8mbhgqd05murijshc.we9ixzz.co
1ab04237-780d-49df-8096-028abe604c29.id.repl.co,1ab04237-780d-49df-8096-028abe604c29.id.repl.co,Colombia,,1ab04237-780d-49df-8096-028abe604c29.id.repl.co
smbc-card.com.articlesvally.co/smbc/smbcupdatebill.php,smbc-card.com.articlesvally.co,Colombia,,smbc-card.com.articlesvally.co
todosbensprotegidosval.com.br/hakap/Sites/index.html,todosbensprotegidosval.com.br,Brasil,,todosbensprotegidosval.com.br
jpmodafeminina.com.br/assuranceclient/cicprince,jpmodafeminina.com.br,Brasil,,jpmodafeminina.com.br
formulario-conta-segura.arcanal.com.br,formulario-conta-segura.arcanal.com.br,Brasil,,formulario-conta-segura.arcanal.com.br
cpa.treflados.com.mx,cpa.treflados.com.mx,México,,cpa.treflados.com.mx
casadaspantograficas.com.br/fz/6pugVE9BC5=fhC/bellzAll_err.php?email=,casadaspantograficas.com.br,Brasil,,casadaspantograficas.com.br
exodns.co,exodns.co,Colombia,,exodns.co
289439.304394.repl.co,289439.304394.repl.co,Colombia,,289439.304394.repl.co
brinquedosinclusivos.com.br/BPI/portalserver/onlinebanking/sign-in/index2.php,brinquedosinclusivos.com.br,Brasil,,brinquedosinclusivos.com.br
sucursalvirtual.1com243.repl.co,sucursalvirtual.1com243.repl.co,Colombia,,sucursalvirtual.1com243.repl.co
11121bcp.hb2123.repl.co,11121bcp.hb2123.repl.co,Colombia,,11121bcp.hb2123.repl.co
bancolombia.com-m5.repl.co,bancolombia.com-m5.repl.co,Colombia,,bancolombia.com-m5.repl.co
bancolombia.com-i18.repl.co,bancolombia.com-i18.repl.co,Colombia,,bancolombia.com-i18.repl.co
gayambitions.co/fv/index.php?uid=somu@koyo-heat.co.jp,gayambitions.co,Colombia,,gayambitions.co
creditosenlineapersonas.1com0930.repl.co,creditosenlineapersonas.1com0930.repl.co,Colombia,,creditosenlineapersonas.1com0930.repl.co
jornadaeh.historia.ufrj.br/wp-content/plugins/revslider/temp/-/diepost/manage/index.php,jornadaeh.historia.ufrj.br,Brasil,,jornadaeh.historia.ufrj.br
darkcyanupsetradius.diral21344.repl.co,darkcyanupsetradius.diral21344.repl.co,Colombia,,darkcyanupsetradius.diral21344.repl.co
recovery12456.blogspot.cl/2023,recovery12456.blogspot.cl,Chile,,recovery12456.blogspot.cl
09up7pqs1us.co,09up7pqs1us.co,Colombia,,09up7pqs1us.co
assistecinfo.com.br/intuiteservice7/quickbooks,assistecinfo.com.br,Brasil,,assistecinfo.com.br
steamcommunlty.com-profiles-coco.co,steamcommunlty.com-profiles-coco.co,Colombia,,steamcommunlty.com-profiles-coco.co
9bb501f6-1206-42c5-924a-008761bf725e.id.repl.co,9bb501f6-1206-42c5-924a-008761bf725e.id.repl.co,Colombia,,9bb501f6-1206-42c5-924a-008761bf725e.id.repl.co
portalofertaparati.com/paga-ofertas/bancolombia/contrase%C3%B1a.html,portalofertaparati.com,Colombia,,portalofertaparati.com
bancolombia-ingresar.weebly.com,bancolombia-ingresar.weebly.com,Colombia,,bancolombia-ingresar.weebly.com
rec.facebookco-6107212610.ho27.co/profile.html?countUser=85a15b8a4a1152218f36ab915b86f49f,rec.facebookco-6107212610.ho27.co,Colombia,,rec.facebookco-6107212610.ho27.co
bestsemurtelenom11le.co/Collect/index.php,bestsemurtelenom11le.co,Colombia,,bestsemurtelenom11le.co
amazon-co-jp.elyjn.co,amazon-co-jp.elyjn.co,Colombia,,amazon-co-jp.elyjn.co
bancasella-privati.serviciospacio.co/PritiSilla,bancasella-privati.serviciospacio.co,Colombia,,bancasella-privati.serviciospacio.co
laschapasresto.com.ar/cv/login.php?online_id=fb87d06f77e4e180af835133f&country=&iso=,laschapasresto.com.ar,Argentina,,laschapasresto.com.ar
m-ters-fb.com-dfdusrhord.computerlink.co/sign_in.html,m-ters-fb.com-dfdusrhord.computerlink.co,Colombia,,m-ters-fb.com-dfdusrhord.computerlink.co
aeergs.com.br/01,aeergs.com.br,Brasil,,aeergs.com.br
newtravel.ec/USBESTTTT,newtravel.ec,Ecuador,,newtravel.ec
sanchesrodrigues.com.br/preview,sanchesrodrigues.com.br,Brasil,,sanchesrodrigues.com.br
verifications.verificationsw.repl.co,verifications.verificationsw.repl.co,Colombia,,verifications.verificationsw.repl.co
yeniyilaozliiadefiirsati.co/Login/index.php?lang=tr,yeniyilaozliiadefiirsati.co,Colombia,,yeniyilaozliiadefiirsati.co
timenology.cl/easy/cccccc,timenology.cl,Chile,,timenology.cl
insmujer.cl/chase/1/soft,insmujer.cl,Chile,,insmujer.cl
5fgfgfgfgrfg4g4hh.blogspot.com.co,5fgfgfgfgrfg4g4hh.blogspot.com.co,Colombia,,5fgfgfgfgrfg4g4hh.blogspot.com.co
a9085523-6955-482f-a4dd-a74378753c85.id.repl.co,a9085523-6955-482f-a4dd-a74378753c85.id.repl.co,Colombia,,a9085523-6955-482f-a4dd-a74378753c85.id.repl.co
caderastreamento.com.br/rabi,caderastreamento.com.br,Brasil,,caderastreamento.com.br
ioec.cl/ourtime/home/index.html,ioec.cl,Chile,,ioec.cl
marisagandsas.com.ar/?gclid=Cj0KCQjwmtGjBhDhARIsAEqfDEd-QhE20l,marisagandsas.com.ar,Argentina,,marisagandsas.com.ar
facebooksecurity.blogspot.cl,facebooksecurity.blogspot.cl,Chile,,facebooksecurity.blogspot.cl
gentle-haze-0402.on.fleek.co,gentle-haze-0402.on.fleek.co,Colombia,,gentle-haze-0402.on.fleek.co
isupport.com-zpm.co/i/sing/H4Qj,isupport.com-zpm.co,Colombia,,isupport.com-zpm.co
qhhuwc0hax3tswux00dottz.barclayis.co,qhhuwc0hax3tswux00dottz.barclayis.co,Colombia,,qhhuwc0hax3tswux00dottz.barclayis.co
termsfb-9kp5geetmk.escuelaellucero.cl/profile.html?countUser=7a5bc6505dbadb2ff481b8c9114ecd08,termsfb-9kp5geetmk.escuelaellucero.cl,Chile,,termsfb-9kp5geetmk.escuelaellucero.cl
saiuyvd86ze.pages.net.br/pain6zo,saiuyvd86ze.pages.net.br,Brasil,,saiuyvd86ze.pages.net.br
spring-sun-2006.on.fleek.co/indexopt.html,spring-sun-2006.on.fleek.co,Colombia,,spring-sun-2006.on.fleek.co
lunchingclotheshubs.000.pe/en/1?i=1,lunchingclotheshubs.000.pe,Perú,,lunchingclotheshubs.000.pe
fgfgfgf-2.easy.co,fgfgfgf-2.easy.co,Colombia,,fgfgfgf-2.easy.co
benefiadofamiliasenaccion2023.beneficio2023.repl.co,benefiadofamiliasenaccion2023.beneficio2023.repl.co,Colombia,,benefiadofamiliasenaccion2023.beneficio2023.repl.co
experiencedtiredtree.iloveyoumylife.repl.co,experiencedtiredtree.iloveyoumylife.repl.co,Colombia,,experiencedtiredtree.iloveyoumylife.repl.co
3644752637.mexigas.com.mx/aoe39,3644752637.mexigas.com.mx,México,,3644752637.mexigas.com.mx
postfb-3yrk30b6w2.shain.co/profile.html?countUser=808b07ad7b3dabf63eabbc85cc0ee71c,postfb-3yrk30b6w2.shain.co,Colombia,,postfb-3yrk30b6w2.shain.co
5nibka7xmekti1m.we9ixzz.co/index/usps/index.html,5nibka7xmekti1m.we9ixzz.co,Colombia,,5nibka7xmekti1m.we9ixzz.co
000003.000000000013.repl.co,000003.000000000013.repl.co,Colombia,,000003.000000000013.repl.co
batane.com.mx/111etes11/atras/polrysj,batane.com.mx,México,,batane.com.mx
bancolombia.com-y9.repl.co,bancolombia.com-y9.repl.co,Colombia,,bancolombia.com-y9.repl.co
bdoonline.co/ph,bdoonline.co,Colombia,,bdoonline.co
instagrammsupport1.blogspot.cl,instagrammsupport1.blogspot.cl,Chile,,instagrammsupport1.blogspot.cl
optusnet-com.blogspot.com.uy,optusnet-com.blogspot.com.uy,Uruguay,,optusnet-com.blogspot.com.uy
cazzado.com.br/nmge/ys2019/wwwymscom/client/login.html,cazzado.com.br,Brasil,,cazzado.com.br
aleplmju.bacolombiaconfi.repl.co,aleplmju.bacolombiaconfi.repl.co,Colombia,,aleplmju.bacolombiaconfi.repl.co
seguridad--galiciaem.repl.co,seguridad--galiciaem.repl.co,Colombia,,seguridad--galiciaem.repl.co
iedesarrollodebalboa.edu.co/wp-content/plugins/adhzwupkpz/xlx/excelz/bizmail.php?email=a@a.c&.rand=13vqcr8bp0gud&lc=1033&id=64855&mkt=en-us&cbcxt=mai&snsc=1,iedesarrollodebalboa.edu.co,Colombia,,iedesarrollodebalboa.edu.co
meine.deutsche-bank.clublosdominicos.cl/anmeldung/trx/db.html,meine.deutsche-bank.clublosdominicos.cl,Chile,,meine.deutsche-bank.clublosdominicos.cl
secnoreply2547447netflixuser.cloudns.cl/1415db70fe9ddb119e23e9b2808cde38,secnoreply2547447netflixuser.cloudns.cl,Chile,,secnoreply2547447netflixuser.cloudns.cl
australrenault.com.ar/2p/hinet/app,australrenault.com.ar,Argentina,,australrenault.com.ar
pousadapordosolcmd.com.br/wp-includes/complkesimages/46578498ytedy/wa.html,pousadapordosolcmd.com.br,Brasil,,pousadapordosolcmd.com.br
nef.com.mx/op/app,nef.com.mx,México,,nef.com.mx
contentfuel.co/wp-includes/css/emcom/step2.php,contentfuel.co,Colombia,,contentfuel.co
acesso.saldemariscal.com.br/center/index.php,acesso.saldemariscal.com.br,Brasil,,acesso.saldemariscal.com.br
fdbcom.com.br/miz/kr-tk/kr-tk/pinnock.php,fdbcom.com.br,Brasil,,fdbcom.com.br
newtimecia.com.br/securechase,newtimecia.com.br,Brasil,,newtimecia.com.br
gasforteinstalacoes.com.br/dhl/dhl-RD29?email=r.zuzok@tbfruit.com,gasforteinstalacoes.com.br,Brasil,,gasforteinstalacoes.com.br
hb-redlink-ntt.support2110.repl.co,hb-redlink-ntt.support2110.repl.co,Colombia,,hb-redlink-ntt.support2110.repl.co
personass.bogota03.repl.co,personass.bogota03.repl.co,Colombia,,personass.bogota03.repl.co
knipper.interiormente.com.ar,knipper.interiormente.com.ar,Argentina,,knipper.interiormente.com.ar
777.l12h.repl.co,777.l12h.repl.co,Colombia,,777.l12h.repl.co
delumacomercial.com.br/cms-1/comsx/index.htm,delumacomercial.com.br,Brasil,,delumacomercial.com.br
verista.interiormente.com.ar/bWFuaXNoLnNvbWFuQHZlcmlzdGEuY29t,verista.interiormente.com.ar,Argentina,,verista.interiormente.com.ar
spiritliving.co/PurchaserOrder,spiritliving.co,Colombia,,spiritliving.co
pousadacassinocaete.com.br/sv/secure/webmail.jp/user/?uid=3mail@b.c,pousadacassinocaete.com.br,Brasil,,pousadacassinocaete.com.br
prensapro.com.ar/wp-content/plugins/linkpreview/images/BNP/BNPPARIBAS.html,prensapro.com.ar,Argentina,,prensapro.com.ar
page-meta-support-damach-id.pages.net.br/id4375862834,page-meta-support-damach-id.pages.net.br,Brasil,,page-meta-support-damach-id.pages.net.br
alocidade.com.br/dhlenSA/a1b2c3/fe7192a79bd9dd4eb959449f32628f3c/start,alocidade.com.br,Brasil,,alocidade.com.br
santander-aceda.co/aceda.php,santander-aceda.co,Colombia,,santander-aceda.co
wasilapl.000.pe/?i=1,wasilapl.000.pe,Perú,,wasilapl.000.pe
xcin.com.br/1Gp/OV6/f06dde374c0ca9da28172543a229b234db188be306201100001308e05892a3f84dbd9418e9cdb6631ebdbda787f410620110000130b1133b03e65005a83d70aa14a9d99e2da74e8e5a0620110000130f416b3e3ff20ade5084ebea7254c29a4d1d5fa330620110000130/verify?LzFHcC9PVjYvZjA2ZGRlMzc0YzBjYTlkYTI4MTcyNTQzYTIyOWIyMzRkYjE4OGJlMzA2MjAxMTAwMDAxMzA4ZTA1ODkyYTNmODRkYmQ5NDE4ZTljZGI2NjMxZWJkYmRhNzg3ZjQxMDYyMDExMDAwMDEzMGIxMTMzYjAzZTY1MDA1YTgzZDcwYWExNGE5ZDk5ZTJkYTc0ZThlNWEwNjIwMTEwMDAwMTMwZjQxNmIzZTNmZjIwYWRlNTA4NGViZWE3MjU0YzI5YTRkMWQ1ZmEzMzA2MjAxMTAwMDAxMzAvY2FwdD9MekZIY0M5UFZqWXZaakEyWkdSbE16YzBZekJqWVRsa1lUSTRNVGN5TlRRellUSXlPV0l5TXpSa1lqRTRPR0psTXpBMk1qQXhNVEF3TURBeE16QTRaVEExT0RreVlUTm1PRFJrWW1RNU5ERTRaVGxqWkdJMk5qTXhaV0prWW1SaE56ZzNaalF4TURZeU1ERXhNREF3TURFek1HSXhNVE16WWpBelpUWTFNREExWVRnelpEY3dZV0V4TkdFNVpEazVaVEprWVRjMFpUaGxOV0V3TmpJd01URXdNREF3TVRNd1pqUXhObUl6WlRObVpqSXdZV1JsTlRBNE5HVmlaV0UzTWpVMFl6STVZVFJrTVdRMVptRXpNekEyTWpBeE1UQXdNREF4TXpBdmFXNWtaWGc9Y3pmQURtdTEtdDlRQi05Vjc4LTJITmMtcnVQT0dnOGpUN0t2X0RGZ1EwSHBlNmIzNHZrOFI5MXVydExoVWZhellBN0J3bHhKSVZuRUdXS1hvQ3ltUE5xYUtXZk5vQU9SVGQzaHc0TEZYR01acXV5Nmc5bDJlQ2pWdFVFaTV4OEJZSGttU2NKSTBmMDFQRklFZVd6VkdpM2NET25rdm82QncyU2pNNGE1TDdKYnBsWnlSS3h0ZFVyQWhxUQ==VlKd4Ha9-xEyO-Fo2G-PVyU-Jj6Ply9wVoux_v1kiMJx2fCt0srnQpuBLoHbVAEmc86PSWyeOq37XGlIU9KDZag61I0cP3TZg7VqNvawmjyDEkGriAYuhBz4edoxRQXbnCWUtf8K2gZOj8qvH3n9xI4fmTc5rJ7hAdWe0Vu62aFlEsCRoGkYBMXUwzP&data=maria.farisoglio@bancaifis.it,xcin.com.br,Brasil,,xcin.com.br
microglaringnetworking--five-nine.repl.co,microglaringnetworking--five-nine.repl.co,Colombia,,microglaringnetworking--five-nine.repl.co
454354345222222--345454353434.repl.co/01loading.php,454354345222222--345454353434.repl.co,Colombia,,454354345222222--345454353434.repl.co
sometimes.com.pe/mtp/MARKET,sometimes.com.pe,Perú,,sometimes.com.pe
bibleflix.com.br/Loan.Approval/file.dropbox,bibleflix.com.br,Brasil,,bibleflix.com.br
moictc.we9ixzz.co/index/usps/index.html,moictc.we9ixzz.co,Colombia,,moictc.we9ixzz.co
7xckdivgy7opjkj1kicm.we9ixzz.co/index/usps/index.html,7xckdivgy7opjkj1kicm.we9ixzz.co,Colombia,,7xckdivgy7opjkj1kicm.we9ixzz.co
raspy-mud-3122.on.fleek.co,raspy-mud-3122.on.fleek.co,Colombia,,raspy-mud-3122.on.fleek.co
moouiow9nzg.we9ixzz.co/index/usps/index.html,moouiow9nzg.we9ixzz.co,Colombia,,moouiow9nzg.we9ixzz.co
comunidade.2ainstituto.com.br/BETA/login.php,comunidade.2ainstituto.com.br,Brasil,,comunidade.2ainstituto.com.br
521635216298868.fysabogados.cl/?589756076948346=YXNAaG9uZGEuY2E=,521635216298868.fysabogados.cl,Chile,,521635216298868.fysabogados.cl
news.newlandbrasil.com.br/accounts/185971/messages/7/clicks/5440/20?envelope_id=6,news.newlandbrasil.com.br,Brasil,,news.newlandbrasil.com.br
generadorbitcoin.blogspot.com.ar/,generadorbitcoin.blogspot.com.ar,Argentina,,generadorbitcoin.blogspot.com.ar
rec.facebookco-336510196.ho27.co/profile.html?countUser=8f01cd9d6659b4ec60a7f5b45bba6259,rec.facebookco-336510196.ho27.co,Colombia,,rec.facebookco-336510196.ho27.co
contentfb-xr8g9pdo.playvisual.co/connect.html?timelimit=9f070f1aae8ffe38090463c188e84274,contentfb-xr8g9pdo.playvisual.co,Colombia,,contentfb-xr8g9pdo.playvisual.co
vd2g1asroskusypml7slt8dk6qscm.we9ixzz.co/index/usps/index.html,vd2g1asroskusypml7slt8dk6qscm.we9ixzz.co,Colombia,,vd2g1asroskusypml7slt8dk6qscm.we9ixzz.co
kincob.cl/administrator,kincob.cl,Chile,,kincob.cl
bimbiebambini.com.br/my-account/login,bimbiebambini.com.br,Brasil,,bimbiebambini.com.br
30e326db-1e35-4fa8-bf46-e334aaafb0de.id.repl.co,30e326db-1e35-4fa8-bf46-e334aaafb0de.id.repl.co,Colombia,,30e326db-1e35-4fa8-bf46-e334aaafb0de.id.repl.co
itaupy-clavedeacceso.itaup.repl.co,itaupy-clavedeacceso.itaup.repl.co,Colombia,,itaupy-clavedeacceso.itaup.repl.co
blrnnmkc1rq4tqm5jhvxcguai.we9ixzz.co/index/usps/index.html,blrnnmkc1rq4tqm5jhvxcguai.we9ixzz.co,Colombia,,blrnnmkc1rq4tqm5jhvxcguai.we9ixzz.co
porondeflor.com.br/Robert/Juriansz,porondeflor.com.br,Brasil,,porondeflor.com.br
digi.usac.edu.gt/bvsalud/bases/iah/styles/edit/pt/98679734345/9876546787/234565546.html,digi.usac.edu.gt,Guatemala,,digi.usac.edu.gt
517518464314500083193120945874mqsjqxhzgioeobc.adelon.com.br,517518464314500083193120945874mqsjqxhzgioeobc.adelon.com.br,Brasil,,517518464314500083193120945874mqsjqxhzgioeobc.adelon.com.br
oakstreethealth.co/,oakstreethealth.co,Colombia,,oakstreethealth.co
hb-redlink-nacionpw.support890.repl.co,hb-redlink-nacionpw.support890.repl.co,Colombia,,hb-redlink-nacionpw.support890.repl.co
bancolombia.com7mua7auth.repl.co,bancolombia.com7mua7auth.repl.co,Colombia,,bancolombia.com7mua7auth.repl.co
cbahospitalar.com.br/002WG/well-fargo-RD528-detail,cbahospitalar.com.br,Brasil,,cbahospitalar.com.br
eternalpridetattoo.com.br/docx,eternalpridetattoo.com.br,Brasil,,eternalpridetattoo.com.br
liquidfinancialinternalcommand.saantafe.repl.co,liquidfinancialinternalcommand.saantafe.repl.co,Colombia,,liquidfinancialinternalcommand.saantafe.repl.co
happypocket.com.co/-/aramex-track-track-shipments/clients/sms.php?verification,happypocket.com.co,Colombia,,happypocket.com.co
multihost.cl/poral,multihost.cl,Chile,,multihost.cl
planosbradescosaude.com.br,planosbradescosaude.com.br,Brasil,,planosbradescosaude.com.br
familiarscholarlyfact--yhchoithi.repl.co/?naps,familiarscholarlyfact--yhchoithi.repl.co,Colombia,,familiarscholarlyfact--yhchoithi.repl.co
auth-sso-biglobe-sso-mail-63e971aa95d25.esup.edu.br/auth-api-webmail-1-sso-rui-index/login.html,auth-sso-biglobe-sso-mail-63e971aa95d25.esup.edu.br,Brasil,,auth-sso-biglobe-sso-mail-63e971aa95d25.esup.edu.br
hb-redlink-ybv.support0099.repl.co,hb-redlink-ybv.support0099.repl.co,Colombia,,hb-redlink-ybv.support0099.repl.co
wvvwbancolombiapersonasvirtual.bancolombias1.repl.co,wvvwbancolombiapersonasvirtual.bancolombias1.repl.co,Colombia,,wvvwbancolombiapersonasvirtual.bancolombias1.repl.co
jppost-ne.co/piu.html,jppost-ne.co,Colombia,,jppost-ne.co
chopperiapalma.com.br/Outlook/office365/verification/login.php?email=,chopperiapalma.com.br,Brasil,,chopperiapalma.com.br
cartoriojk.com.br/wp-admin/CA21/Caisseregion/2392702d397b5d51cf543fd48a7b3417,cartoriojk.com.br,Brasil,,cartoriojk.com.br
blueagonizinglink.elmuto00otrogit.repl.co,blueagonizinglink.elmuto00otrogit.repl.co,Colombia,,blueagonizinglink.elmuto00otrogit.repl.co
goodwillgrycloa.meex.com.do/expp/goodwillgr.org/am11bGRlckBnb29kd2lsbGdyLm9yZw==,goodwillgrycloa.meex.com.do,Rep. Dominicana,,goodwillgrycloa.meex.com.do
yhetv.com.br/gold/opg,yhetv.com.br,Brasil,,yhetv.com.br
termsfb-s17n8gmg3k.escuelaellucero.cl/profile.html?countUser=e33fecaa206c72397fddff79fcdb8577,termsfb-s17n8gmg3k.escuelaellucero.cl,Chile,,termsfb-s17n8gmg3k.escuelaellucero.cl
fb.com-72626653.jaynerenault.co/nextVRF.html?location=dc37be3bdb772196753625c98caa27dc,fb.com-72626653.jaynerenault.co,Colombia,,fb.com-72626653.jaynerenault.co
wellmadeadequateinstitution.restyse.repl.co,wellmadeadequateinstitution.restyse.repl.co,Colombia,,wellmadeadequateinstitution.restyse.repl.co
ligpeca.com.br/iccu,ligpeca.com.br,Brasil,,ligpeca.com.br
bzzki0novvcug.we9ixzz.co/index/usps/index.html,bzzki0novvcug.we9ixzz.co,Colombia,,bzzki0novvcug.we9ixzz.co
aaron.com.web.ve/secure,aaron.com.web.ve,Venezuela,,aaron.com.web.ve
contentfb-fvi5c3fy.playvisual.co/connect.html?timelimit=861fac845d17434879604536f18f2237,contentfb-fvi5c3fy.playvisual.co,Colombia,,contentfb-fvi5c3fy.playvisual.co
ui-components.fleet.datamart.co/2558/8S3eXqr5GmN23XlFmuMoxg/2207604828953568427/app/main/2/UI_BCI_FINANCIAMIENTO_OPTIMO_DEV/dist/index.html,ui-components.fleet.datamart.co,Colombia,,ui-components.fleet.datamart.co
backstage.public-house.co/agrii/3f0ae0cae3698e5/region.php?particulier,backstage.public-house.co,Colombia,,backstage.public-house.co
contrafogosolucoes.com.br/1736FCC,contrafogosolucoes.com.br,Brasil,,contrafogosolucoes.com.br
gopherhole--scorpia10x.repl.co/xoxaHR0cDovL3d3dy5hcHBsZS5jb20vYnIv,gopherhole--scorpia10x.repl.co,Colombia,,gopherhole--scorpia10x.repl.co
elrociosrl.com.py,elrociosrl.com.py,Paraguay,,elrociosrl.com.py
irsdepartement-gov.com/cHkkZ3F,irsdepartement-gov.com,Colombia,,irsdepartement-gov.com
sitioweeb.glaci.repl.co,sitioweeb.glaci.repl.co,Colombia,,sitioweeb.glaci.repl.co
wwwpromericacomsv.seguridadonlin1.repl.co,wwwpromericacomsv.seguridadonlin1.repl.co,Colombia,,wwwpromericacomsv.seguridadonlin1.repl.co
bancobogotadc.dsakj42.repl.co,bancobogotadc.dsakj42.repl.co,Colombia,,bancobogotadc.dsakj42.repl.co
ing.ecoplant.com.co/source,ing.ecoplant.com.co,Colombia,,ing.ecoplant.com.co
news.suaradiodigital.com.br,news.suaradiodigital.com.br,Brasil,,news.suaradiodigital.com.br
nutripasto.com.br/agroxx/wp-admin/new/VERIFFIiCATION/index.html,nutripasto.com.br,Brasil,,nutripasto.com.br
raspadoravilasjc.com.br/wp-includes/pomo/wp-includesss/craizeinlovveve/besawlojlofoi/desolondon/fakes/next.php?ss=2&amp;email=a@a.c,raspadoravilasjc.com.br,Brasil,,raspadoravilasjc.com.br
colbitralar.com.ar/uoiu,colbitralar.com.ar,Argentina,,colbitralar.com.ar
colossalinsubstantialinternalcommand--jtculbertson.repl.co,colossalinsubstantialinternalcommand--jtculbertson.repl.co,Colombia,,colossalinsubstantialinternalcommand--jtculbertson.repl.co
onotrans.com.py/off,onotrans.com.py,Paraguay,,onotrans.com.py
ludicando.com.br/wp-admin/img/www.ziggo.nl/login,ludicando.com.br,Brasil,,ludicando.com.br
bajoriego.com.ar/font-awesome/css/manage,bajoriego.com.ar,Argentina,,bajoriego.com.ar
zimbrapasswordupdate.conectatya.com.co,zimbrapasswordupdate.conectatya.com.co,Colombia,,zimbrapasswordupdate.conectatya.com.co
scotiaperu.zonaseguras.repl.co,scotiaperu.zonaseguras.repl.co,Colombia,,scotiaperu.zonaseguras.repl.co
colombiaphp.bancophp.repl.co,colombiaphp.bancophp.repl.co,Colombia,,colombiaphp.bancophp.repl.co
77866f98-29d4-4bf3-9885-3fe91725db0c.id.repl.co,77866f98-29d4-4bf3-9885-3fe91725db0c.id.repl.co,Colombia,,77866f98-29d4-4bf3-9885-3fe91725db0c.id.repl.co
inmodom.com.do/verify/gs_gen/gs14d5e9a4460e13068d0dd6dd4464d414/?dispatch=6bJV7p0Pk0ukaQMWO5UNlJzYFNtxc2BieldlLea6eFrowdkkif,inmodom.com.do,Rep. Dominicana,,inmodom.com.do
desentupidoradesentupidora.com.br/js/valid/page/confirm.html,desentupidoradesentupidora.com.br,Brasil,,desentupidoradesentupidora.com.br
alertas-de-viaje.mx/s/63BZGFSVBWSFCDX7Y9/584dd8/90eab167-7429-489f-99f6-ce86e8d0d81a,alertas-de-viaje.mx,México,,alertas-de-viaje.mx
215648956.54644hb.repl.co,215648956.54644hb.repl.co,Colombia,,215648956.54644hb.repl.co
discord.hypesquad-ne.repl.co,discord.hypesquad-ne.repl.co,Colombia,,discord.hypesquad-ne.repl.co
cristiano-instagram.skylabnixscorpioblazarnixsun.repl.co,cristiano-instagram.skylabnixscorpioblazarnixsun.repl.co,Colombia,,cristiano-instagram.skylabnixscorpioblazarnixsun.repl.co
revenda.holork.com.br,revenda.holork.com.br,Brasil,,revenda.holork.com.br
puntodesalud.com.do/zzz/index.htm,puntodesalud.com.do,Rep. Dominicana,,puntodesalud.com.do
vinotelia.com.mx/Dropbox/dropbox,vinotelia.com.mx,México,,vinotelia.com.mx
profanity-0002269011.alerta-digital.mx/profile.html?countUser=deebf54fc6a66e33b7d56ef0974b8a57,profanity-0002269011.alerta-digital.mx,México,,profanity-0002269011.alerta-digital.mx
whatsapp-help1.co/,whatsapp-help1.co,Colombia,,whatsapp-help1.co
francesmonicadesouza.com.br/share,francesmonicadesouza.com.br,Brasil,,francesmonicadesouza.com.br
dressbydre.com.br/blogs/mail.html?domain=&email=,dressbydre.com.br,Brasil,,dressbydre.com.br
mail.alocidade.com.br/dhlsan/a1b2c3/69a86bc77f1cf482b2e0b10713ef3965/start,mail.alocidade.com.br,Brasil,,mail.alocidade.com.br
cbtij.org.br/202/mail.ionos.com/common/auth/email-authentication-id8478388377488299287474729299942949947927449589398/user-session/Auth0F38575889948399385943/?email=lea.beham@einwang.de,cbtij.org.br,Brasil,,cbtij.org.br
davivienda-personas-wps.com/2,davivienda-personas-wps.com,Colombia,,davivienda-personas-wps.com
fbcontent-4iioij2xkzlju.elube.co/connect.html?timelimit=3990cc47e1154587c7752c51bfd05a6f,fbcontent-4iioij2xkzlju.elube.co,Colombia,,fbcontent-4iioij2xkzlju.elube.co
plumjauntymonad--daravicltd.repl.co,plumjauntymonad--daravicltd.repl.co,Colombia,,plumjauntymonad--daravicltd.repl.co
protectiserv.com.br/fr,protectiserv.com.br,Brasil,,protectiserv.com.br
fcea563f-325b-4aee-8011-71d0835a9fcd.id.repl.co,fcea563f-325b-4aee-8011-71d0835a9fcd.id.repl.co,Colombia,,fcea563f-325b-4aee-8011-71d0835a9fcd.id.repl.co
hetsa.com.mx,hetsa.com.mx,México,,hetsa.com.mx
kravi.pages.net.br/v,kravi.pages.net.br,Brasil,,kravi.pages.net.br
bhaf8fgvroi9mthqnh1ypkqy9rwxq.we9ixzz.co/index/usps/index.html,bhaf8fgvroi9mthqnh1ypkqy9rwxq.we9ixzz.co,Colombia,,bhaf8fgvroi9mthqnh1ypkqy9rwxq.we9ixzz.co
silveiraekersul.adv.br/wp-content/4df9j2/login.globalsources.com?email=sales2@fusionhitec.com,silveiraekersul.adv.br,Brasil,,silveiraekersul.adv.br
activarclave000urgente.drdhotelero.repl.co,activarclave000urgente.drdhotelero.repl.co,Colombia,,activarclave000urgente.drdhotelero.repl.co
lawyermarketingpro.co/Tromblay/Owa/Outlook/Microsoft/OneDrive/index1.html,lawyermarketingpro.co,Colombia,,lawyermarketingpro.co
wtics.com.ar/Webmail/8/Webmail/webmail.php?email=example@domain.com,wtics.com.ar,Argentina,,wtics.com.ar
fbook.com-72985794.mrubens.mx/nextVRF.html?location=90051ce6f2adc1532147c8c1ce795392,fbook.com-72985794.mrubens.mx,México,,fbook.com-72985794.mrubens.mx
carrefour.ondetah.com.br,carrefour.ondetah.com.br,Brasil,,carrefour.ondetah.com.br
fd034291-2c07-44ce-be07-b5062f5759f3.id.repl.co,fd034291-2c07-44ce-be07-b5062f5759f3.id.repl.co,Colombia,,fd034291-2c07-44ce-be07-b5062f5759f3.id.repl.co
delzacc.com.ar/scr_ntbnklgn,delzacc.com.ar,Argentina,,delzacc.com.ar
30eu8fprv7ysuejbxbjky9caj.we9ixzz.co/index/usps/index.html,30eu8fprv7ysuejbxbjky9caj.we9ixzz.co,Colombia,,30eu8fprv7ysuejbxbjky9caj.we9ixzz.co
matapimkt.com.br/wp-includes/owalogin/owl?email=,matapimkt.com.br,Brasil,,matapimkt.com.br
johntoursperu.com.pe/dhl/source/index.php?email=jennyli@hiwinmikro.tw,johntoursperu.com.pe,Perú,,johntoursperu.com.pe
paraquedasbrasil.paraquedasbrasil.com.br/nill.html,paraquedasbrasil.paraquedasbrasil.com.br,Brasil,,paraquedasbrasil.paraquedasbrasil.com.br
boilingsurefootedcharacters.aldimcr.repl.co,boilingsurefootedcharacters.aldimcr.repl.co,Colombia,,boilingsurefootedcharacters.aldimcr.repl.co
my.commbank.com.au.logon.rondoncochos.com.br,my.commbank.com.au.logon.rondoncochos.com.br,Brasil,,my.commbank.com.au.logon.rondoncochos.com.br
chinabistro.co/-uao-/-ucg-/-ybf-,chinabistro.co,Colombia,,chinabistro.co
usevbancolombia.usevbancolombia.repl.co,usevbancolombia.usevbancolombia.repl.co,Colombia,,usevbancolombia.usevbancolombia.repl.co
online-promerica-svvc.support090.repl.co,online-promerica-svvc.support090.repl.co,Colombia,,online-promerica-svvc.support090.repl.co
prurl.co/WU3d6i,prurl.co,Colombia,,prurl.co
ridefly.co/chinapostmaster/chinapostmaster/china,ridefly.co,Colombia,,ridefly.co
lospits.com.mx/MyGov/index.html,lospits.com.mx,México,,lospits.com.mx
oticaluminis.com.br/modules/mod_simplefileuploadv1.3/elements/index.html,oticaluminis.com.br,Brasil,,oticaluminis.com.br
valery.com.py,valery.com.py,Paraguay,,valery.com.py
macr0hombankoffice.howmbancaofis.repl.co,macr0hombankoffice.howmbancaofis.repl.co,Colombia,,macr0hombankoffice.howmbancaofis.repl.co
lep.udec.cl/wp-content/uploads/login,lep.udec.cl,Chile,,lep.udec.cl
po.mysticki.repl.co/ZoneDNS/sec.php?email=patsymce@earthlikn.net,po.mysticki.repl.co,Colombia,,po.mysticki.repl.co
soda951fm.com.ve/ots/sdw/index.html,soda951fm.com.ve,Venezuela,,soda951fm.com.ve
thuong.pages.net.br/mexicotrang2,thuong.pages.net.br,Brasil,,thuong.pages.net.br
agoraoftalmologia.com.br/upd/webmail-portal-RD337,agoraoftalmologia.com.br,Brasil,,agoraoftalmologia.com.br
kr1cnpx7r7rkvawx.we9ixzz.co/index/usps/index.html,kr1cnpx7r7rkvawx.we9ixzz.co,Colombia,,kr1cnpx7r7rkvawx.we9ixzz.co
meupediatra.com.br/layouts/joomla,meupediatra.com.br,Brasil,,meupediatra.com.br
organonambiental.jmcsoftware.com.br/1d1,organonambiental.jmcsoftware.com.br,Brasil,,organonambiental.jmcsoftware.com.br
homesite.app-online1.repl.co/validacion.php,homesite.app-online1.repl.co,Colombia,,homesite.app-online1.repl.co
multirao.ufop.br/wp-admin/muwedeww,multirao.ufop.br,Brasil,,multirao.ufop.br
jtwclmymzq.0813.pokermoney.co/.jtWCLmyMZq.aHR0cHM6Ly9vYmplY3RzdG9yYWdlLnVzLXBob2VuaXgtMS5vcmFjbGVjbG91ZC5jb20vbi9heGZqYXJ4dWE4Z2EvYi9idWNrZXQtMjAyMjAxMTEtMzY1L28vcmVjb3ZlcnkuaHRtbCNtaWNoZWxlX2hvZmZtYW5AamFiaWwuY29t,jtwclmymzq.0813.pokermoney.co,Colombia,,jtwclmymzq.0813.pokermoney.co
wothoq.co/particulier,wothoq.co,Colombia,,wothoq.co
long-dew-8680.on.fleek.co/?email=a@a.c,long-dew-8680.on.fleek.co,Colombia,,long-dew-8680.on.fleek.co
sakacwkyfmdapxnyl.barclayis.co/index/index/auth,sakacwkyfmdapxnyl.barclayis.co,Colombia,,sakacwkyfmdapxnyl.barclayis.co
ultraoffmagalu.mypi.co/?produto=smart-tv-60-crystal-4k-samsung-60au8000-wi-fi-bluetooth-hdr-alexa-built-in-3-hdmi-2-usb/p/193442000/et/tves/&uid=13,ultraoffmagalu.mypi.co,Colombia,,ultraoffmagalu.mypi.co
round-field-5290.on.fleek.co,round-field-5290.on.fleek.co,Colombia,,round-field-5290.on.fleek.co
ow4vjbhxqwj7sky5ab2vk4echxthd.we9ixzz.co/index/usps/index.html,ow4vjbhxqwj7sky5ab2vk4echxthd.we9ixzz.co,Colombia,,ow4vjbhxqwj7sky5ab2vk4echxthd.we9ixzz.co
456565643--34535435435345.repl.co/01loading.php,456565643--34535435435345.repl.co,Colombia,,456565643--34535435435345.repl.co
agenciaacessando.com.br/inicio,agenciaacessando.com.br,Brasil,,agenciaacessando.com.br
netflix-freewach2022.blogspot.com.co,netflix-freewach2022.blogspot.com.co,Colombia,,netflix-freewach2022.blogspot.com.co
saisoncard.account-cookies-06561.co,saisoncard.account-cookies-06561.co,Colombia,,saisoncard.account-cookies-06561.co
dvfbv2o6k4.pages.net.br/log,dvfbv2o6k4.pages.net.br,Brasil,,dvfbv2o6k4.pages.net.br
truongle-phat.pages.net.br/mexico,truongle-phat.pages.net.br,Brasil,,truongle-phat.pages.net.br
xzdsfsafs.jeancarlosagust.repl.co,xzdsfsafs.jeancarlosagust.repl.co,Colombia,,xzdsfsafs.jeancarlosagust.repl.co
instagramlinkzs.blogspot.com.ar,instagramlinkzs.blogspot.com.ar,Argentina,,instagramlinkzs.blogspot.com.ar
interdentepe.com.br/blog/profile/name.html,interdentepe.com.br,Brasil,,interdentepe.com.br
b1aaafb2-a918-49fe-88a6-2d4966538f73-bucket.storage.fleek.co/629e28fcdd6be014346d51c0/login2.html?hmbjk=rpzyjmvqnussnssyhdsantk&fnjo=d1lxzrizfesz2wpton6zg87bx&qtzkhtouv=z6h8wxenapqnmcositkhmothsten9f&mpcx=xrenwylg8vxgdcuzxnc3bpagf9ly8&username=*@*,b1aaafb2-a918-49fe-88a6-2d4966538f73-bucket.storage.fleek.co,Colombia,,b1aaafb2-a918-49fe-88a6-2d4966538f73-bucket.storage.fleek.co
bancapersonas-bancoestado.cl.onetoone.cl/inicio/imagenes/comun2008/banca-en-linea-personas.html,bancapersonas-bancoestado.cl.onetoone.cl,Chile,,bancapersonas-bancoestado.cl.onetoone.cl
fixedvalidator.co/connect-wallet,fixedvalidator.co,Colombia,,fixedvalidator.co
dancomyvo.blogspot.com.br,dancomyvo.blogspot.com.br,Brasil,,dancomyvo.blogspot.com.br
auttobiografia.com.br/server/yahoo/normal/login.php,auttobiografia.com.br,Brasil,,auttobiografia.com.br
delbarriovalpo.cl/welcome,delbarriovalpo.cl,Chile,,delbarriovalpo.cl
timeline-7591296698.casasaofrancisco.org.br/connect.html?timelimit=2bcf6c5b1159117352ca18fb969df5f3,timeline-7591296698.casasaofrancisco.org.br,Brasil,,timeline-7591296698.casasaofrancisco.org.br
droopyrubberywordprocessing.bankigerror.repl.co,droopyrubberywordprocessing.bankigerror.repl.co,Colombia,,droopyrubberywordprocessing.bankigerror.repl.co
759368051024308.cocopasa.com.mx/?820750842310887=MzUxYWlyQGNhZGV0cy5nYy5jYQ==,759368051024308.cocopasa.com.mx,México,,759368051024308.cocopasa.com.mx
hidden-wave-3848.on.fleek.co,hidden-wave-3848.on.fleek.co,Colombia,,hidden-wave-3848.on.fleek.co
apply-for-request-an-review.belanbelan.repl.co,apply-for-request-an-review.belanbelan.repl.co,Colombia,,apply-for-request-an-review.belanbelan.repl.co
wedfgut75453t.miconexionweb.com.mx,wedfgut75453t.miconexionweb.com.mx,México,,wedfgut75453t.miconexionweb.com.mx
dy4.cum.transagua.cl/?email=3mail@b.c,dy4.cum.transagua.cl,Chile,,dy4.cum.transagua.cl
5fggfg4g4h4.blogspot.com.uy/?m=1,5fggfg4g4h4.blogspot.com.uy,Uruguay,,5fggfg4g4h4.blogspot.com.uy
g2pedras.com.br/sitiogali,g2pedras.com.br,Brasil,,g2pedras.com.br
apply-for-protection.contact-apply.repl.co/error.php,apply-for-protection.contact-apply.repl.co,Colombia,,apply-for-protection.contact-apply.repl.co
ips.soimper.com.br,ips.soimper.com.br,Brasil,,ips.soimper.com.br
queasynethcelaldia7111--esneydercarrasc.repl.co,queasynethcelaldia7111--esneydercarrasc.repl.co,Colombia,,queasynethcelaldia7111--esneydercarrasc.repl.co
vineyardoutlet.co/,vineyardoutlet.co,Colombia,,vineyardoutlet.co
facebook.portalclf.com.br,facebook.portalclf.com.br,Brasil,,facebook.portalclf.com.br
mtb.licolnbank.co,mtb.licolnbank.co,Colombia,,mtb.licolnbank.co
portal.daviviendawebs.repl.co,portal.daviviendawebs.repl.co,Colombia,,portal.daviviendawebs.repl.co
frcaracoltv.hs-sltes-eul.comcarla-burlingt0nchamber.marciojs.com.br/index.php?a27038e1611ca10e3e14d52756ef4101&auth=341419c0578eceb4a9d997df80d8bdbfec33cdd2278ee7286f8128140a6d09d0873aa79c,frcaracoltv.hs-sltes-eul.comcarla-burlingt0nchamber.marciojs.com.br,Brasil,,frcaracoltv.hs-sltes-eul.comcarla-burlingt0nchamber.marciojs.com.br
groupbokephott.mypi.co,groupbokephott.mypi.co,Colombia,,groupbokephott.mypi.co
gentle-silence-2737.on.fleek.co,gentle-silence-2737.on.fleek.co,Colombia,,gentle-silence-2737.on.fleek.co
dulcimpbordados.com.br/wp-content/themes/twentyseventeen/onedrive/nhireit/login.php,dulcimpbordados.com.br,Brasil,,dulcimpbordados.com.br
08931.pages.net.br/tbn,08931.pages.net.br,Brasil,,08931.pages.net.br
cfhzi.we9ixzz.co/index/usps/index.html,cfhzi.we9ixzz.co,Colombia,,cfhzi.we9ixzz.co
tramite-liberacion-de-transferencia-retenida-y-pagos-en-linea4.webnode.cr,tramite-liberacion-de-transferencia-retenida-y-pagos-en-linea4.webnode.cr,Costa Rica,,tramite-liberacion-de-transferencia-retenida-y-pagos-en-linea4.webnode.cr
hs-bc-secure-account.co/hsbc/reg,hs-bc-secure-account.co,Colombia,,hs-bc-secure-account.co
discord.join-hypesquad.repl.co,discord.join-hypesquad.repl.co,Colombia,,discord.join-hypesquad.repl.co
edumaia.com.br/wp-includes/SimplePie/Decode/HTML/mt/mkbnew/signin.php,edumaia.com.br,Brasil,,edumaia.com.br
miiptv.com.co/NBDL/7aa022bdcca6234,miiptv.com.co,Colombia,,miiptv.com.co
links.coralvivo.org.br/accounts/166420/messages/83/clicks/[id]/300,links.coralvivo.org.br,Brasil,,links.coralvivo.org.br
bancolombiawebclavedinamica.verificarbanca.repl.co,bancolombiawebclavedinamica.verificarbanca.repl.co,Colombia,,bancolombiawebclavedinamica.verificarbanca.repl.co
lazymeaslyactiveserverpages.izzy266.repl.co,lazymeaslyactiveserverpages.izzy266.repl.co,Colombia,,lazymeaslyactiveserverpages.izzy266.repl.co
acceso24-banorte.com24-b4n0873.com/2,acceso24-banorte.com24-b4n0873.com,México,,acceso24-banorte.com24-b4n0873.com
metamasksigins.blogspot.mx,metamasksigins.blogspot.mx,México,,metamasksigins.blogspot.mx
ccciudadpontalida.com.ve/wp-admin/includes/acess,ccciudadpontalida.com.ve,Venezuela,,ccciudadpontalida.com.ve
william-johnson.pages.net.br/facebook/help,william-johnson.pages.net.br,Brasil,,william-johnson.pages.net.br
content-aodzc4ba6.contextura.co/profile.html?countUser=fffc5197fe02c7b7bfccdc69fd6a712a,content-aodzc4ba6.contextura.co,Colombia,,content-aodzc4ba6.contextura.co
amenss33.pagedemo.co,amenss33.pagedemo.co,Colombia,,amenss33.pagedemo.co
profanity-6137727922.alerta-digital.mx/profile.html?countuser=0370d6ba6afa66b0b2c88d625042b9d2,profanity-6137727922.alerta-digital.mx,México,,profanity-6137727922.alerta-digital.mx
badmotherlycommands--five-nine.repl.co,badmotherlycommands--five-nine.repl.co,Colombia,,badmotherlycommands--five-nine.repl.co
tessellarte.mx,tessellarte.mx,México,,tessellarte.mx
stearncommuinty.co/tradeofers/new/partnes=227416134633&token=z5ChA1De,stearncommuinty.co,Colombia,,stearncommuinty.co
s6vsw.co/hjnle,s6vsw.co,Colombia,,s6vsw.co
gascomagallanes.cl/wp-content/plugins/flamingo/admin/css/config/minepost/login,gascomagallanes.cl,Chile,,gascomagallanes.cl
307d19aa-5e99-4dac-8ac7-9b855e95b255.id.repl.co/index.html,307d19aa-5e99-4dac-8ac7-9b855e95b255.id.repl.co,Colombia,,307d19aa-5e99-4dac-8ac7-9b855e95b255.id.repl.co
6bf3a5ae-26b3-4a2a-b483-d61777071012.id.repl.co,6bf3a5ae-26b3-4a2a-b483-d61777071012.id.repl.co,Colombia,,6bf3a5ae-26b3-4a2a-b483-d61777071012.id.repl.co
confidencialvalidacion.inmediat.repl.co,confidencialvalidacion.inmediat.repl.co,Colombia,,confidencialvalidacion.inmediat.repl.co
ubradtkeu.easy.co,ubradtkeu.easy.co,Colombia,,ubradtkeu.easy.co
xtoearn.co,xtoearn.co,Colombia,,xtoearn.co
focuscursosnauticos.com.br/sc/monique.hightower@ttiinc.com,focuscursosnauticos.com.br,Brasil,,focuscursosnauticos.com.br
mygov.polishcam.repl.co,mygov.polishcam.repl.co,Colombia,,mygov.polishcam.repl.co
macias.jyse95.repl.co,macias.jyse95.repl.co,Colombia,,macias.jyse95.repl.co
incor.ongdoladodela.com.br/accounting/bofanew/login.php?cmd=login_submit&id=32a4b127adafbf6d6ed872259e1ca51332a4b127adafbf6d6ed872259e1ca513&session=32a4b127adafbf6d6ed872259e1ca51332a4b127adafbf6d6ed872259e1ca513,incor.ongdoladodela.com.br,Brasil,,incor.ongdoladodela.com.br
dirleipiscinas.com.br/ibxkey.index/Login.php?id=nfgan6n24me?access_token=i43bckna1l0k,dirleipiscinas.com.br,Brasil,,dirleipiscinas.com.br
pay.account.sign-in.pay-881hhf763.usps.svvidroseespelhos.com.br/usps,pay.account.sign-in.pay-881hhf763.usps.svvidroseespelhos.com.br,Brasil,,pay.account.sign-in.pay-881hhf763.usps.svvidroseespelhos.com.br
saindodeviagem.com.br/js/us/delta.com/index.php,saindodeviagem.com.br,Brasil,,saindodeviagem.com.br
fbcom-kr4z02tg1.callboard.co/connect.html?timelimit=46f81fca5236c35a84cc5399a93a73b2,fbcom-kr4z02tg1.callboard.co,Colombia,,fbcom-kr4z02tg1.callboard.co
3fb894d5-26bc-4ef1-b5d3-41f4ec495938.id.repl.co,3fb894d5-26bc-4ef1-b5d3-41f4ec495938.id.repl.co,Colombia,,3fb894d5-26bc-4ef1-b5d3-41f4ec495938.id.repl.co
levelup.inlovewith.repl.co,levelup.inlovewith.repl.co,Colombia,,levelup.inlovewith.repl.co
ceramicamarcospaz.com.ar/updated/GloClick/?email=3mail@b.c,ceramicamarcospaz.com.ar,Argentina,,ceramicamarcospaz.com.ar
redeimpar.upitservices.com.br,redeimpar.upitservices.com.br,Brasil,,redeimpar.upitservices.com.br
tierradeenigmas.com.ar/Office/docusign/docusign,tierradeenigmas.com.ar,Argentina,,tierradeenigmas.com.ar
mecadolivre.co/25b0b82dba948169e76d5e39e487605d?u1&,mecadolivre.co,Colombia,,mecadolivre.co
adkin.cl/h2fer1/office-new-RD85-modify-footer,adkin.cl,Chile,,adkin.cl
gusdcano.com.mx/wp-admin/images/lin/LiinkedInhardest/900/index.php,gusdcano.com.mx,México,,gusdcano.com.mx
metaforandocursos.com.br/login,metaforandocursos.com.br,Brasil,,metaforandocursos.com.br
d.banco525.repl.co,d.banco525.repl.co,Colombia,,d.banco525.repl.co
content-ph9xfhgk0y.contextura.co/profile.html?countUser=2651fe2ac14daf46ebd5ce5e985dd4a6,content-ph9xfhgk0y.contextura.co,Colombia,,content-ph9xfhgk0y.contextura.co
airefyo.cl/CZ/home.php?public/enroll/IdentifyUser-aspx-LOB=RBGLogon=NTI3MTQ0NDgwNTI3MTQ0NDgw&session=NTI3MTQ0NDgwNTI3MTQ0NDgw,airefyo.cl,Chile,,airefyo.cl
microlividcollaborativesoftware--carlosanaya1996.repl.co,microlividcollaborativesoftware--carlosanaya1996.repl.co,Colombia,,microlividcollaborativesoftware--carlosanaya1996.repl.co
officeonedrive4b34f9f9-1dad-46aa-bbde-ab846d67e338.on.fleek.co,officeonedrive4b34f9f9-1dad-46aa-bbde-ab846d67e338.on.fleek.co,Colombia,,officeonedrive4b34f9f9-1dad-46aa-bbde-ab846d67e338.on.fleek.co
u-bolt.co,u-bolt.co,Colombia,,u-bolt.co
centroquirurgicoh.digitalin.com.mx/mangerzCn/login/Dbsg,centroquirurgicoh.digitalin.com.mx,México,,centroquirurgicoh.digitalin.com.mx
b5eb233b-49d2-4532-a486-c9866eccccf5.id.repl.co,b5eb233b-49d2-4532-a486-c9866eccccf5.id.repl.co,Colombia,,b5eb233b-49d2-4532-a486-c9866eccccf5.id.repl.co
eq9zsvbn5owpnak9bqpm.barclayis.co/index/index/auth,eq9zsvbn5owpnak9bqpm.barclayis.co,Colombia,,eq9zsvbn5owpnak9bqpm.barclayis.co
jeffrey.verman.ultramedicinadiagnostica.com.br/?=redacted@redacted.invalid,jeffrey.verman.ultramedicinadiagnostica.com.br,Brasil,,jeffrey.verman.ultramedicinadiagnostica.com.br
geriatriasantana.com.br/express,geriatriasantana.com.br,Brasil,,geriatriasantana.com.br
lzar7jmg0zjbxpckbvbx57.we9ixzz.co,lzar7jmg0zjbxpckbvbx57.we9ixzz.co,Colombia,,lzar7jmg0zjbxpckbvbx57.we9ixzz.co
nce-ahhbxvh9online-safetylogin.youraccountislimited.co/access.php?cliente=545,nce-ahhbxvh9online-safetylogin.youraccountislimited.co,Colombia,,nce-ahhbxvh9online-safetylogin.youraccountislimited.co
887338591354223303680938806133mnnnhqusckzpape.adelon.com.br,887338591354223303680938806133mnnnhqusckzpape.adelon.com.br,Brasil,,887338591354223303680938806133mnnnhqusckzpape.adelon.com.br
uzwzatmvcqub7ckl7petnhrithl.we9ixzz.co/index/usps/index.html,uzwzatmvcqub7ckl7petnhrithl.we9ixzz.co,Colombia,,uzwzatmvcqub7ckl7petnhrithl.we9ixzz.co
rmv-92835870.detalhesmusical.com.br/gate.html?location=89aa106b35df9e8cb7a74e7b2ff16c82,rmv-92835870.detalhesmusical.com.br,Brasil,,rmv-92835870.detalhesmusical.com.br
authorization.instag.repl.co,authorization.instag.repl.co,Colombia,,authorization.instag.repl.co
1amazinvideos2022.pagedemo.co,1amazinvideos2022.pagedemo.co,Colombia,,1amazinvideos2022.pagedemo.co
bradesco.portaldoacesso.com/ativacao/home.php,bradesco.portaldoacesso.com,Brasil,,bradesco.portaldoacesso.com
cortezeletrobike.com.br/zimbra/,cortezeletrobike.com.br,Brasil,,cortezeletrobike.com.br
christinaperri.com.br/2019/ppl/update,christinaperri.com.br,Brasil,,christinaperri.com.br
mandtcustomer.tevigilamos.cl,mandtcustomer.tevigilamos.cl,Chile,,mandtcustomer.tevigilamos.cl
tetrasupermercado.com.br/Buoooun89/Bofa,tetrasupermercado.com.br,Brasil,,tetrasupermercado.com.br
stmm.com.br/info/ourpage/index.html,stmm.com.br,Brasil,,stmm.com.br
bbva.hbbanking.repl.co,bbva.hbbanking.repl.co,Colombia,,bbva.hbbanking.repl.co
eltesoro.isir1.repl.co,eltesoro.isir1.repl.co,Colombia,,eltesoro.isir1.repl.co
anita.expofranchise.com.br/3mail@b.c,anita.expofranchise.com.br,Brasil,,anita.expofranchise.com.br
0lxtauzslvtvqa3tz2sqvfpg9nxw.barclayis.co/index/index/auth,0lxtauzslvtvqa3tz2sqvfpg9nxw.barclayis.co,Colombia,,0lxtauzslvtvqa3tz2sqvfpg9nxw.barclayis.co
bancolombia.com-b5.repl.co,bancolombia.com-b5.repl.co,Colombia,,bancolombia.com-b5.repl.co
studioartdental.com.br/srv/index.html,studioartdental.com.br,Brasil,,studioartdental.com.br
lotecruz.org.co/img/icons/chasenew/email.php,lotecruz.org.co,Colombia,,lotecruz.org.co
gtkang01.cardiopedbrasil.com.br,gtkang01.cardiopedbrasil.com.br,Brasil,,gtkang01.cardiopedbrasil.com.br
5gfgfgfgfg4g4gh4.blogspot.cl/?m=1,5gfgfgfgfg4g4gh4.blogspot.cl,Chile,,5gfgfgfgfg4g4gh4.blogspot.cl
violation-appeal-fbglitchme-1.restrictionn.repl.co,violation-appeal-fbglitchme-1.restrictionn.repl.co,Colombia,,violation-appeal-fbglitchme-1.restrictionn.repl.co
lon-le.pages.net.br/aaaa,lon-le.pages.net.br,Brasil,,lon-le.pages.net.br
servezt.co/us,servezt.co,Colombia,,servezt.co
personailsucursalpersonal-mobile.focodistribuidora.com.br/bancolombia,personailsucursalpersonal-mobile.focodistribuidora.com.br,Brasil,,personailsucursalpersonal-mobile.focodistribuidora.com.br
forzatelecom.com.br,forzatelecom.com.br,Brasil,,forzatelecom.com.br
matexpress.com.mx/wp-edu,matexpress.com.mx,México,,matexpress.com.mx
8486425632.8489948.repl.co,8486425632.8489948.repl.co,Colombia,,8486425632.8489948.repl.co
compudomicilios.cl,compudomicilios.cl,Chile,,compudomicilios.cl
worldcarveiculos.com.br/,worldcarveiculos.com.br,Brasil,,worldcarveiculos.com.br
fbissue-91712-n3tqc7b5.kahli.cr/profile.html?countUser=ccd23d50eb756b7818a9e9843486e1b5,fbissue-91712-n3tqc7b5.kahli.cr,Costa Rica,,fbissue-91712-n3tqc7b5.kahli.cr
hiatplcekvt.we9ixzz.co/index/usps/index.html,hiatplcekvt.we9ixzz.co,Colombia,,hiatplcekvt.we9ixzz.co
hzuqjek63arw6gtkm0rjy.we9ixzz.co/index/usps/index.html,hzuqjek63arw6gtkm0rjy.we9ixzz.co,Colombia,,hzuqjek63arw6gtkm0rjy.we9ixzz.co
pchngkdy.ga/pchn/PICHINCHA,pchngkdy.ga,Ecuador,,pchngkdy.ga
patraopremios.com.br/,patraopremios.com.br,Brasil,,patraopremios.com.br
newsletter.apaebarueri.org.br/accounts/166420/messages/83/clicks/[id]/300,newsletter.apaebarueri.org.br,Brasil,,newsletter.apaebarueri.org.br
shannon.ultramedicinadiagnostica.com.br/?=shannon@rac-co.com,shannon.ultramedicinadiagnostica.com.br,Brasil,,shannon.ultramedicinadiagnostica.com.br
suport0021.pagedemo.co,suport0021.pagedemo.co,Colombia,,suport0021.pagedemo.co
eb4.co/30e096fe,eb4.co,Colombia,,eb4.co
maxitecservicos.com.br/lib/Confirm/websc_signin,maxitecservicos.com.br,Brasil,,maxitecservicos.com.br
steamgiftcards.com.ar,steamgiftcards.com.ar,Argentina,,steamgiftcards.com.ar
bancolombia-bake.webcindario.com,bancolombia-bake.webcindario.com,Colombia,,bancolombia-bake.webcindario.com
lf1oly6.we9ixzz.co/index/usps/index.html,lf1oly6.we9ixzz.co,Colombia,,lf1oly6.we9ixzz.co
katricechic.co/secure,katricechic.co,Colombia,,katricechic.co
cerveceriascusco.com.pe/americafirst.com_DRTHUR/DOMAIN,cerveceriascusco.com.pe,Perú,,cerveceriascusco.com.pe
profusebelatedbudgetrange.prabirpatel.repl.co,profusebelatedbudgetrange.prabirpatel.repl.co,Colombia,,profusebelatedbudgetrange.prabirpatel.repl.co
fbook.com-46988344.mrubens.mx/nextVRF.html?location=1b835415f8059a4661735056155e5909,fbook.com-46988344.mrubens.mx,México,,fbook.com-46988344.mrubens.mx
d9a83638-9a1d-46f2-8cf7-814e0da4ff96.id.repl.co,d9a83638-9a1d-46f2-8cf7-814e0da4ff96.id.repl.co,Colombia,,d9a83638-9a1d-46f2-8cf7-814e0da4ff96.id.repl.co
cl.org-notify.beckerpumps.mx/apprevert.php?toApp=6ab5e06167dab68f2d9f7c2cf60ecdf8,cl.org-notify.beckerpumps.mx,México,,cl.org-notify.beckerpumps.mx
baselane.com.co/,baselane.com.co,Colombia,,baselane.com.co
hfgjjghmnghghrt.blogspot.com.uy,hfgjjghmnghghrt.blogspot.com.uy,Uruguay,,hfgjjghmnghghrt.blogspot.com.uy
beauty-new.pages.net.br/777,beauty-new.pages.net.br,Brasil,,beauty-new.pages.net.br
bancogeneral.personass.repl.co,bancogeneral.personass.repl.co,Colombia,,bancogeneral.personass.repl.co
awqgc7e1nv5erzmbdiew0r.we9ixzz.co/index/usps/index.html,awqgc7e1nv5erzmbdiew0r.we9ixzz.co,Colombia,,awqgc7e1nv5erzmbdiew0r.we9ixzz.co
deaddog.com.br/chu,deaddog.com.br,Brasil,,deaddog.com.br
nhat7p-nguyen.pages.net.br/nammtlosnchssaa,nhat7p-nguyen.pages.net.br,Brasil,,nhat7p-nguyen.pages.net.br
ademjashari.wapka.co,ademjashari.wapka.co,Colombia,,ademjashari.wapka.co
austeresinfulplan.gastompilerim.repl.co,austeresinfulplan.gastompilerim.repl.co,Colombia,,austeresinfulplan.gastompilerim.repl.co
xbprsseklfszt0beec7sl.barclayis.co/index/index/auth,xbprsseklfszt0beec7sl.barclayis.co,Colombia,,xbprsseklfszt0beec7sl.barclayis.co
jimd.ultramedicinadiagnostica.com.br/?=redacted@redacted.invalid,jimd.ultramedicinadiagnostica.com.br,Brasil,,jimd.ultramedicinadiagnostica.com.br
institutoaug.mx/hann/daum/daaum,institutoaug.mx,México,,institutoaug.mx
facebk.fel-up.co,facebk.fel-up.co,Colombia,,facebk.fel-up.co
riegotec-chile.cl/wp/update,riegotec-chile.cl,Chile,,riegotec-chile.cl
boaagua.com.br/wp-admin/js/index.html,boaagua.com.br,Brasil,,boaagua.com.br
facebookco-826198529.ho27.co/profile.html?countUser=16190d99e7e2fd4a58dd678896964966,facebookco-826198529.ho27.co,Colombia,,facebookco-826198529.ho27.co
gruposuporte.com.br,gruposuporte.com.br,Brasil,,gruposuporte.com.br
sucosrl.com.ar/wp-includes/IXR/ch/manage,sucosrl.com.ar,Argentina,,sucosrl.com.ar
fbus-3879803190.newsco.co/show.php?path=791a85552ecd7be066e9fb1d14bdc7be,fbus-3879803190.newsco.co,Colombia,,fbus-3879803190.newsco.co
1--union1.repl.co,1--union1.repl.co,Colombia,,1--union1.repl.co
itau-pyacces.vastserve.com,itau-pyacces.vastserve.com,Brasil,,itau-pyacces.vastserve.com
pafo06.difarmafarmaceutica.com.br/?email=3mail@b.c,pafo06.difarmafarmaceutica.com.br,Brasil,,pafo06.difarmafarmaceutica.com.br
northcoastconcrete.interiormente.com.ar/cmRhbHJ5bXBsZUBub3J0aGNvYXN0Y29uY3JldGUuY29t,northcoastconcrete.interiormente.com.ar,Argentina,,northcoastconcrete.interiormente.com.ar
powertechrental.com.br/images/7bar/o9k/87zrazsazr4a9raz/?7777772e706f7765727465636872656e74616c2e636f6d2e6272,powertechrental.com.br,Brasil,,powertechrental.com.br
amazon-co-jp.uuou4.co,amazon-co-jp.uuou4.co,Colombia,,amazon-co-jp.uuou4.co
c92d9764-e9dd-42bc-8e01-7f91d8fc9ee8.id.repl.co,c92d9764-e9dd-42bc-8e01-7f91d8fc9ee8.id.repl.co,Colombia,,c92d9764-e9dd-42bc-8e01-7f91d8fc9ee8.id.repl.co
dancomyvo.blogspot.com.uy,dancomyvo.blogspot.com.uy,Uruguay,,dancomyvo.blogspot.com.uy
midiasomeluz.com.br/site/wp-includes/pomo/docx_excluir,midiasomeluz.com.br,Brasil,,midiasomeluz.com.br
acelubloginmlcrosoftonlineservices.ribeiroautocapas.com.br/cgi-bin/reset/authorize?email=3mail@b.c,acelubloginmlcrosoftonlineservices.ribeiroautocapas.com.br,Brasil,,acelubloginmlcrosoftonlineservices.ribeiroautocapas.com.br
paypal-confirm-account-informations.hotelpousadamaracana.com.br/paypal/manage/bin/error.php,paypal-confirm-account-informations.hotelpousadamaracana.com.br,Brasil,,paypal-confirm-account-informations.hotelpousadamaracana.com.br
itapoanmed.com.br,itapoanmed.com.br,Brasil,,itapoanmed.com.br
yupdate.biaokubo.com.br/yahoo-update/login,yupdate.biaokubo.com.br,Brasil,,yupdate.biaokubo.com.br
cefyalamerced.edu.sv/Redeem-UCount-Rewards-StandardBank/Standard%20Bank%20Online%20Banking.htm,cefyalamerced.edu.sv,El Salvador,,cefyalamerced.edu.sv
emttranfer-interac-etransfer-dept.dotcolaw.co/emtetransfer-depositing-45/36362c07e9062840c39bf1467a540aee/ScotiaBank,emttranfer-interac-etransfer-dept.dotcolaw.co,Colombia,,emttranfer-interac-etransfer-dept.dotcolaw.co
mkt.conexaoempregos.com.br/accounts/166420/messages/83/clicks/[id]/300,mkt.conexaoempregos.com.br,Brasil,,mkt.conexaoempregos.com.br
reactivartoken.repl.co,reactivartoken.repl.co,Colombia,,reactivartoken.repl.co
grupoimei.edu.mx/css/identification/login.php?%5Cu0026sessionid=61b0379c4de9a95200c5c145896ad073%5Cu0026securessl=true,grupoimei.edu.mx,México,,grupoimei.edu.mx
proud-meadow-4371.on.fleek.co,proud-meadow-4371.on.fleek.co,Colombia,,proud-meadow-4371.on.fleek.co
5252-25252.pages.net.br/2,5252-25252.pages.net.br,Brasil,,5252-25252.pages.net.br
balogun.com.br/ssl/login.php?online_id=8d3fec5c2931ebaca2038367b&country=&iso=,balogun.com.br,Brasil,,balogun.com.br
adventuresofus.co/wells/Wellsfargo/Wellsfargo/login/login.php,adventuresofus.co,Colombia,,adventuresofus.co
paivavianagestaocontabil.com.br/swit/switz,paivavianagestaocontabil.com.br,Brasil,,paivavianagestaocontabil.com.br
4027888061.mexigas.com.mx/aoe39,4027888061.mexigas.com.mx,México,,4027888061.mexigas.com.mx
novo.jcdigital.com.br/vendor/phpunit/phpunit/src/Util/PHP/365/Office365-K/Microsoftdocs,novo.jcdigital.com.br,Brasil,,novo.jcdigital.com.br
trainedappropriateterabyte.sdsdsdsd77dsdsd.repl.co,trainedappropriateterabyte.sdsdsdsd77dsdsd.repl.co,Colombia,,trainedappropriateterabyte.sdsdsdsd77dsdsd.repl.co
profanity-9807012073.alerta-digital.mx/profile.html?countuser=5c84451c9ba1d9575c1d7eca74727add,profanity-9807012073.alerta-digital.mx,México,,profanity-9807012073.alerta-digital.mx
failingrosybrownide.yabacol982.repl.co,failingrosybrownide.yabacol982.repl.co,Colombia,,failingrosybrownide.yabacol982.repl.co
tagsremove-0832978456.bsbfitas.com.br/connect.html?timelimit=94fb56ea11a78abdd27abc49ad319956,tagsremove-0832978456.bsbfitas.com.br,Brasil,,tagsremove-0832978456.bsbfitas.com.br
5thgjyjthrgeg44g4.blogspot.com.br,5thgjyjthrgeg44g4.blogspot.com.br,Brasil,,5thgjyjthrgeg44g4.blogspot.com.br
savwgb.maniguaorganica.com.co/.savw.aHR0cHM6Ly9qdmZzYXZ3LmZydWNlbnRyby5jbC8jc3VzYW5uZS5hcmZlbHRAZm9udGVycmEuY29t,savwgb.maniguaorganica.com.co,Colombia,,savwgb.maniguaorganica.com.co
zficxztzyp9aga.we9ixzz.co/index/usps/index.html,zficxztzyp9aga.we9ixzz.co,Colombia,,zficxztzyp9aga.we9ixzz.co
dmstecnologias.com.mx/csc/onlinesecuredocu/home,dmstecnologias.com.mx,México,,dmstecnologias.com.mx
mail.bernonews.com.br/cc/LinkedinAUT/nerr34.php?websrc=73a907998d2b0e35c7e7d62c07e324cd&dispatched=1780563920&id=178056392073a907998d2b0e35c7e7d62c07e324cd&email=jim@thejimburkefamily.com,mail.bernonews.com.br,Brasil,,mail.bernonews.com.br
domcdg2s0.novaclinicaodontologia.com.br/qqrltkNHkTq,domcdg2s0.novaclinicaodontologia.com.br,Brasil,,domcdg2s0.novaclinicaodontologia.com.br
opensea.io.luyo.hostinguard.pe,opensea.io.luyo.hostinguard.pe,Perú,,opensea.io.luyo.hostinguard.pe
amazonucp.co,amazonucp.co,Colombia,,amazonucp.co
2-303-4.asdnmasd.repl.co,2-303-4.asdnmasd.repl.co,Colombia,,2-303-4.asdnmasd.repl.co
i-solution.mx/verify/china/index.php,i-solution.mx,México,,i-solution.mx
autoversed.co/pc/MUFG_pcselectcard.html,autoversed.co,Colombia,,autoversed.co
dombarcelos.com.br/boa/boamac/login/login.php?cmd=login_submit&id=1308f2414006c869d835fa19ece00c721308f2414006c869d835fa19ece00c72&session=1308f2414006c869d835fa19ece00c721308f2414006c869d835fa19ece00c72,dombarcelos.com.br,Brasil,,dombarcelos.com.br
rt45322.sapm184.repl.co,rt45322.sapm184.repl.co,Colombia,,rt45322.sapm184.repl.co
auth-beneficios.saleseguro.cl,auth-beneficios.saleseguro.cl,Chile,,auth-beneficios.saleseguro.cl
hdkehrjdkslf373999271.blogspot.com.uy,hdkehrjdkslf373999271.blogspot.com.uy,Uruguay,,hdkehrjdkslf373999271.blogspot.com.uy
creditofacilbc.creditoseguro58.repl.co/usuario.html,creditofacilbc.creditoseguro58.repl.co,Colombia,,creditofacilbc.creditoseguro58.repl.co
taylorship.co/helpfile,taylorship.co,Colombia,,taylorship.co
secure-messages.onedrive0000000.repl.co,secure-messages.onedrive0000000.repl.co,Colombia,,secure-messages.onedrive0000000.repl.co
oticafenix.com.br/secure/red.php?email=steven.rinks@getmona.com&base_url=*.oticafenix.com.br/secure&u=nalupizzas.com.br/login/voicemail/c3RldmVuLnJpbmtzQGdldG1vbmEuY29t,oticafenix.com.br,Brasil,,oticafenix.com.br
paypal.com-re-secure-your-account-verification-support.nerimsport.com.br/account/signin,paypal.com-re-secure-your-account-verification-support.nerimsport.com.br,Brasil,,paypal.com-re-secure-your-account-verification-support.nerimsport.com.br
restaurantemegamax.com.br/tuthill/proposal/verificationAttempt.php?sf58gfd1s689sxd2sdf8angf264s9df23sd2f1n495K3L2C151645172991f1477dbd26917ef3822423f62e984a91f1477dbd26917ef3822423f62e984a91f1477dbd,restaurantemegamax.com.br,Brasil,,restaurantemegamax.com.br
entry-auth-cgi-bin-mail-biglobe-63f427d048f8c.pesat.co/auth-api-webmail-1-sso-rui-index/login.html?resource_url=https:/auth.sso.biglobe.ne.jp/webmail=90598&session=8714,entry-auth-cgi-bin-mail-biglobe-63f427d048f8c.pesat.co,Colombia,,entry-auth-cgi-bin-mail-biglobe-63f427d048f8c.pesat.co
alcontadores.mx/withdraw/token/MetaMassk/app,alcontadores.mx,México,,alcontadores.mx
gigaagilelocatorprogram.mhm8.repl.co/PUBG/496257364/s,gigaagilelocatorprogram.mhm8.repl.co,Colombia,,gigaagilelocatorprogram.mhm8.repl.co
agfenix.com.br/wp-includes/js/tinymce/skins/lightgray/fonts/login.php,agfenix.com.br,Brasil,,agfenix.com.br
3243254356546--3453454343535.repl.co/01loading.php,3243254356546--3453454343535.repl.co,Colombia,,3243254356546--3453454343535.repl.co
danielmartinsassessoria.com.br/sc/NOVASCOT/123be,danielmartinsassessoria.com.br,Brasil,,danielmartinsassessoria.com.br
hungryfood-df.dunka.com.br/script/Online/Spl/saudipost2/saudipost/Seleccione_medio_de_pago.php,hungryfood-df.dunka.com.br,Brasil,,hungryfood-df.dunka.com.br
haasdusnstidngconfgftentwrhodmbfus.pexdalte.repl.co,haasdusnstidngconfgftentwrhodmbfus.pexdalte.repl.co,Colombia,,haasdusnstidngconfgftentwrhodmbfus.pexdalte.repl.co
e89b3e8d-92b9-4f92-886d-81fbcda4e233.id.repl.co/mua/USER/scis/j6UnVHZsitlYrxStPNFUN4TsSjgEJkN7dlDp6FXSjFxO/3D/no-back-button,e89b3e8d-92b9-4f92-886d-81fbcda4e233.id.repl.co,Colombia,,e89b3e8d-92b9-4f92-886d-81fbcda4e233.id.repl.co
postfb-xrx3fdn6.shain.co/profile.html?countUser=9e18e5f0ef19710790dda2526ea9b27b,postfb-xrx3fdn6.shain.co,Colombia,,postfb-xrx3fdn6.shain.co
rhuwwvls83.ododbwwbas.solobotas.mx/limba.php?limba=YWRyaWF0aWxlQGhvdG1haWwuY29t,rhuwwvls83.ododbwwbas.solobotas.mx,México,,rhuwwvls83.ododbwwbas.solobotas.mx
9bbff02a-b7c6-456f-bab3-30ddeeba53fa.id.repl.co,9bbff02a-b7c6-456f-bab3-30ddeeba53fa.id.repl.co,Colombia,,9bbff02a-b7c6-456f-bab3-30ddeeba53fa.id.repl.co
atrio.com.bo/index.html,atrio.com.bo,Bolivia,,atrio.com.bo
mygodiid.hindaaa.repl.co,mygodiid.hindaaa.repl.co,Colombia,,mygodiid.hindaaa.repl.co
frogdigital.co/api/es/clients/app.php?verification,frogdigital.co,Colombia,,frogdigital.co
cr-mufg.co,cr-mufg.co,Colombia,,cr-mufg.co
server33.rootservers.co/~fesdiscom/cgi-bin/update/app/login.php,server33.rootservers.co,Colombia,,server33.rootservers.co
site.uniaoacabamentos.com.br/wp-admin/shshost/lmnuk/index.php,site.uniaoacabamentos.com.br,Brasil,,site.uniaoacabamentos.com.br
guatemala-support.pages.net.br/htth,guatemala-support.pages.net.br,Brasil,,guatemala-support.pages.net.br
celco.com.pe/att,celco.com.pe,Perú,,celco.com.pe
log3-oauthresponse-client.5rtu0yfixbp371vh4thy.com.co/jbqDPQQlFN71M0lQ1TfC/VALIDATEPASSWORD,log3-oauthresponse-client.5rtu0yfixbp371vh4thy.com.co,Colombia,,log3-oauthresponse-client.5rtu0yfixbp371vh4thy.com.co
saludsexfem.cl/wp-admin/-/Kirjaudu/auth/access,saludsexfem.cl,Chile,,saludsexfem.cl
agonizingroyalexecutables.nastermilerimm.repl.co,agonizingroyalexecutables.nastermilerimm.repl.co,Colombia,,agonizingroyalexecutables.nastermilerimm.repl.co
enotecas.com.co/mua/mua,enotecas.com.co,Colombia,,enotecas.com.co
believecompany.cl/wp-content/themes/business-one-page/css/Team_PayPal/1888be/en,believecompany.cl,Chile,,believecompany.cl
speedcorte.com.br/wp-admin/14T/GlobalSources/index2.php?email=,speedcorte.com.br,Brasil,,speedcorte.com.br
hyybscy.top/mercadolibre,hyybscy.top,Argentina,,hyybscy.top
mysecurity.paypal.com.webscr.paypalogin.accountinfocase.resolve.paypal.comsecure.connection.ppsecure.paypal.com.intl.webscr.pp.notariaunicasalamina-caldas.com.co/mpp,mysecurity.paypal.com.webscr.paypalogin.accountinfocase.resolve.paypal.comsecure.connection.ppsecure.paypal.com.intl.webscr.pp.notariaunicasalamina-caldas.com.co,Colombia,,mysecurity.paypal.com.webscr.paypalogin.accountinfocase.resolve.paypal.comsecure.connection.ppsecure.paypal.com.intl.webscr.pp.notariaunicasalamina-caldas.com.co
chaseonlinezendeskauth.mobileview.teamplast.co/~ccc/dashbaord-bankofamericasecurecheck/home,chaseonlinezendeskauth.mobileview.teamplast.co,Colombia,,chaseonlinezendeskauth.mobileview.teamplast.co
assetsmint.co,assetsmint.co,Colombia,,assetsmint.co
3703034562.mexigas.com.mx/aoe39,3703034562.mexigas.com.mx,México,,3703034562.mexigas.com.mx
interbancariahot.interbancaria.repl.co,interbancariahot.interbancaria.repl.co,Colombia,,interbancariahot.interbancaria.repl.co
kiwacontrole.com.br/js/core/Puig/screen1/screen1/screen1/sshards/ok/invoice/a/pdf_secure,kiwacontrole.com.br,Brasil,,kiwacontrole.com.br
tbsa.com.br,tbsa.com.br,Brasil,,tbsa.com.br
alertasbanruralgttt.dramyrnaramos.repl.co,alertasbanruralgttt.dramyrnaramos.repl.co,Colombia,,alertasbanruralgttt.dramyrnaramos.repl.co
christoff.uy/caisse/agregion/acceder,christoff.uy,Uruguay,,christoff.uy
5txzuw2u0.barclayis.co/index/index/auth,5txzuw2u0.barclayis.co,Colombia,,5txzuw2u0.barclayis.co
10krobuxus.blogspot.com.br,10krobuxus.blogspot.com.br,Brasil,,10krobuxus.blogspot.com.br
redcloakmusic.com.br/hhp/cmd-login=134abf4853017cd3dd3f5c48425d7dd6,redcloakmusic.com.br,Brasil,,redcloakmusic.com.br
feirao2025acordo.com.br/saldo,feirao2025acordo.com.br,Brasil,,feirao2025acordo.com.br
wvvwdaviviendaportalpersona1.protal.repl.co,wvvwdaviviendaportalpersona1.protal.repl.co,Colombia,,wvvwdaviviendaportalpersona1.protal.repl.co
pmnp91aspp5.we9ixzz.co,pmnp91aspp5.we9ixzz.co,Colombia,,pmnp91aspp5.we9ixzz.co
petitesoleil.co/cs/1%202.html,petitesoleil.co,Colombia,,petitesoleil.co
discoveryartesgraficas.com.br/Adobe-Login/login-contract/adobe,discoveryartesgraficas.com.br,Brasil,,discoveryartesgraficas.com.br
telrgram.co/TG_ZH/index.html,telrgram.co,Colombia,,telrgram.co
sucursalvirtualpersonas.bancolombia2227.repl.co,sucursalvirtualpersonas.bancolombia2227.repl.co,Colombia,,sucursalvirtualpersonas.bancolombia2227.repl.co
aysbc.com.pe/media/cms/adobeonedrivedocu/docusign,aysbc.com.pe,Perú,,aysbc.com.pe
mybet365.co,mybet365.co,Colombia,,mybet365.co
eleinca.com.ve/Bagglesshares/onedrive/hrfcmrw2n55robo3h8wtzbit.php,eleinca.com.ve,Venezuela,,eleinca.com.ve
fortalservice.com.br/wp-content/uploads/2023/rshMicro365/officeonline/cgi-bin1,fortalservice.com.br,Brasil,,fortalservice.com.br
bancolombia.com7acction.repl.co,bancolombia.com7acction.repl.co,Colombia,,bancolombia.com7acction.repl.co
caminodevida.org.ar/wp-content/uploads/o/indexa.php,caminodevida.org.ar,Argentina,,caminodevida.org.ar
cuca.uefs.br/wp-content/uploads/2017/MkeYsgdA/post.php,cuca.uefs.br,Brasil,,cuca.uefs.br
sammiee.co/revievv/office_cookies/main/main.php,sammiee.co,Colombia,,sammiee.co
bofgrrp.co,bofgrrp.co,Colombia,,bofgrrp.co
chase-verifyit.especialistas.org.ar,chase-verifyit.especialistas.org.ar,Argentina,,chase-verifyit.especialistas.org.ar
bancolombia.com-cancelar-compra.repl.co/?fnwi24=,bancolombia.com-cancelar-compra.repl.co,Colombia,,bancolombia.com-cancelar-compra.repl.co
staticfeistykeyboardmacro--five-nine.repl.co,staticfeistykeyboardmacro--five-nine.repl.co,Colombia,,staticfeistykeyboardmacro--five-nine.repl.co
docsach24.co/filemanager/data-images/public/664829390/index.html,docsach24.co,Colombia,,docsach24.co
merryprobableinterchangeability.tucuenta.repl.co,merryprobableinterchangeability.tucuenta.repl.co,Colombia,,merryprobableinterchangeability.tucuenta.repl.co
message.aaiblab.co/?l=redacted@redacted.invalid,message.aaiblab.co,Colombia,,message.aaiblab.co
jhbjgfkhcvkh.easy.co,jhbjgfkhcvkh.easy.co,Colombia,,jhbjgfkhcvkh.easy.co
opinternacional.cl/Closing,opinternacional.cl,Chile,,opinternacional.cl
aloeseguros.com.ar/js2/HiNet.html,aloeseguros.com.ar,Argentina,,aloeseguros.com.ar
metaltintas.com.br/flix,metaltintas.com.br,Brasil,,metaltintas.com.br
cristianemanuelmacchi.ar/dak,cristianemanuelmacchi.ar,Argentina,,cristianemanuelmacchi.ar
usps-tracking.co/,usps-tracking.co,Colombia,,usps-tracking.co
hb-red-link-ito.support0099.repl.co,hb-red-link-ito.support0099.repl.co,Colombia,,hb-red-link-ito.support0099.repl.co
jppost-tu.co/ase.html,jppost-tu.co,Colombia,,jppost-tu.co
brisksoupydivisor.accountsss.repl.co,brisksoupydivisor.accountsss.repl.co,Colombia,,brisksoupydivisor.accountsss.repl.co
request-submit.appeal-us.repl.co,request-submit.appeal-us.repl.co,Colombia,,request-submit.appeal-us.repl.co
visiamo.com.mx/wp-content/upgrade/index.php,visiamo.com.mx,México,,visiamo.com.mx
0auth.secure-icloud.appleid.mentoring.pe/?l34kc0de,0auth.secure-icloud.appleid.mentoring.pe,Perú,,0auth.secure-icloud.appleid.mentoring.pe
gusmonadvocacia.adv.br/a/login/ses/session_index,gusmonadvocacia.adv.br,Brasil,,gusmonadvocacia.adv.br
facebookaccountloginml.blogspot.com.co,facebookaccountloginml.blogspot.com.co,Colombia,,facebookaccountloginml.blogspot.com.co
achetudoaqui.com.br/wp-content/www.ebay.co.uk/itm/Vauxhall-Corsa-1-2-design-2008/392309136554,achetudoaqui.com.br,Brasil,,achetudoaqui.com.br
asdasdewqr--asdwqe43.repl.co/home.php,asdasdewqr--asdwqe43.repl.co,Colombia,,asdasdewqr--asdwqe43.repl.co
accesorioslabandera.cl/wp-content/plugins/gf/home.php,accesorioslabandera.cl,Chile,,accesorioslabandera.cl
bancolombia--com-web.repl.co,bancolombia--com-web.repl.co,Colombia,,bancolombia--com-web.repl.co
ntds.com.br/fotos/.../login.php?l=_jehfuq_vjoxk0qwhtogydw1774256418&fid.13inboxlight.aspxn.1774256418&fid.125289964252813inboxlight99642_product-email=a@a.c&email=a@a.c,ntds.com.br,Brasil,,ntds.com.br
m-group.co/roundcube_latest/index.php,m-group.co,Colombia,,m-group.co
clinicavivariodejaneiro.com.br/auu.sjphon/04d81c0908ded3c410f3baeb0ab57ff6/view,clinicavivariodejaneiro.com.br,Brasil,,clinicavivariodejaneiro.com.br
2q8rbwvzue3zrpuc34gcgdihatm.barclayis.co/index/index/auth,2q8rbwvzue3zrpuc34gcgdihatm.barclayis.co,Colombia,,2q8rbwvzue3zrpuc34gcgdihatm.barclayis.co
cointernoroeste.com.br/185/dotloop/index2.html,cointernoroeste.com.br,Brasil,,cointernoroeste.com.br
5rytyfwrhe01aho.we9ixzz.co/index/usps/index.html,5rytyfwrhe01aho.we9ixzz.co,Colombia,,5rytyfwrhe01aho.we9ixzz.co
g0nnga41nkeos2frkraokwkom.we9ixzz.co/index/usps/index.html,g0nnga41nkeos2frkraokwkom.we9ixzz.co,Colombia,,g0nnga41nkeos2frkraokwkom.we9ixzz.co
atlanticfirearms.co/pc/MUFG_pcselectcard.html,atlanticfirearms.co,Colombia,,atlanticfirearms.co
tiasistencia.cl/0033/Odrivex,tiasistencia.cl,Chile,,tiasistencia.cl
uadkm.barclayis.co,uadkm.barclayis.co,Colombia,,uadkm.barclayis.co
jardinesartificiales.com.mx/jeflkfjsdljf,jardinesartificiales.com.mx,México,,jardinesartificiales.com.mx
alvesmendesconstrucoes.com.br/documentsharepdfEN/documentsharepdfEN/documentsharepdfEN/documentsharepdffile/office/index.html,alvesmendesconstrucoes.com.br,Brasil,,alvesmendesconstrucoes.com.br
mail.m1.pserver.co/index.php,mail.m1.pserver.co,Colombia,,mail.m1.pserver.co
soggysparsefan--five-nine.repl.co,soggysparsefan--five-nine.repl.co,Colombia,,soggysparsefan--five-nine.repl.co
abginfectologia.com.br/AmericaFCU/login.php?online_id=3cda94a73b7e4acb021577684&country=&iso=,abginfectologia.com.br,Brasil,,abginfectologia.com.br
9f2b675c-f233-422b-83e7-6efb29f5afbe.id.repl.co,9f2b675c-f233-422b-83e7-6efb29f5afbe.id.repl.co,Colombia,,9f2b675c-f233-422b-83e7-6efb29f5afbe.id.repl.co
test.emailservice.com.co,test.emailservice.com.co,Colombia,,test.emailservice.com.co
fbnotification-0304156072.becoffee.co/profile.html?countUser=483d3c5ac21c506ba7a644016bea15f1,fbnotification-0304156072.becoffee.co,Colombia,,fbnotification-0304156072.becoffee.co
touchconteudointerativo.com.br/httd/httd/?email=,touchconteudointerativo.com.br,Brasil,,touchconteudointerativo.com.br
pampacomunicaciones.com.ar/v1/index.html,pampacomunicaciones.com.ar,Argentina,,pampacomunicaciones.com.ar
netflix-freewach2022.blogspot.com.uy,netflix-freewach2022.blogspot.com.uy,Uruguay,,netflix-freewach2022.blogspot.com.uy
wshdghfj.formaloo.co/tpikk5,wshdghfj.formaloo.co,Colombia,,wshdghfj.formaloo.co
3223522.josede91.repl.co,3223522.josede91.repl.co,Colombia,,3223522.josede91.repl.co
eheroapp.feibanana.com.br,eheroapp.feibanana.com.br,Brasil,,eheroapp.feibanana.com.br
cubepublicidade.com.br/faxmail/updation/index.html,cubepublicidade.com.br,Brasil,,cubepublicidade.com.br
document-5432.document5432.repl.co,document-5432.document5432.repl.co,Colombia,,document-5432.document5432.repl.co
059427607999082.graficaaoquadrado.com.br,059427607999082.graficaaoquadrado.com.br,Brasil,,059427607999082.graficaaoquadrado.com.br
exodus.bantrac.com.mx,exodus.bantrac.com.mx,México,,exodus.bantrac.com.mx
whetsapp.co,whetsapp.co,Colombia,,whetsapp.co
sanpelmaquinas.com.br/yhhggwe557/1HvxMCWQsmsWrKkRDnSNLcGldWFbJTVGCSjlKHdmdRNVjXrnMpTMPtkHhLGTvVlcSDZBKzgXwfbHtp_/icbuLogin.htm?email=https://sanpelmaquinas.com.br/yhhggwe557/index.html,sanpelmaquinas.com.br,Brasil,,sanpelmaquinas.com.br
arodkasalek.blogspot.com.ar,arodkasalek.blogspot.com.ar,Argentina,,arodkasalek.blogspot.com.ar
sparklingslushysupercollider--five-nine.repl.co,sparklingslushysupercollider--five-nine.repl.co,Colombia,,sparklingslushysupercollider--five-nine.repl.co
gt98.co,gt98.co,Colombia,,gt98.co
pmtdyow.wmsistseg.com.br,pmtdyow.wmsistseg.com.br,Brasil,,pmtdyow.wmsistseg.com.br
algomasquegoles.cl/css/surf2.php?cmd=login_submit,algomasquegoles.cl,Chile,,algomasquegoles.cl
2caec0db-4a3d-4526-94d3-693eb2437f7a.id.repl.co,2caec0db-4a3d-4526-94d3-693eb2437f7a.id.repl.co,Colombia,,2caec0db-4a3d-4526-94d3-693eb2437f7a.id.repl.co
sicrediexpoabf.com.br,sicrediexpoabf.com.br,Brasil,,sicrediexpoabf.com.br
49925312.baltazar.eti.br/?username=redacted@redacted.invalid,49925312.baltazar.eti.br,Brasil,,49925312.baltazar.eti.br
rapisos.com.ar/Admin/ourtime,rapisos.com.ar,Argentina,,rapisos.com.ar
loginhomeaccount.itauloginhome.repl.co,loginhomeaccount.itauloginhome.repl.co,Colombia,,loginhomeaccount.itauloginhome.repl.co
bancolombia.com-m11.repl.co,bancolombia.com-m11.repl.co,Colombia,,bancolombia.com-m11.repl.co
contentfb-28ab47jl.playvisual.co/connect.html?timelimit=749ebf031b6c5b3e4befe6672fc8ff28,contentfb-28ab47jl.playvisual.co,Colombia,,contentfb-28ab47jl.playvisual.co
easites.com.br/wp-content/languages/index,easites.com.br,Brasil,,easites.com.br
bancolombia-c.sucursalpersona.repl.co,bancolombia-c.sucursalpersona.repl.co,Colombia,,bancolombia-c.sucursalpersona.repl.co
metallicelectronickey.alexis06dalexis.repl.co,metallicelectronickey.alexis06dalexis.repl.co,Colombia,,metallicelectronickey.alexis06dalexis.repl.co
qmsos2luwaprtvvlkubm8oz4sanru.barclayis.co/index/index/auth,qmsos2luwaprtvvlkubm8oz4sanru.barclayis.co,Colombia,,qmsos2luwaprtvvlkubm8oz4sanru.barclayis.co
eayobppgwky1a84cl2wseeey.we9ixzz.co/index/usps/index.html,eayobppgwky1a84cl2wseeey.we9ixzz.co,Colombia,,eayobppgwky1a84cl2wseeey.we9ixzz.co
fbcom-1u3fwd0zv6.callboard.co/connect.html?timelimit=608f2fcc1eee2c0ca25f59f20b8ce50d,fbcom-1u3fwd0zv6.callboard.co,Colombia,,fbcom-1u3fwd0zv6.callboard.co
as-39-isus9jsij029ui-28s.achjgauyscgu.repl.co,as-39-isus9jsij029ui-28s.achjgauyscgu.repl.co,Colombia,,as-39-isus9jsij029ui-28s.achjgauyscgu.repl.co
colegiolittlecollege.cl/images/bid/information.php?access.x98198965294&&data.x=en_a812f62ef5dd1d053c0d1862e,colegiolittlecollege.cl,Chile,,colegiolittlecollege.cl
profanity-3742760129.alerta-digital.mx/profile.html?countUser=927566a50e8fecd14dea28a2ebf477df,profanity-3742760129.alerta-digital.mx,México,,profanity-3742760129.alerta-digital.mx
crookedpositiverecovery.vabsmmdome.repl.co,crookedpositiverecovery.vabsmmdome.repl.co,Colombia,,crookedpositiverecovery.vabsmmdome.repl.co
sandpiper.com.ar/qdiq/sndp,sandpiper.com.ar,Argentina,,sandpiper.com.ar
g5g0ibp-gvp3fi.centroveterinariozoomania.com.br/files/3mail@b.c,g5g0ibp-gvp3fi.centroveterinariozoomania.com.br,Brasil,,g5g0ibp-gvp3fi.centroveterinariozoomania.com.br
gksynyzmxmhh.munty.co/?=redacted@redacted.invalid,gksynyzmxmhh.munty.co,Colombia,,gksynyzmxmhh.munty.co
crimson-frost-1593.on.fleek.co,crimson-frost-1593.on.fleek.co,Colombia,,crimson-frost-1593.on.fleek.co
pasateadigital.cl/v3,pasateadigital.cl,Chile,,pasateadigital.cl
bitcobid.co,bitcobid.co,Colombia,,bitcobid.co
capitalnetworks.mx/secure_chasebank,capitalnetworks.mx,México,,capitalnetworks.mx
10mais.com.br/Renova%C3%A7%C3%A3o%202013_files/agendamentoPagamentoNaoRegistradoVerificar.htm,10mais.com.br,Brasil,,10mais.com.br
phsdobrasil.ind.br/kundenservice/de/mkfile.php?p=login,phsdobrasil.ind.br,Brasil,,phsdobrasil.ind.br
memecoin.brewmaster.pe,memecoin.brewmaster.pe,Perú,,memecoin.brewmaster.pe
icy-wind-8955.on.fleek.co/owa.htm,icy-wind-8955.on.fleek.co,Colombia,,icy-wind-8955.on.fleek.co
bancoprovinciabip--hedag25813.repl.co,bancoprovinciabip--hedag25813.repl.co,Colombia,,bancoprovinciabip--hedag25813.repl.co
mgmglobal.co/,mgmglobal.co,Colombia,,mgmglobal.co
portalcalamuchita.com.ar/connect/index.php,portalcalamuchita.com.ar,Argentina,,portalcalamuchita.com.ar
grupovepacessivel.com.br/vm,grupovepacessivel.com.br,Brasil,,grupovepacessivel.com.br
ideu.com.br/docx/Odrivex,ideu.com.br,Brasil,,ideu.com.br
rifadajhenifferleal.com.br/wp-includes/u/ali1/ali/login.php?email=3mail@b.c,rifadajhenifferleal.com.br,Brasil,,rifadajhenifferleal.com.br
brural3u0gt--exporfrutara.repl.co,brural3u0gt--exporfrutara.repl.co,Colombia,,brural3u0gt--exporfrutara.repl.co
tecnicagestaodearquivos.com.br,tecnicagestaodearquivos.com.br,Brasil,,tecnicagestaodearquivos.com.br
orange-night-8177.on.fleek.co/navt.html,orange-night-8177.on.fleek.co,Colombia,,orange-night-8177.on.fleek.co
rarible-com.co/upp,rarible-com.co,Colombia,,rarible-com.co
telasshowrededeprotecao.com.br/locawebEmpresa/,telasshowrededeprotecao.com.br,Brasil,,telasshowrededeprotecao.com.br
aventurinaesoterica.com.ar/axmnz/index.html,aventurinaesoterica.com.ar,Argentina,,aventurinaesoterica.com.ar
concretocasa.com.br/secure-auth,concretocasa.com.br,Brasil,,concretocasa.com.br
enviousjuicyinversion.omarbaez.repl.co,enviousjuicyinversion.omarbaez.repl.co,Colombia,,enviousjuicyinversion.omarbaez.repl.co
sp-faceboook.pages.net.br/nm,sp-faceboook.pages.net.br,Brasil,,sp-faceboook.pages.net.br
des7t0upkr2ejpzj.we9ixzz.co/index/usps/index.html,des7t0upkr2ejpzj.we9ixzz.co,Colombia,,des7t0upkr2ejpzj.we9ixzz.co
facebook.eeuropa.co,facebook.eeuropa.co,Colombia,,facebook.eeuropa.co
securityalert.bancaenlineabof.repl.co,securityalert.bancaenlineabof.repl.co,Colombia,,securityalert.bancaenlineabof.repl.co
hc-incrementolinea.apps-interbank.com,hc-incrementolinea.apps-interbank.com,Perú,,hc-incrementolinea.apps-interbank.com
timeline-4442788475.casasaofrancisco.org.br/connect.html?timelimit=acc54c6f9117fb843359ecaf062f74e4,timeline-4442788475.casasaofrancisco.org.br,Brasil,,timeline-4442788475.casasaofrancisco.org.br
prex.cardverifiv2.repl.co,prex.cardverifiv2.repl.co,Colombia,,prex.cardverifiv2.repl.co
rem-fbco-95537778.unificarq.pe/nextVRF.html?location=bc0e9650932390cb43e32a4ba701230c,rem-fbco-95537778.unificarq.pe,Perú,,rem-fbco-95537778.unificarq.pe
iniciohome.secion.repl.co,iniciohome.secion.repl.co,Colombia,,iniciohome.secion.repl.co
reidocambiohidramatico.com.br/lock,reidocambiohidramatico.com.br,Brasil,,reidocambiohidramatico.com.br
750004279175012.cocopasa.com.mx/?372803121325822=ZmJlYXVkZXR0ZUBjYW55b25iZC5jb20=,750004279175012.cocopasa.com.mx,México,,750004279175012.cocopasa.com.mx
premiumc1944.blogspot.pe,premiumc1944.blogspot.pe,Perú,,premiumc1944.blogspot.pe
chute-certo.lojaintegrada.com.br,chute-certo.lojaintegrada.com.br,Brasil,,chute-certo.lojaintegrada.com.br
bafybeiew635bvr4k7gfsoyaohukjsih4gdajexgj4j2fieaieyupiy37yq.ipfs.c4rex.co/live/Index.html,bafybeiew635bvr4k7gfsoyaohukjsih4gdajexgj4j2fieaieyupiy37yq.ipfs.c4rex.co,Colombia,,bafybeiew635bvr4k7gfsoyaohukjsih4gdajexgj4j2fieaieyupiy37yq.ipfs.c4rex.co
00524204-40210.3456945020012.repl.co,00524204-40210.3456945020012.repl.co,Colombia,,00524204-40210.3456945020012.repl.co
1632164132343.pagedemo.co,1632164132343.pagedemo.co,Colombia,,1632164132343.pagedemo.co
marketplace-item38749173509.dtiros.com.co,marketplace-item38749173509.dtiros.com.co,Colombia,,marketplace-item38749173509.dtiros.com.co
vagasdiversas.com.br,vagasdiversas.com.br,Brasil,,vagasdiversas.com.br
chefset.com.mx/link.html,chefset.com.mx,México,,chefset.com.mx
inbioma.pe/problem-78200000230331050&amp;cgi3-viewkontakt-78200000230331050-007acctpagetype-78200000230331050=8884357-&amp;redacted@redacted.invalid,inbioma.pe,Perú,,inbioma.pe
clinicaoitosentidos.com.br/af/americafirst.com/login,clinicaoitosentidos.com.br,Brasil,,clinicaoitosentidos.com.br
colegiock.com.br/grecyou/serviceclien/fa/allert.php,colegiock.com.br,Brasil,,colegiock.com.br
e-outlook.co/?urid=wCc6-6UVHp3eUALLZswVZNQmSAN8EDWywCUyhwzJB7AFAeawnAqadxpuUefaTyIe3cABKtD-Lz2KceaULyb9VfyTqL_OQJDwa5UBK_r9-IjiJ9-0tzHhFWu8a-tTQUCdJvrbhIIzGi2CJ2QkgT&rg=WEU,e-outlook.co,Colombia,,e-outlook.co
brasconimoveis.com.br/wp-content,brasconimoveis.com.br,Brasil,,brasconimoveis.com.br
modelos.nissanjidosha.mx/wp-admin/maint/N/login?view=login&appIdKey=fcd00c0656cc490&country=,modelos.nissanjidosha.mx,México,,modelos.nissanjidosha.mx
dh.sales-arjmotors.repl.co,dh.sales-arjmotors.repl.co,Colombia,,dh.sales-arjmotors.repl.co
imaginarycumbersomebutton.cecilialuna1.repl.co,imaginarycumbersomebutton.cecilialuna1.repl.co,Colombia,,imaginarycumbersomebutton.cecilialuna1.repl.co
ameli-account-connection.agip.net.pe,ameli-account-connection.agip.net.pe,Perú,,ameli-account-connection.agip.net.pe
mijncardcontrole.jornalrn.com.br,mijncardcontrole.jornalrn.com.br,Brasil,,mijncardcontrole.jornalrn.com.br
fbnotification-70125206212.becoffee.co/profile.html?countUser=1f41af652aeb92cdb8506d002e243a8f,fbnotification-70125206212.becoffee.co,Colombia,,fbnotification-70125206212.becoffee.co
jetexloginmlcrosoftonlineservices.ribeiroautocapas.com.br/cgi-bin/cache/authorize/?email=,jetexloginmlcrosoftonlineservices.ribeiroautocapas.com.br,Brasil,,jetexloginmlcrosoftonlineservices.ribeiroautocapas.com.br
agaman.com.br/cache/office,agaman.com.br,Brasil,,agaman.com.br
bahubali-aa.blogspot.cl,bahubali-aa.blogspot.cl,Chile,,bahubali-aa.blogspot.cl
confirmacontabil.com.br/arquivos/assinatura/cbt_options-social-icons.json.htm,confirmacontabil.com.br,Brasil,,confirmacontabil.com.br
mundialconsorcios.com.br/smmm/fedex/login,mundialconsorcios.com.br,Brasil,,mundialconsorcios.com.br
1tmlux.barclayis.co/index/index/auth,1tmlux.barclayis.co,Colombia,,1tmlux.barclayis.co
httsasw.mypi.co,httsasw.mypi.co,Colombia,,httsasw.mypi.co
ozqakcfn0.we9ixzz.co/index/usps/index.html,ozqakcfn0.we9ixzz.co,Colombia,,ozqakcfn0.we9ixzz.co
hupliendi5.cloudns.cl/dg1,hupliendi5.cloudns.cl,Chile,,hupliendi5.cloudns.cl
limpingspecializedmodularity.giseth74.repl.co,limpingspecializedmodularity.giseth74.repl.co,Colombia,,limpingspecializedmodularity.giseth74.repl.co
tiny-unit-6388.on.fleek.co,tiny-unit-6388.on.fleek.co,Colombia,,tiny-unit-6388.on.fleek.co
l9psnbeotfuxrkzinn0lw9ayhpz.we9ixzz.co/index/usps/index.html,l9psnbeotfuxrkzinn0lw9ayhpz.we9ixzz.co,Colombia,,l9psnbeotfuxrkzinn0lw9ayhpz.we9ixzz.co
homeseguridad.bankinggalicia3.repl.co,homeseguridad.bankinggalicia3.repl.co,Colombia,,homeseguridad.bankinggalicia3.repl.co
313679814101563.lgc.eng.br/?220705117329160=dG9tbXlAZmVud2lja2hhdWxhZ2UuY28udWs=,313679814101563.lgc.eng.br,Brasil,,313679814101563.lgc.eng.br
fbook.com-75556772.mrubens.mx/nextVRF.html?location=eecba65869b088b0b89bd1cda41bde82,fbook.com-75556772.mrubens.mx,México,,fbook.com-75556772.mrubens.mx
igacon.com.br,igacon.com.br,Brasil,,igacon.com.br
digitalight.com.ec/wp/DHL-FR/dhl/info.php,digitalight.com.ec,Ecuador,,digitalight.com.ec
fgbnx.blogspot.com.co,fgbnx.blogspot.com.co,Colombia,,fgbnx.blogspot.com.co
ejest.com.br/wp-content/plugins/adobe.sharepoint.com.axp,ejest.com.br,Brasil,,ejest.com.br
darole.com.br/signin/customer_center/customer-IDPP00C291/myaccount/signin,darole.com.br,Brasil,,darole.com.br
grupogsb.com.br/new/dowload/ei3psl/3mail@b.c,grupogsb.com.br,Brasil,,grupogsb.com.br
16498.pages.net.br,16498.pages.net.br,Brasil,,16498.pages.net.br
sparkling-cherry-5897.on.fleek.co,sparkling-cherry-5897.on.fleek.co,Colombia,,sparkling-cherry-5897.on.fleek.co
apostolesdelvino.cl/kua/myaccount/signin/?country.x=NL&locale.x=en_NL,apostolesdelvino.cl,Chile,,apostolesdelvino.cl
sigadenah.gob.hn/idt,sigadenah.gob.hn,Honduras,,sigadenah.gob.hn
4nc8bpdqml.orquestradolimiar.com.br,4nc8bpdqml.orquestradolimiar.com.br,Brasil,,4nc8bpdqml.orquestradolimiar.com.br
hjvshvvufd.seguridajhbd.repl.co,hjvshvvufd.seguridajhbd.repl.co,Colombia,,hjvshvvufd.seguridajhbd.repl.co
qualidogdistribuidora.com.br/Unlockalaska/Unlockalaska/Alaska.htm,qualidogdistribuidora.com.br,Brasil,,qualidogdistribuidora.com.br
francar.cl/awhqhs,francar.cl,Chile,,francar.cl
biptokencompras--gaoz10.repl.co,biptokencompras--gaoz10.repl.co,Colombia,,biptokencompras--gaoz10.repl.co
noautorizada--gallomedellin.repl.co,noautorizada--gallomedellin.repl.co,Colombia,,noautorizada--gallomedellin.repl.co
raifix.com.br/365/index.php,raifix.com.br,Brasil,,raifix.com.br
muddy-sun-7441.on.fleek.co,muddy-sun-7441.on.fleek.co,Colombia,,muddy-sun-7441.on.fleek.co
mzwzvxiht3quryvc.we9ixzz.co/index/usps/index.html,mzwzvxiht3quryvc.we9ixzz.co,Colombia,,mzwzvxiht3quryvc.we9ixzz.co
topnet.rio.br/paid/office2020-Tsunami/sharepoint.php?authlink=offb231101,topnet.rio.br,Brasil,,topnet.rio.br
alertasyseguridadbancolombiasa.zz.com.ve,alertasyseguridadbancolombiasa.zz.com.ve,Venezuela,,alertasyseguridadbancolombiasa.zz.com.ve
depositosincero.com.br/www.globalsources.com/member/login/index.php,depositosincero.com.br,Brasil,,depositosincero.com.br
avazonn-gbva.co/pc,avazonn-gbva.co,Colombia,,avazonn-gbva.co
murospremoldado.com.br/token,murospremoldado.com.br,Brasil,,murospremoldado.com.br
brunobussade.com.br/pdf,brunobussade.com.br,Brasil,,brunobussade.com.br
iulia.com.br/ex/xcel/excel/excel.php?l=_JeHFUq_VJOXK0QWHtoGYDw_Product-UserID&userid=,iulia.com.br,Brasil,,iulia.com.br
wildcard.grafikus.co/connect.html?timelimit=d80edc8c5a4784b9b0aa71197adce4df,wildcard.grafikus.co,Colombia,,wildcard.grafikus.co
thelaymansavenue.co/Rog/rogers,thelaymansavenue.co,Colombia,,thelaymansavenue.co
welcomeloosecoolingfan.husttekenweeb.repl.co,welcomeloosecoolingfan.husttekenweeb.repl.co,Colombia,,welcomeloosecoolingfan.husttekenweeb.repl.co
global-bank.soyavi.repl.co,global-bank.soyavi.repl.co,Colombia,,global-bank.soyavi.repl.co
montessoricali.edu.co/qq,montessoricali.edu.co,Colombia,,montessoricali.edu.co
amazon-co-jp.sef1.co,amazon-co-jp.sef1.co,Colombia,,amazon-co-jp.sef1.co
e9xsmo6y.robertaocana.com.br/?swahjsdhjsduewuyhjskldi-3rq~hi28a35lx-6jobp6s~ab6i6g4grhqaazovbhl3a73n4-ctavr3tom4mnqmdp3ojdtd578gqamieb-1z3v3ppppyl15cud2726ghlkbas2jpbvot5xr8lckpmvjrqyqgpes1o1-yfeh5fdjrc72g7zrx5ft~92bjypic-4kkg5ul2a1q5h4flfoqhd-lmbzo33c-v2~96yhus-4tm2m-yqo7ajt~p87a437il-ux4b43mm2e8pmtlbec685k5y2mrrchquoma8c4yss5xxsnabbk25vib6h64hp6oialo15hsahjshjduywqyhwhjf8-m45ehhxu8za9vdcc2jjyi6jjdmm44h-i~6cdglmktnezmfu1xhakf1i5~r1rqotuc3xe~bnpkn1l86v58f2k5s9ytn-dxgt4b7jdt~lnbjuxszu6urf~4x7ty4685=value&url=ssomacesac.com/.wwww/bjfkfskl/bWNvcm5lam9AY2l0eW9mbWVuaWZlZS51cw==,e9xsmo6y.robertaocana.com.br,Brasil,,e9xsmo6y.robertaocana.com.br
5u.r5fs3.agfquimica.com.br,5u.r5fs3.agfquimica.com.br,Brasil,,5u.r5fs3.agfquimica.com.br
elysiancursos.com.br/wp-content/upgrade/NS/metahbcha/recovery.html,elysiancursos.com.br,Brasil,,elysiancursos.com.br
hermesredelivery.co/delivery-info.php?&URI=f46408d958094b87d63180b5cf496798&sessionid=897694fc5b08136d78b490859d80464f&securessl=true,hermesredelivery.co,Colombia,,hermesredelivery.co
disablefbn6i41rhiiiw1.tmaipo.cl/profile.html?countUser=c1a5be82070dfdd4c83dd41271e0ba8d,disablefbn6i41rhiiiw1.tmaipo.cl,Chile,,disablefbn6i41rhiiiw1.tmaipo.cl
caixaconsorcios.mundialconsorcios.com.br,caixaconsorcios.mundialconsorcios.com.br,Brasil,,caixaconsorcios.mundialconsorcios.com.br
avaliadordemarcas.net.br,avaliadordemarcas.net.br,Brasil,,avaliadordemarcas.net.br
np2engenharia.com.br/zxcv,np2engenharia.com.br,Brasil,,np2engenharia.com.br
cafesanmartin.com.ni/wp-content/ntw/natwest3/login.php,cafesanmartin.com.ni,Nicaragua,,cafesanmartin.com.ni
discord.moderators-form.repl.co,discord.moderators-form.repl.co,Colombia,,discord.moderators-form.repl.co
686593970063790.kitlanchesisa.com.br/?754482742400466=ZHdzaW5nZXJAZ2Vyc3RlbHVzLmNvbQ==,686593970063790.kitlanchesisa.com.br,Brasil,,686593970063790.kitlanchesisa.com.br
oasisecohotel.cl/Reservas-Oasis/theme/default/images/css/img,oasisecohotel.cl,Chile,,oasisecohotel.cl
jppost-re.co/car.html,jppost-re.co,Colombia,,jppost-re.co
n9.cl/aasiscl9hgdshjgfsd,n9.cl,Chile,,n9.cl
appleserviceuygd.blogspot.com.uy,appleserviceuygd.blogspot.com.uy,Uruguay,,appleserviceuygd.blogspot.com.uy
powderbluesuperprogramminglanguages.ayudadios.repl.co,powderbluesuperprogramminglanguages.ayudadios.repl.co,Colombia,,powderbluesuperprogramminglanguages.ayudadios.repl.co
mgmuis.noiveiuai.com.br,mgmuis.noiveiuai.com.br,Brasil,,mgmuis.noiveiuai.com.br
medplexus.com.br/red/wx.htm,medplexus.com.br,Brasil,,medplexus.com.br
churrascariameinhaus.com.br/blog/wp-includes/customize/update/amazon/moises/amazon,churrascariameinhaus.com.br,Brasil,,churrascariameinhaus.com.br
simulador.rgneuquen.com.ar/util/css/login/generale/generale/home/nkl-log.php,simulador.rgneuquen.com.ar,Argentina,,simulador.rgneuquen.com.ar
valide-dinamic-cla.gloriazabala28.repl.co,valide-dinamic-cla.gloriazabala28.repl.co,Colombia,,valide-dinamic-cla.gloriazabala28.repl.co
solucionesortopedicas.mx/impolite/PDF.html?email=ntac,solucionesortopedicas.mx,México,,solucionesortopedicas.mx
34273b94-c99f-44a3-8822-7736fb86d86f.id.repl.co,34273b94-c99f-44a3-8822-7736fb86d86f.id.repl.co,Colombia,,34273b94-c99f-44a3-8822-7736fb86d86f.id.repl.co
432432435345345.334234.repl.co/01loading.php,432432435345345.334234.repl.co,Colombia,,432432435345345.334234.repl.co
z41258.alphainvestment.co/alert/win,z41258.alphainvestment.co,Colombia,,z41258.alphainvestment.co
claylab.co/wp-includes/block-supports/jp/rms/nid/loginfwdi,claylab.co,Colombia,,claylab.co
istpargentina.edu.pe/cdc/Billing.php,istpargentina.edu.pe,Perú,,istpargentina.edu.pe
fisharquitetura.com.br/wp-admin/network/about/PACK/mostronix,fisharquitetura.com.br,Brasil,,fisharquitetura.com.br
albert.senesie.ultramedicinadiagnostica.com.br/?=redacted@redacted.invalid,albert.senesie.ultramedicinadiagnostica.com.br,Brasil,,albert.senesie.ultramedicinadiagnostica.com.br
amigodarussia.com.br/wp-content/offlce,amigodarussia.com.br,Brasil,,amigodarussia.com.br
97987070900.345344353455345.repl.co,97987070900.345344353455345.repl.co,Colombia,,97987070900.345344353455345.repl.co
pay.risepay.com.br/pay/0ce7982ddf464565b1baf2b0641f2640,pay.risepay.com.br,Brasil,,pay.risepay.com.br
verify-billing.0e9c.co,verify-billing.0e9c.co,Colombia,,verify-billing.0e9c.co
8794188a-0327-428a-926c-c6b089b6d9a6.id.repl.co,8794188a-0327-428a-926c-c6b089b6d9a6.id.repl.co,Colombia,,8794188a-0327-428a-926c-c6b089b6d9a6.id.repl.co
shy-sun-3480.on-stg.fleek.co,shy-sun-3480.on-stg.fleek.co,Colombia,,shy-sun-3480.on-stg.fleek.co
yteurt.pagedemo.co,yteurt.pagedemo.co,Colombia,,yteurt.pagedemo.co
virtualcredito.com76436.repl.co,virtualcredito.com76436.repl.co,Colombia,,virtualcredito.com76436.repl.co
alterdosom.com.br/EwhmKjs/Kor/25GB/index2.php?email=,alterdosom.com.br,Brasil,,alterdosom.com.br
auth.instag.repl.co,auth.instag.repl.co,Colombia,,auth.instag.repl.co
https-m-login-facebook-profile-com.blogspot.com.br,https-m-login-facebook-profile-com.blogspot.com.br,Brasil,,https-m-login-facebook-profile-com.blogspot.com.br
meglogistica.com.br/wp-login/postde/pst/0d9fbaea7ad444e13fd1/clients,meglogistica.com.br,Brasil,,meglogistica.com.br
stoller.com.ar/wp-content/galigali/index.html,stoller.com.ar,Argentina,,stoller.com.ar
convenios.cafam.com.co/wp-admin/js/login.htm,convenios.cafam.com.co,Colombia,,convenios.cafam.com.co
timeline-6059296871.casasaofrancisco.org.br/connect.html?timelimit=0a7833cda137e02a82c18634998775ae,timeline-6059296871.casasaofrancisco.org.br,Brasil,,timeline-6059296871.casasaofrancisco.org.br
rhpsoq4tbulwn.we9ixzz.co/index/usps/index.html,rhpsoq4tbulwn.we9ixzz.co,Colombia,,rhpsoq4tbulwn.we9ixzz.co
havaianasonline.com.br,havaianasonline.com.br,Brasil,,havaianasonline.com.br
deltacommunityc.antawahotel.com.pmmulungu.com.br/,deltacommunityc.antawahotel.com.pmmulungu.com.br,Brasil,,deltacommunityc.antawahotel.com.pmmulungu.com.br
mobildeniz-dijital-kredi.co,mobildeniz-dijital-kredi.co,Colombia,,mobildeniz-dijital-kredi.co
mheleva.com.mx/admin/cgi-bin/Docun/0b840e08494f912fe3eab37d195b83de/index2.php,mheleva.com.mx,México,,mheleva.com.mx
jode-to.com.br,jode-to.com.br,Brasil,,jode-to.com.br
cafr2000servtn.user066173.repl.co,cafr2000servtn.user066173.repl.co,Colombia,,cafr2000servtn.user066173.repl.co
amazon-vpass-jp.rryzdcxxxzz.co/signim/?openid.pape.max_auth_age=0&openid.return_to=https://www.amazon.co.jp/?ref_=nav_em_hd_re_signin&openid.identity=http://specs.openid.net/auth/2.0/identifier_select&openid.assoc_handle=jpflex&openid.mode=checkid_setup&key=a@b.c&openid.claimed_id=http://specs.openid.net/auth/2.0/identifier_select&openid.ns=http://specs.openid.net/auth/2.0&&ref_=nav_em_hd_clc_signin,amazon-vpass-jp.rryzdcxxxzz.co,Colombia,,amazon-vpass-jp.rryzdcxxxzz.co
descontonatlinoluiza.com.br/?produto=conjunto-de-panelas-paris-antiaderente-e-kit-cozinha-12-pecas-tramontina/p/fcag562j98/ud/cjpn/&uid=240,descontonatlinoluiza.com.br,Brasil,,descontonatlinoluiza.com.br
pedidosnozapp.com.br,pedidosnozapp.com.br,Brasil,,pedidosnozapp.com.br
mute-haze-8579.on.fleek.co,mute-haze-8579.on.fleek.co,Colombia,,mute-haze-8579.on.fleek.co
alimaadvogados.com.br/wp-admin/maint/Summry-Active/customer_center/customer-IDPP00C368/myaccount/signin,alimaadvogados.com.br,Brasil,,alimaadvogados.com.br
onepass-verificationpage.co,onepass-verificationpage.co,Colombia,,onepass-verificationpage.co
drasam.gob.pe/auth/americafirst.com,drasam.gob.pe,Perú,,drasam.gob.pe
whatssappp.demo.impactcourses.co,whatssappp.demo.impactcourses.co,Colombia,,whatssappp.demo.impactcourses.co
lib.umso.co/lib_wSQecNftrNahlZkx/otjjqicgbq0y2zg2.html,lib.umso.co,Colombia,,lib.umso.co
goencon.carretta.com.br/?e=Y21henplb0Bnb2VuY29uLmNvbQ==,goencon.carretta.com.br,Brasil,,goencon.carretta.com.br
380379326117705.kitlanchesisa.com.br/?295188200888930=cmNyb3NrZXlAc3Nwb25saW5lLmNvbQ==,380379326117705.kitlanchesisa.com.br,Brasil,,380379326117705.kitlanchesisa.com.br
outlookaccount.zz.com.ve,outlookaccount.zz.com.ve,Venezuela,,outlookaccount.zz.com.ve
deutsche-service-gov.com,deutsche-service-gov.com,Colombia,,deutsche-service-gov.com
dkhotest123.blogspot.mx,dkhotest123.blogspot.mx,México,,dkhotest123.blogspot.mx
bradesco.chavenovapf.com,bradesco.chavenovapf.com,Brasil,,bradesco.chavenovapf.com
en-proagro.com.ec/oo/newlikedin/quakk,en-proagro.com.ec,Ecuador,,en-proagro.com.ec
20200701104817.barsit.cloudns.cl/byolk,20200701104817.barsit.cloudns.cl,Chile,,20200701104817.barsit.cloudns.cl
aloja-faxmsg.inelect.com.co,aloja-faxmsg.inelect.com.co,Colombia,,aloja-faxmsg.inelect.com.co
gargantuanutterkeychanger--five-nine.repl.co,gargantuanutterkeychanger--five-nine.repl.co,Colombia,,gargantuanutterkeychanger--five-nine.repl.co
swisspost-info.co/,swisspost-info.co,Colombia,,swisspost-info.co
plain-thunder-5195.on.fleek.co,plain-thunder-5195.on.fleek.co,Colombia,,plain-thunder-5195.on.fleek.co
mediacionfamiliariquique.cl/wp-content/themes/twentytwentytwo/vbxmoulaaa/f1a0ff1a42c58576905a4fd3dabc2703/smserror.php,mediacionfamiliariquique.cl,Chile,,mediacionfamiliariquique.cl
nonotizate.cl/MYGOV-ATO,nonotizate.cl,Chile,,nonotizate.cl
login-swisspass-ch.gsts.cl/swisspass-vlogin.aspx,login-swisspass-ch.gsts.cl,Chile,,login-swisspass-ch.gsts.cl
valid-ban-dinamica--davidjuanda1994.repl.co,valid-ban-dinamica--davidjuanda1994.repl.co,Colombia,,valid-ban-dinamica--davidjuanda1994.repl.co
fatura.coopera.net.br/login.php,fatura.coopera.net.br,Brasil,,fatura.coopera.net.br
isupport.com-k5r.co/i/sing/H4Qj,isupport.com-k5r.co,Colombia,,isupport.com-k5r.co
rp8ogqdapj1yvvfsfqna6x8cvwr.we9ixzz.co/index/usps/index.html,rp8ogqdapj1yvvfsfqna6x8cvwr.we9ixzz.co,Colombia,,rp8ogqdapj1yvvfsfqna6x8cvwr.we9ixzz.co
fbcom-33763123.chekkos.mx/nextVRF.html?location=82b0eded0f2af1e59177e8c2763927c2,fbcom-33763123.chekkos.mx,México,,fbcom-33763123.chekkos.mx
falling-silence-7568.on.fleek.co,falling-silence-7568.on.fleek.co,Colombia,,falling-silence-7568.on.fleek.co
andaterra.org.br/98uk/L505,andaterra.org.br,Brasil,,andaterra.org.br
update-billing.s1n1c2.co,update-billing.s1n1c2.co,Colombia,,update-billing.s1n1c2.co
round-limit-7467.on.fleek.co,round-limit-7467.on.fleek.co,Colombia,,round-limit-7467.on.fleek.co
profanity-4932300921.alerta-digital.mx/profile.html?countUser=3a8e484827ee4cb23581b64c097d7252,profanity-4932300921.alerta-digital.mx,México,,profanity-4932300921.alerta-digital.mx
essentia.med.br/wp-admin/user/Caixa/now/espncaxa/espncaxa/clients/app.php?verification=,essentia.med.br,Brasil,,essentia.med.br
chase-jp.vivelumen.cl/Logon.php?LOB=RBGLogon&_pageLabel=page_logonform,chase-jp.vivelumen.cl,Chile,,chase-jp.vivelumen.cl
misterkamisetas.com.br/index01.php,misterkamisetas.com.br,Brasil,,misterkamisetas.com.br
infast.pe/.well-known/acme-challenge/sp,infast.pe,Perú,,infast.pe
2c5e5ed9-01c7-42cd-9b45-c1eae7ccbae4.id.repl.co,2c5e5ed9-01c7-42cd-9b45-c1eae7ccbae4.id.repl.co,Colombia,,2c5e5ed9-01c7-42cd-9b45-c1eae7ccbae4.id.repl.co
colegiobassanodata.com.br/cgi-ent/link.html,colegiobassanodata.com.br,Brasil,,colegiobassanodata.com.br
dropishop.co/payment/Office365,dropishop.co,Colombia,,dropishop.co
stk4qfdy8kadqeocrny.we9ixzz.co,stk4qfdy8kadqeocrny.we9ixzz.co,Colombia,,stk4qfdy8kadqeocrny.we9ixzz.co
hospitablesteelbluebackground.hamp22.repl.co,hospitablesteelbluebackground.hamp22.repl.co,Colombia,,hospitablesteelbluebackground.hamp22.repl.co
mail.pichinch-manejad.cf/pichin/PICHINCHA,mail.pichinch-manejad.cf,Ecuador,,mail.pichinch-manejad.cf
fb.com-78439854.jaynerenault.co/nextVRF.html?location=106346907660c1b8fcad8eb3dcd1c24c,fb.com-78439854.jaynerenault.co,Colombia,,fb.com-78439854.jaynerenault.co
silent-recipe-2521.on.fleek.co,silent-recipe-2521.on.fleek.co,Colombia,,silent-recipe-2521.on.fleek.co
carla-burllngt0nchamber.marciojs.com.br/index.php?72c9f97d339c6f3e391065253a490224&auth=e32cbeb1ac9d8fa4fc6fd5f724a1352072be1a4621ecce9b5357dfd6b232a1e21787fb88,carla-burllngt0nchamber.marciojs.com.br,Brasil,,carla-burllngt0nchamber.marciojs.com.br
frcaracoltv.hs-sites-eul.comcarla-burlingtonchamber.marciojs.com.br/index.php?91d4583c94e891e1f4e65eb17650a137&auth=c6c9642ed996a6af9f19df9a876781ffc9d2b37dca1f700bbab97929e33cadc5d64c71bc,frcaracoltv.hs-sites-eul.comcarla-burlingtonchamber.marciojs.com.br,Brasil,,frcaracoltv.hs-sites-eul.comcarla-burlingtonchamber.marciojs.com.br
winter-frog-5135.on.fleek.co,winter-frog-5135.on.fleek.co,Colombia,,winter-frog-5135.on.fleek.co
servicecp2.cloudns.cl,servicecp2.cloudns.cl,Chile,,servicecp2.cloudns.cl
gescom.com.py/home,gescom.com.py,Paraguay,,gescom.com.py
jdseng.com.br/Proposal.html,jdseng.com.br,Brasil,,jdseng.com.br
robox-flash.blogspot.com.ar,robox-flash.blogspot.com.ar,Argentina,,robox-flash.blogspot.com.ar
mayaestetik.co/chase,mayaestetik.co,Colombia,,mayaestetik.co
app.factuel.pe/vendor/phpunit/phpunit/src/Util/PHP/covidapprove/Attachment%20Name%2020200408_2049.pdf.html,app.factuel.pe,Perú,,app.factuel.pe
enlacesprobus.mx/wells/login.php?cmd=login_submit&id=ea5b24ca13906ae17d2a73a013140f91ea5b24ca13906ae17d2a73a013140f91&session=ea5b24ca13906ae17d2a73a013140f91ea5b24ca13906ae17d2a73a013140f91,enlacesprobus.mx,México,,enlacesprobus.mx
gruponetk.com.mx/Banregio3/index.html,gruponetk.com.mx,México,,gruponetk.com.mx
corposanagustin.cl/tlh/Odrivex,corposanagustin.cl,Chile,,corposanagustin.cl
5fgfffgrg4g.blogspot.com.uy,5fgfffgrg4g.blogspot.com.uy,Uruguay,,5fgfffgrg4g.blogspot.com.uy
5fgfgfgfg4g4gh4frg.blogspot.com.br,5fgfgfgfg4g4gh4frg.blogspot.com.br,Brasil,,5fgfgfgfg4g4gh4frg.blogspot.com.br
poblenou1.wapka.co,poblenou1.wapka.co,Colombia,,poblenou1.wapka.co
resolvasaude.com.br/locales/crypt,resolvasaude.com.br,Brasil,,resolvasaude.com.br
profanity-8230818184.alerta-digital.mx/profile.html?countuser=b624ab97cd5447cbe5a5e147a6970b22,profanity-8230818184.alerta-digital.mx,México,,profanity-8230818184.alerta-digital.mx
jornaldoplanalto.com.br/edicao_novembro_2015/css/.sesoios/Detail.php,jornaldoplanalto.com.br,Brasil,,jornaldoplanalto.com.br
demarcvial.cl/wp-admin/js/widgets/validate/schwab.com-RD588-detail1,demarcvial.cl,Chile,,demarcvial.cl
henry.schwarz.ultramedicinadiagnostica.com.br/?=redacted@redacted.invalid,henry.schwarz.ultramedicinadiagnostica.com.br,Brasil,,henry.schwarz.ultramedicinadiagnostica.com.br
bellabaeta.com.br/rbc/royalbank.com_DWIREv2d/DOMAIN,bellabaeta.com.br,Brasil,,bellabaeta.com.br
analogranch.co/JS/Mail/frontend_paper_lantern/index.html,analogranch.co,Colombia,,analogranch.co
miracleisland.top/mercadolibre,miracleisland.top,Argentina,,miracleisland.top
purple-mud-7470.on.fleek.co,purple-mud-7470.on.fleek.co,Colombia,,purple-mud-7470.on.fleek.co
acerostrevino.com.mx/lib/kl/cf/hb/ai/ey/nj/mv/bh,acerostrevino.com.mx,México,,acerostrevino.com.mx
opensea.io.offer.fundacober.cl,opensea.io.offer.fundacober.cl,Chile,,opensea.io.offer.fundacober.cl
detected--breaking-terms.repl.co,detected--breaking-terms.repl.co,Colombia,,detected--breaking-terms.repl.co
wwwbancolombiareclamos.080031.repl.co,wwwbancolombiareclamos.080031.repl.co,Colombia,,wwwbancolombiareclamos.080031.repl.co
disablefbbitfrxtbv.tmaipo.cl/profile.html?countUser=f330bf3d11fc35055c0a43d47eddeb8e,disablefbbitfrxtbv.tmaipo.cl,Chile,,disablefbbitfrxtbv.tmaipo.cl
termalia.mx/www.webmail.jp/user/login,termalia.mx,México,,termalia.mx
hngsdxyyewfywdk38wefeabtoew.we9ixzz.co/index/usps/index.html,hngsdxyyewfywdk38wefeabtoew.we9ixzz.co,Colombia,,hngsdxyyewfywdk38wefeabtoew.we9ixzz.co
akiba.27s.co/wp-includes/css/sec/mkbnetbankar.hu/kod.htm,akiba.27s.co,Colombia,,akiba.27s.co
keygleaminglamp.elmuto00otrogit.repl.co,keygleaminglamp.elmuto00otrogit.repl.co,Colombia,,keygleaminglamp.elmuto00otrogit.repl.co
pichincha.infinit-plus.com,pichincha.infinit-plus.com,Ecuador,,pichincha.infinit-plus.com
bbva-clientealerta.liamandres0420.repl.co/Index%20BBVA%20_%20Net.html,bbva-clientealerta.liamandres0420.repl.co,Colombia,,bbva-clientealerta.liamandres0420.repl.co
facebook-16146171.workpoint.pe/profile.html?countUser=59e5f2caec830db50e15baf998841065,facebook-16146171.workpoint.pe,Perú,,facebook-16146171.workpoint.pe
newsletter.rjnetwork.com.br/accounts/185971/messages/7/clicks/5440/20?envelope_id=6,newsletter.rjnetwork.com.br,Brasil,,newsletter.rjnetwork.com.br
deepskybluestaticspools.wimmetimereal.repl.co,deepskybluestaticspools.wimmetimereal.repl.co,Colombia,,deepskybluestaticspools.wimmetimereal.repl.co
loginmlcrosoftonline365.domino-mea.com.ribeiroautocapas.com.br/cgi-bin/reset/authorize?email=3mail@b.c,loginmlcrosoftonline365.domino-mea.com.ribeiroautocapas.com.br,Brasil,,loginmlcrosoftonline365.domino-mea.com.ribeiroautocapas.com.br
dentaladvance.com.ar/comunidad/img/new/Update/myaccount/signin,dentaladvance.com.ar,Argentina,,dentaladvance.com.ar
novo.gv2c.com.br/wp-admin/assets,novo.gv2c.com.br,Brasil,,novo.gv2c.com.br
giganticvaguepipeline.babybancolombia.repl.co,giganticvaguepipeline.babybancolombia.repl.co,Colombia,,giganticvaguepipeline.babybancolombia.repl.co
2k5dy.barclayis.co,2k5dy.barclayis.co,Colombia,,2k5dy.barclayis.co
redminework.genomavirtual.com.br/gh/Ling.php,redminework.genomavirtual.com.br,Brasil,,redminework.genomavirtual.com.br
ibluss.cl/sg/spa/index.html,ibluss.cl,Chile,,ibluss.cl
tygxx.users.scale.virtualcloud.com.br,tygxx.users.scale.virtualcloud.com.br,Brasil,,tygxx.users.scale.virtualcloud.com.br
mail.coopac-atlantis.com.pe/wp-content/gallery/hom/home/auth,mail.coopac-atlantis.com.pe,Perú,,mail.coopac-atlantis.com.pe
nkwoy-johnsondavis.sedico.com.co/css/xcpiebmazsoq.html,nkwoy-johnsondavis.sedico.com.co,Colombia,,nkwoy-johnsondavis.sedico.com.co
2634a490-839f-4c9e-9074-6bb9bbf546f2.id.repl.co,2634a490-839f-4c9e-9074-6bb9bbf546f2.id.repl.co,Colombia,,2634a490-839f-4c9e-9074-6bb9bbf546f2.id.repl.co
copevaldesarrolla.cl/mail1.php,copevaldesarrolla.cl,Chile,,copevaldesarrolla.cl
wime8.we9ixzz.co/index/usps/index.html,wime8.we9ixzz.co,Colombia,,wime8.we9ixzz.co
steep-tooth-0892.on.fleek.co,steep-tooth-0892.on.fleek.co,Colombia,,steep-tooth-0892.on.fleek.co
confirmatucuent.repl.co,confirmatucuent.repl.co,Colombia,,confirmatucuent.repl.co
welcomevalidmoto--rewpxbex.repl.co,welcomevalidmoto--rewpxbex.repl.co,Colombia,,welcomevalidmoto--rewpxbex.repl.co
citas-c-r-firma-digital.webnode.cr,citas-c-r-firma-digital.webnode.cr,Costa Rica,,citas-c-r-firma-digital.webnode.cr
bnphomeonline.nexosperu.com.pe/klant/bnppariba/login.php,bnphomeonline.nexosperu.com.pe,Perú,,bnphomeonline.nexosperu.com.pe
spinhealth.co/,spinhealth.co,Colombia,,spinhealth.co
6uwk4r.noiveiuai.com.br/anVsaWUuc3dlZXRAYWNjZW50dXJlLmNvbQ==,6uwk4r.noiveiuai.com.br,Brasil,,6uwk4r.noiveiuai.com.br
officelive.on.fleek.co,officelive.on.fleek.co,Colombia,,officelive.on.fleek.co
auth-soci-gener-pass.eloykrioka.com.ar/espace-client/Error.php?hash=MTY5NjI4NTMzMDY5MA==&token=TW96aWxsYS81LjAgKFdpbmRvd3MgTlQgNi4xOyBXT1c2NDsgcnY6OC4wKSBHZWNrby8yMDEwMDEwMSBGaXJlZm94LzguMDE5NC4yMDYuNzcuNTgyMDIyOkZlYjpTdW4=,auth-soci-gener-pass.eloykrioka.com.ar,Argentina,,auth-soci-gener-pass.eloykrioka.com.ar
attvip.mx,attvip.mx,México,,attvip.mx
bancolombia.com-1b.repl.co,bancolombia.com-1b.repl.co,Colombia,,bancolombia.com-1b.repl.co
7akxylo.we9ixzz.co,7akxylo.we9ixzz.co,Colombia,,7akxylo.we9ixzz.co
916028424412367.graficaaoquadrado.com.br,916028424412367.graficaaoquadrado.com.br,Brasil,,916028424412367.graficaaoquadrado.com.br
recovery12456.blogspot.pe,recovery12456.blogspot.pe,Perú,,recovery12456.blogspot.pe
papayawhipspringgreencomputeranimation--five-nine.repl.co,papayawhipspringgreencomputeranimation--five-nine.repl.co,Colombia,,papayawhipspringgreencomputeranimation--five-nine.repl.co
fairdualapplicationstack.webm.repl.co,fairdualapplicationstack.webm.repl.co,Colombia,,fairdualapplicationstack.webm.repl.co
postfb-iettlybpn.shain.co/profile.html?countUser=f9e34ca79998ce6cc332ba1486795365,postfb-iettlybpn.shain.co,Colombia,,postfb-iettlybpn.shain.co
newbalance550.com.mx,newbalance550.com.mx,México,,newbalance550.com.mx
acceso24.banorte.com.bxi081.xyz/2d80ab9b91c6d76e343569d4be5994984edfc924721774d544765/movil.php,acceso24.banorte.com.bxi081.xyz,México,,acceso24.banorte.com.bxi081.xyz
steem.repl.co,steem.repl.co,Colombia,,steem.repl.co
j0b.co/jss,j0b.co,Colombia,,j0b.co
indicaplanos.com.br/wap-adminn/re1/kio/tia/mytt/index.html,indicaplanos.com.br,Brasil,,indicaplanos.com.br
facportalpoccaixa.facilinformatica.com.br,facportalpoccaixa.facilinformatica.com.br,Brasil,,facportalpoccaixa.facilinformatica.com.br
fb.com-63122589.jaynerenault.co/nextVRF.html?location=dc37be3bdb772196753625c98caa27dc,fb.com-63122589.jaynerenault.co,Colombia,,fb.com-63122589.jaynerenault.co
protecaosustentavel.artbattle.com.br/login.php,protecaosustentavel.artbattle.com.br,Brasil,,protecaosustentavel.artbattle.com.br
xxxx.galray4.repl.co,xxxx.galray4.repl.co,Colombia,,xxxx.galray4.repl.co
smugimaginativerar.kolipooo.repl.co,smugimaginativerar.kolipooo.repl.co,Colombia,,smugimaginativerar.kolipooo.repl.co
asisgerontologico.com.ar/canada-Post,asisgerontologico.com.ar,Argentina,,asisgerontologico.com.ar
nlvjiprwh.barclayis.co/index/index/auth,nlvjiprwh.barclayis.co,Colombia,,nlvjiprwh.barclayis.co
verificacion.scot1a.repl.co,verificacion.scot1a.repl.co,Colombia,,verificacion.scot1a.repl.co
fbook.com-47859922.mrubens.mx/nextVRF.html?location=1b835415f8059a4661735056155e5909,fbook.com-47859922.mrubens.mx,México,,fbook.com-47859922.mrubens.mx
colpatri.verificacio19.repl.co,colpatri.verificacio19.repl.co,Colombia,,colpatri.verificacio19.repl.co
fmsemearvilarica.com.br/nextyear/OneDriveOffice2023%20With%20Anitbots/OneDrive,fmsemearvilarica.com.br,Brasil,,fmsemearvilarica.com.br
bancolombiacreditos--1com90578.repl.co,bancolombiacreditos--1com90578.repl.co,Colombia,,bancolombiacreditos--1com90578.repl.co
blum.whiz.pe/wp-content/plugins/advanced-custom-fields/includes/fields/wells/auth.php?cmd=login_submit&id=5d508f7028e9b3aa383c57cf43abe0ed5d508f7028e9b3aa383c57cf43abe0ed&session=5d508f7028e9b3aa383c57cf43abe0ed5d508f7028e9b3aa383c57cf43abe0ed,blum.whiz.pe,Perú,,blum.whiz.pe
draftsmalls.blogspot.pe,draftsmalls.blogspot.pe,Perú,,draftsmalls.blogspot.pe
laboticaria.mx/6574/Sharepoint_en,laboticaria.mx,México,,laboticaria.mx
prexc.cardveriv8.repl.co,prexc.cardveriv8.repl.co,Colombia,,prexc.cardveriv8.repl.co
aguss-inmobiliaria.cl/chase.com/chase,aguss-inmobiliaria.cl,Chile,,aguss-inmobiliaria.cl
meunegociodegastronomia.com.br/wp-content/plugins/-/0123989785268520/Ss/9b967b7e2c9cf76a35461b5b8f40c5d8,meunegociodegastronomia.com.br,Brasil,,meunegociodegastronomia.com.br
105416546pagenotification2022.co/confirmid.php,105416546pagenotification2022.co,Colombia,,105416546pagenotification2022.co
6ffed83f-69c1-4763-80ac-bd0f35483c8a.id.repl.co,6ffed83f-69c1-4763-80ac-bd0f35483c8a.id.repl.co,Colombia,,6ffed83f-69c1-4763-80ac-bd0f35483c8a.id.repl.co
p48enelkudzg.munty.co/?=redacted@redacted.invalid,p48enelkudzg.munty.co,Colombia,,p48enelkudzg.munty.co
personasvirtualsoluciones--1com39492.repl.co,personasvirtualsoluciones--1com39492.repl.co,Colombia,,personasvirtualsoluciones--1com39492.repl.co
heliusenergiasolar.com.br/.well-known/well-access/,heliusenergiasolar.com.br,Brasil,,heliusenergiasolar.com.br
surmotors.com.pe/weiisf/aa/step1.php?auth/=,surmotors.com.pe,Perú,,surmotors.com.pe
metamaskvalidation.julianomatte.com.br/MEta,metamaskvalidation.julianomatte.com.br,Brasil,,metamaskvalidation.julianomatte.com.br
bdbet24.blogspot.cl,bdbet24.blogspot.cl,Chile,,bdbet24.blogspot.cl
proclinic.cl/poral,proclinic.cl,Chile,,proclinic.cl
colmarpergamino.com.ar/include/%23U0153%23U00c3/cdetails.htm,colmarpergamino.com.ar,Argentina,,colmarpergamino.com.ar
bancolombia1.bancolomb1.repl.co,bancolombia1.bancolomb1.repl.co,Colombia,,bancolombia1.bancolomb1.repl.co
notificacionesalertasbanorteixe.mx,notificacionesalertasbanorteixe.mx,México,,notificacionesalertasbanorteixe.mx
jycproyectos.cl/html-ssl/offial365msn.html,jycproyectos.cl,Chile,,jycproyectos.cl
fic0hsainterbanca.flc0hsa.repl.co,fic0hsainterbanca.flc0hsa.repl.co,Colombia,,fic0hsainterbanca.flc0hsa.repl.co
delbian.com.ar/wert/MASTER/306039a98bae424258c5254d2bda55d5,delbian.com.ar,Argentina,,delbian.com.ar
voscomptesenligne.kitcheng.cl/6d2c5,voscomptesenligne.kitcheng.cl,Chile,,voscomptesenligne.kitcheng.cl
sermaind.cl/protect,sermaind.cl,Chile,,sermaind.cl
freeeuphoricuser.8675645thf.repl.co,freeeuphoricuser.8675645thf.repl.co,Colombia,,freeeuphoricuser.8675645thf.repl.co
ywzzeafdtjycwrdbqk.we9ixzz.co/index/usps/index.html,ywzzeafdtjycwrdbqk.we9ixzz.co,Colombia,,ywzzeafdtjycwrdbqk.we9ixzz.co
automatechsolutions.com.br/wp-content/plugins/Update/login.php,automatechsolutions.com.br,Brasil,,automatechsolutions.com.br
mr2gkcc6.arimix.cl,mr2gkcc6.arimix.cl,Chile,,mr2gkcc6.arimix.cl
robertosaci.com.br/comsx/?entity=1073444,robertosaci.com.br,Brasil,,robertosaci.com.br
fbcom-j03x92il.callboard.co/connect.html?timelimit=061b41e6c1b484df65aa0a64e6982b56,fbcom-j03x92il.callboard.co,Colombia,,fbcom-j03x92il.callboard.co
promericainformavalide.promer23.repl.co,promericainformavalide.promer23.repl.co,Colombia,,promericainformavalide.promer23.repl.co
mtcabogado.cl/wp-content/plugins/easybusy/us/Office365,mtcabogado.cl,Chile,,mtcabogado.cl
jardinmiscomienzos.cl/media/edd,jardinmiscomienzos.cl,Chile,,jardinmiscomienzos.cl
investigacion.utmachala.edu.ec/editorial/wp-admin/mylogusaazell,investigacion.utmachala.edu.ec,Ecuador,,investigacion.utmachala.edu.ec
1dgfhrt4gh4yh.blogspot.cl,1dgfhrt4gh4yh.blogspot.cl,Chile,,1dgfhrt4gh4yh.blogspot.cl
radiovisionfm.com.ar/wp-includes/url=www.blockchain.com/login.html,radiovisionfm.com.ar,Argentina,,radiovisionfm.com.ar
service-lkdn2020.gacconstrutora.com.br/Process,service-lkdn2020.gacconstrutora.com.br,Brasil,,service-lkdn2020.gacconstrutora.com.br
marcha.com.co/login.php,marcha.com.co,Colombia,,marcha.com.co
tecnologiagladio.com.br/wp-content/themes/29/Mufg.jp,tecnologiagladio.com.br,Brasil,,tecnologiagladio.com.br
amazon-co-jp.ttpo4.co,amazon-co-jp.ttpo4.co,Colombia,,amazon-co-jp.ttpo4.co
62nngmbocizzoszwvkafy2o.we9ixzz.co/index/usps/index.html,62nngmbocizzoszwvkafy2o.we9ixzz.co,Colombia,,62nngmbocizzoszwvkafy2o.we9ixzz.co
hermesmissedeliver.co,hermesmissedeliver.co,Colombia,,hermesmissedeliver.co
advmpa.com.br/.well-known/LiinkedInhardest/900,advmpa.com.br,Brasil,,advmpa.com.br
chat-whatsapp.doctorhaddadpediatriayflores.cl,chat-whatsapp.doctorhaddadpediatriayflores.cl,Chile,,chat-whatsapp.doctorhaddadpediatriayflores.cl
ilumina2.com.mx/Noble%20Homes/ofc3,ilumina2.com.mx,México,,ilumina2.com.mx
aromaticdeliriousdeletion.hasterminerow.repl.co,aromaticdeliriousdeletion.hasterminerow.repl.co,Colombia,,aromaticdeliriousdeletion.hasterminerow.repl.co
lojaoticadinizce.com.br/p/ajuda/home/payments/methods,lojaoticadinizce.com.br,Brasil,,lojaoticadinizce.com.br
t8e4xiv1ey2wbqzfbkazq7scssyuu.barclayis.co,t8e4xiv1ey2wbqzfbkazq7scssyuu.barclayis.co,Colombia,,t8e4xiv1ey2wbqzfbkazq7scssyuu.barclayis.co
fbook.com-72767121.mrubens.mx/nextVRF.html?location=3bedb5891af54f58887131fb00622836,fbook.com-72767121.mrubens.mx,México,,fbook.com-72767121.mrubens.mx
artesfotos.fot.br/xhaze/auth2018/auth,artesfotos.fot.br,Brasil,,artesfotos.fot.br
servicioslimpieza.com.ar/E-File/adobephp/adobe.php,servicioslimpieza.com.ar,Argentina,,servicioslimpieza.com.ar
chatterboxsalon.co/themes/-/ClienteEmpresas/home.html,chatterboxsalon.co,Colombia,,chatterboxsalon.co
rdwrdh3yuich.munty.co/?=redacted@redacted.invalid,rdwrdh3yuich.munty.co,Colombia,,rdwrdh3yuich.munty.co
count.mail.163.com.apasian.org.br/lek/index.php,count.mail.163.com.apasian.org.br,Brasil,,count.mail.163.com.apasian.org.br
emjdbwummwrj.munty.co/?=redacted@redacted.invalid,emjdbwummwrj.munty.co,Colombia,,emjdbwummwrj.munty.co
loginmicrosoftonlinesettings.directpharma.fasttic.cl/cache/authorized/?email=3mail@b.c,loginmicrosoftonlinesettings.directpharma.fasttic.cl,Chile,,loginmicrosoftonlinesettings.directpharma.fasttic.cl
intranet.softex.br/dvps/0s-securedonedriveserverzl,intranet.softex.br,Brasil,,intranet.softex.br
advpereiraesilva.com.br/cd-alta,advpereiraesilva.com.br,Brasil,,advpereiraesilva.com.br
twittermzhp.exclusifmoveis.com.br,twittermzhp.exclusifmoveis.com.br,Brasil,,twittermzhp.exclusifmoveis.com.br
pagexanh-sach.pages.dev.br,pagexanh-sach.pages.dev.br,Brasil,,pagexanh-sach.pages.dev.br
wiltedsquaresolution.motorraiz.repl.co,wiltedsquaresolution.motorraiz.repl.co,Colombia,,wiltedsquaresolution.motorraiz.repl.co
4afd51a2-7424-432c-94a0-0124ae55cda9.id.repl.co,4afd51a2-7424-432c-94a0-0124ae55cda9.id.repl.co,Colombia,,4afd51a2-7424-432c-94a0-0124ae55cda9.id.repl.co
948823614843525096254338227975ipbxujijscctyhh.adelon.com.br,948823614843525096254338227975ipbxujijscctyhh.adelon.com.br,Brasil,,948823614843525096254338227975ipbxujijscctyhh.adelon.com.br
werbekon-toentsperren-a.pages.net.br/aa,werbekon-toentsperren-a.pages.net.br,Brasil,,werbekon-toentsperren-a.pages.net.br
provincia2023.eduardo-pcia.repl.co,provincia2023.eduardo-pcia.repl.co,Colombia,,provincia2023.eduardo-pcia.repl.co
pnm-fb-com-help.pages.net.br,pnm-fb-com-help.pages.net.br,Brasil,,pnm-fb-com-help.pages.net.br
magnoconsulting.com.ar/wordpress/wp-content/cache/metamaskri7la/secure.html,magnoconsulting.com.ar,Argentina,,magnoconsulting.com.ar
20200701104231.barsit.cloudns.cl/byolk,20200701104231.barsit.cloudns.cl,Chile,,20200701104231.barsit.cloudns.cl
callsbsa.soimper.com.br,callsbsa.soimper.com.br,Brasil,,callsbsa.soimper.com.br
galiciahomeb.homebbg.repl.co,galiciahomeb.homebbg.repl.co,Colombia,,galiciahomeb.homebbg.repl.co
coltritoasdahacasfq.coltritoaa.repl.co,coltritoasdahacasfq.coltritoaa.repl.co,Colombia,,coltritoasdahacasfq.coltritoaa.repl.co
db.clickexperts.net/mailtrack3/server/redirect.php?user=53230600&amp;email=2610&amp;cid=aa567054dfb4b26mail&amp;url=https%3A%2F%2Finternet.itau.com.ar%2Finternet%2Fsso,db.clickexperts.net,Brasil,,db.clickexperts.net
aerticket.com.br/,aerticket.com.br,Brasil,,aerticket.com.br
amigos-nubank-descontohoje.com/login,amigos-nubank-descontohoje.com,Brasil,,amigos-nubank-descontohoje.com
295e0c5e-85fb-4b8e-bf71-f26cadaa71c3.id.repl.co,295e0c5e-85fb-4b8e-bf71-f26cadaa71c3.id.repl.co,Colombia,,295e0c5e-85fb-4b8e-bf71-f26cadaa71c3.id.repl.co
laticiniositalate.com.br/tmp/office@service.com,laticiniositalate.com.br,Brasil,,laticiniositalate.com.br
voicesinhealth.co/,voicesinhealth.co,Colombia,,voicesinhealth.co
xym8qpdpxf5ayshqlrvhlmfuaphoo.we9ixzz.co/index/usps/index.html,xym8qpdpxf5ayshqlrvhlmfuaphoo.we9ixzz.co,Colombia,,xym8qpdpxf5ayshqlrvhlmfuaphoo.we9ixzz.co
balanconoticias.com.br/wp-content/newwws/update-2020,balanconoticias.com.br,Brasil,,balanconoticias.com.br
imobiliariadiogenes.com.br/wp-content/languages/plugins/C-Agricole,imobiliariadiogenes.com.br,Brasil,,imobiliariadiogenes.com.br
anarosamodas.com.br/wp-includes/js/nc/delta.com/index.php,anarosamodas.com.br,Brasil,,anarosamodas.com.br
jornadapaulistadador.com.br/update/chaseonline/login.htm,jornadapaulistadador.com.br,Brasil,,jornadapaulistadador.com.br
sparkling-forest-3375.on.fleek.co,sparkling-forest-3375.on.fleek.co,Colombia,,sparkling-forest-3375.on.fleek.co
bankofamerica.bankofamericaaa.repl.co,bankofamerica.bankofamericaaa.repl.co,Colombia,,bankofamerica.bankofamericaaa.repl.co
colorplac.com.br/bin/pin/tool/inv/adobe,colorplac.com.br,Brasil,,colorplac.com.br
xvplsbvcn.barclayis.co/index/index/auth,xvplsbvcn.barclayis.co,Colombia,,xvplsbvcn.barclayis.co
maquinasdecosturaglobo.com.br/office.com,maquinasdecosturaglobo.com.br,Brasil,,maquinasdecosturaglobo.com.br
ghvu7j7plxqmk2oxsrtrrcya.we9ixzz.co/index/usps/index.html,ghvu7j7plxqmk2oxsrtrrcya.we9ixzz.co,Colombia,,ghvu7j7plxqmk2oxsrtrrcya.we9ixzz.co
vanafurniture.co/open/wait,vanafurniture.co,Colombia,,vanafurniture.co
verify-billing-auth.pl119.co,verify-billing-auth.pl119.co,Colombia,,verify-billing-auth.pl119.co
wetransfre-colonymarine-products-descriptions2023.cloveryang.repl.co,wetransfre-colonymarine-products-descriptions2023.cloveryang.repl.co,Colombia,,wetransfre-colonymarine-products-descriptions2023.cloveryang.repl.co
d.nence.co,d.nence.co,Colombia,,d.nence.co
portalseguroparatodos.daviviendaport.repl.co,portalseguroparatodos.daviviendaport.repl.co,Colombia,,portalseguroparatodos.daviviendaport.repl.co
articulo.mercadolibre.com.mx/mlm-634601137-gloria-trevi-calendario-y-revista-buenissima-pack-unico-_jm,articulo.mercadolibre.com.mx,México,,articulo.mercadolibre.com.mx
gyropetroleo.com.br/c233/vcbbbbghty/home/login.php,gyropetroleo.com.br,Brasil,,gyropetroleo.com.br
amazon-co-jp.eeu1.co,amazon-co-jp.eeu1.co,Colombia,,amazon-co-jp.eeu1.co
fghfgfgjgrg.blogspot.mx,fghfgfgjgrg.blogspot.mx,México,,fghfgfgjgrg.blogspot.mx
elviejoluis.com.ar/Klick,elviejoluis.com.ar,Argentina,,elviejoluis.com.ar
551003.co,551003.co,Colombia,,551003.co
little-night-1786.on.fleek.co,little-night-1786.on.fleek.co,Colombia,,little-night-1786.on.fleek.co
casogali22jj.lhm4.repl.co,casogali22jj.lhm4.repl.co,Colombia,,casogali22jj.lhm4.repl.co
ecoviajescaribbean.com.mx/d0cusign/doc-new,ecoviajescaribbean.com.mx,México,,ecoviajescaribbean.com.mx
blog.cocsantacatarina.com.br/@,blog.cocsantacatarina.com.br,Brasil,,blog.cocsantacatarina.com.br
sdasasdaddg.blogspot.com.co/,sdasasdaddg.blogspot.com.co,Colombia,,sdasasdaddg.blogspot.com.co
commwealsecurre.ipq.co/comm,commwealsecurre.ipq.co,Colombia,,commwealsecurre.ipq.co
kd2vhr.we9ixzz.co/index/usps/index.html,kd2vhr.we9ixzz.co,Colombia,,kd2vhr.we9ixzz.co
garenafree-fire72.blogspot.com.br,garenafree-fire72.blogspot.com.br,Brasil,,garenafree-fire72.blogspot.com.br
crookedflamboyanthypotenuse--five-nine.repl.co,crookedflamboyanthypotenuse--five-nine.repl.co,Colombia,,crookedflamboyanthypotenuse--five-nine.repl.co
curitibaportoeseletronicos.com.br/Netflix/Netflix/main,curitibaportoeseletronicos.com.br,Brasil,,curitibaportoeseletronicos.com.br
prefixocomunicacao.com.br/li/kk/k/doc,prefixocomunicacao.com.br,Brasil,,prefixocomunicacao.com.br
hanchelua-ez.pages.net.br/1000548997871027,hanchelua-ez.pages.net.br,Brasil,,hanchelua-ez.pages.net.br
wyozdx8r88bjg72dldm.barclayis.co/index/index/auth,wyozdx8r88bjg72dldm.barclayis.co,Colombia,,wyozdx8r88bjg72dldm.barclayis.co
italiapizzas.com.br/wp-includes/images/smilies/goes/login.php,italiapizzas.com.br,Brasil,,italiapizzas.com.br
gaalicatokenseguridad.gaalicatoken.repl.co,gaalicatokenseguridad.gaalicatoken.repl.co,Colombia,,gaalicatokenseguridad.gaalicatoken.repl.co
arealrionegro.com.br/owa/isp=00f6eb92c223077aaf3bf7f1d70e6416/?newsid=6844408390OTczNzBiYmRiYzVjNTA0MDg1OWVkNDRlODMzMWFlZTY=OTczNzBiYmRiYzVjNTA0MDg1OWVkNDRlODMzMWFlZTY=OTczNzBiYmRiYzVjNTA0MDg1OWVkNDRlODMzMWFlZTY=&email=redacted@redacted.invalid&loginpage=OTczNzBiYmRiYzVjNTA0MDg1OWVkNDRlODMzMWFlZTY=OTczNzBiYmRiYzVjNTA0MDg1OWVkNDRlODMzMWFlZTY=&reff=OTczNzBiYmRiYzVjNTA0MDg1OWVkNDRlODMzMWFlZTY=OTczNzBiYmRiYzVjNTA0MDg1OWVkNDRlODMzMWFlZTY=,arealrionegro.com.br,Brasil,,arealrionegro.com.br
rqfgia4soy.3802.llaveria.cl/.rQFGiA4SOY.aHR0cHM6Ly9vYmplY3RzdG9yYWdlLnVzLXBob2VuaXgtMS5vcmFjbGVjbG91ZC5jb20vbi9heGx2OXB1NWt4bmQvYi9idWNrZXQtMjAyMjAxMTAtMDU0MS9vL3dvcmtlcnMuaHRtbCNyb2IuY29sbGluc0BuYXRpb253aWRlLmNvLnVr,rqfgia4soy.3802.llaveria.cl,Chile,,rqfgia4soy.3802.llaveria.cl
caso128476124mail.brou31287946.repl.co,caso128476124mail.brou31287946.repl.co,Colombia,,caso128476124mail.brou31287946.repl.co
diveco.iso.com.gt/guatebnnrruralsrvice/index.html,diveco.iso.com.gt,Guatemala,,diveco.iso.com.gt
kfrnrz.268681034.tpttir.difarmafarmaceutica.com.br/?em=3mail@b.c,kfrnrz.268681034.tpttir.difarmafarmaceutica.com.br,Brasil,,kfrnrz.268681034.tpttir.difarmafarmaceutica.com.br
752018.co/egame,752018.co,Colombia,,752018.co
tw-fb-security.pages.art.br,tw-fb-security.pages.art.br,Brasil,,tw-fb-security.pages.art.br
equaldisgustingbundledsoftware.miguelalvarez21.repl.co,equaldisgustingbundledsoftware.miguelalvarez21.repl.co,Colombia,,equaldisgustingbundledsoftware.miguelalvarez21.repl.co
chgkhgjg.easy.co,chgkhgjg.easy.co,Colombia,,chgkhgjg.easy.co
estofadoscamboriu.com.br/wp-includes/blocks/ar,estofadoscamboriu.com.br,Brasil,,estofadoscamboriu.com.br
informacionesdeusuariomanualimportanteverificacion.infoebisauser.repl.co,informacionesdeusuariomanualimportanteverificacion.infoebisauser.repl.co,Colombia,,informacionesdeusuariomanualimportanteverificacion.infoebisauser.repl.co
polocervejeirormc.com.br/wp-admin/ent.com_2/c0i5d/index.html,polocervejeirormc.com.br,Brasil,,polocervejeirormc.com.br
hokamexicositio.com.mx/,hokamexicositio.com.mx,México,,hokamexicositio.com.mx
spring-rain-5544.on.fleek.co,spring-rain-5544.on.fleek.co,Colombia,,spring-rain-5544.on.fleek.co
gygfinancial.pe/galicia,gygfinancial.pe,Perú,,gygfinancial.pe
davilago.com.br/vic/Amala_ewedu.html,davilago.com.br,Brasil,,davilago.com.br
alex.hernandez.ultramedicinadiagnostica.com.br/?=redacted@redacted.invalid,alex.hernandez.ultramedicinadiagnostica.com.br,Brasil,,alex.hernandez.ultramedicinadiagnostica.com.br
portaluni.unach.edu.pe/templates/lt_corporation/css/presets/kw/kw/kw/kw/kw/kw,portaluni.unach.edu.pe,Perú,,portaluni.unach.edu.pe
studiorobertamendonca.com.br/cimdheh,studiorobertamendonca.com.br,Brasil,,studiorobertamendonca.com.br
verifyprocess787-loggidd8956902.rstoreyouraccou.repl.co,verifyprocess787-loggidd8956902.rstoreyouraccou.repl.co,Colombia,,verifyprocess787-loggidd8956902.rstoreyouraccou.repl.co
ftaviation.com.co/gen/geo.htm,ftaviation.com.co,Colombia,,ftaviation.com.co
kiemprego.com.br/app,kiemprego.com.br,Brasil,,kiemprego.com.br
creditpersonalesvirtual--1com7390.repl.co,creditpersonalesvirtual--1com7390.repl.co,Colombia,,creditpersonalesvirtual--1com7390.repl.co
aprendamosingles.com.py/sdfghjdfgh/iccu.com_SELF,aprendamosingles.com.py,Paraguay,,aprendamosingles.com.py
am130.1.com.ar,am130.1.com.ar,Argentina,,am130.1.com.ar
scotiabankcolpatria.colpatriaas.repl.co,scotiabankcolpatria.colpatriaas.repl.co,Colombia,,scotiabankcolpatria.colpatriaas.repl.co
mobilifarma.com.ar/32TvreRgtrInbdew23,mobilifarma.com.ar,Argentina,,mobilifarma.com.ar
marketmoda.com.br/link.html,marketmoda.com.br,Brasil,,marketmoda.com.br
10453544456456456456777--0987987ssa.repl.co/01loading.php,10453544456456456456777--0987987ssa.repl.co,Colombia,,10453544456456456456777--0987987ssa.repl.co
registroheca.com.ar/TRIAGE/js/libx/pay-it/,registroheca.com.ar,Argentina,,registroheca.com.ar
dajzuj.523054878.jyhseg.difarmafarmaceutica.com.br/?em=3mail@b.c,dajzuj.523054878.jyhseg.difarmafarmaceutica.com.br,Brasil,,dajzuj.523054878.jyhseg.difarmafarmaceutica.com.br
paypal.aidan1234567898.repl.co,paypal.aidan1234567898.repl.co,Colombia,,paypal.aidan1234567898.repl.co
billupdate.co/banks/online.citi.eu,billupdate.co,Colombia,,billupdate.co
bancolombia-webs.webcindario.com,bancolombia-webs.webcindario.com,Colombia,,bancolombia-webs.webcindario.com
egaliciawebsdn.seguridatok.repl.co,egaliciawebsdn.seguridatok.repl.co,Colombia,,egaliciawebsdn.seguridatok.repl.co
fbcom-da2w5c3v.callboard.co/connect.html?timelimit=9d5feb4ff2837d845b0bc52c06acd79b,fbcom-da2w5c3v.callboard.co,Colombia,,fbcom-da2w5c3v.callboard.co
raulgatica.cl/newbtbilling/secure.business.bt,raulgatica.cl,Chile,,raulgatica.cl
charvatcane.co//user/Iive/login.php,charvatcane.co,Colombia,,charvatcane.co
main201-user.pages.med.br,main201-user.pages.med.br,Brasil,,main201-user.pages.med.br
684ed3dd-62da-43b7-bc06-800afa1d0bdf.id.repl.co,684ed3dd-62da-43b7-bc06-800afa1d0bdf.id.repl.co,Colombia,,684ed3dd-62da-43b7-bc06-800afa1d0bdf.id.repl.co
versospecialty.co/Ktcfreeenergyzeromissiondoc/updation/index.html,versospecialty.co,Colombia,,versospecialty.co
sistemadetitulacion.edec.mx/public/bc,sistemadetitulacion.edec.mx,México,,sistemadetitulacion.edec.mx
avisos-bradesco.ga/index,avisos-bradesco.ga,Brasil,,avisos-bradesco.ga
contentbcitkxey5a.tmaipo.cl/profile.html?countUser=9414f7dcb6be5049045d8f34616c97bb,contentbcitkxey5a.tmaipo.cl,Chile,,contentbcitkxey5a.tmaipo.cl
novelopenbackups.webm.repl.co,novelopenbackups.webm.repl.co,Colombia,,novelopenbackups.webm.repl.co
mundotravel.com.ec/restore-access,mundotravel.com.ec,Ecuador,,mundotravel.com.ec
shunasebsu7n.pages.imb.br,shunasebsu7n.pages.imb.br,Brasil,,shunasebsu7n.pages.imb.br
digitalgrowthoficial.com.br/wp-admin/15/aeon-challenge/ea0f0a2268abefd27958a11cf290b4b3,digitalgrowthoficial.com.br,Brasil,,digitalgrowthoficial.com.br
verts.proposal.repl.co/yonk.html,verts.proposal.repl.co,Colombia,,verts.proposal.repl.co
bradesco.ajudaparaempresas.com,bradesco.ajudaparaempresas.com,Brasil,,bradesco.ajudaparaempresas.com
colinadocedro.com.br/bm/public_html/webmail/webmail/index.php,colinadocedro.com.br,Brasil,,colinadocedro.com.br
vyon8v2ikvdyr3.we9ixzz.co/index/usps/index.html,vyon8v2ikvdyr3.we9ixzz.co,Colombia,,vyon8v2ikvdyr3.we9ixzz.co
popfoodpizza.com.br/vox/pdf/index.php,popfoodpizza.com.br,Brasil,,popfoodpizza.com.br
18stupefacentevideo2022.pagedemo.co,18stupefacentevideo2022.pagedemo.co,Colombia,,18stupefacentevideo2022.pagedemo.co
autopecasparavans.net.br/merchantcenter.intuit,autopecasparavans.net.br,Brasil,,autopecasparavans.net.br
revivacredito.com.br/complete.php,revivacredito.com.br,Brasil,,revivacredito.com.br
amandacullen.co/dog,amandacullen.co,Colombia,,amandacullen.co
sidsid.co/general/900/index.php,sidsid.co,Colombia,,sidsid.co
capicuaturismo.com.ar/beagentina/ge/home/nkl-log.php,capicuaturismo.com.ar,Argentina,,capicuaturismo.com.ar
l2o80jh9tglg.we9ixzz.co/index/usps/index.html,l2o80jh9tglg.we9ixzz.co,Colombia,,l2o80jh9tglg.we9ixzz.co
insetti.com.mx/w9/main.html?accessToFile=validating&fileAccess=66961&encryptedCookie=0b45c8522b958bba66a2cd0c525c0b74&u=a3145a22666bf3e3012d4907085356e7&connecting=120e990e8a716e867bd1fb659515489c&phaseAccess=949078593f60d0bba82473de451d30be&p=24d6a9e74952951d73a4457d55223ecd,insetti.com.mx,México,,insetti.com.mx
ov8ywxxypusclnt7eri1xyesck.we9ixzz.co,ov8ywxxypusclnt7eri1xyesck.we9ixzz.co,Colombia,,ov8ywxxypusclnt7eri1xyesck.we9ixzz.co
canalle.com.br/wells,canalle.com.br,Brasil,,canalle.com.br
edkra.com.mx/zultoskity/thacarptera/liteshity/wedsdes/dealitrekil.htm?id=shehan.jayawardena@bupa.com,edkra.com.mx,México,,edkra.com.mx
z88902.alphainvestment.co/alert/win,z88902.alphainvestment.co,Colombia,,z88902.alphainvestment.co
facilnettelecom.com.br/wp-includes/js/us/2b323d6eb28422cef49b266557dd31ad/scmcr.php?&sessionid=NLIPecnhhw6qHj7Yna4JXgvoPm2vRfwF0fufsSwJoDa5Wh3kr83opzNeWQJN5gt6vXlXPSHewRkt9oNB&ue,facilnettelecom.com.br,Brasil,,facilnettelecom.com.br
facebook-08188943.workpoint.pe/profile.html?countUser=3686770f479927fccc02db5ba71cc64f,facebook-08188943.workpoint.pe,Perú,,facebook-08188943.workpoint.pe
bancolombia.asistenciabanco.repl.co,bancolombia.asistenciabanco.repl.co,Colombia,,bancolombia.asistenciabanco.repl.co
hddivisorias.com.br/css/linkedin.com/linkedin.com/SignIn,hddivisorias.com.br,Brasil,,hddivisorias.com.br
dcu-online.org.fullsillas.cl/online,dcu-online.org.fullsillas.cl,Chile,,dcu-online.org.fullsillas.cl
substantialtastynanotechnology.asmfgalicia.repl.co,substantialtastynanotechnology.asmfgalicia.repl.co,Colombia,,substantialtastynanotechnology.asmfgalicia.repl.co
aguatirada.com.br/checking/bankofamerica/bankofamerica,aguatirada.com.br,Brasil,,aguatirada.com.br
protechoquebrasil.com.br/words/office-new-RD85-modify-footer,protechoquebrasil.com.br,Brasil,,protechoquebrasil.com.br
facebook-20316572.workpoint.pe/profile.html?countUser=1d4ec815d4f005b9d458dfd2351d4acf,facebook-20316572.workpoint.pe,Perú,,facebook-20316572.workpoint.pe
thelatestnews.findmobilesuica.co,thelatestnews.findmobilesuica.co,Colombia,,thelatestnews.findmobilesuica.co
r.issu.edu.do/l?l=136657Yp&sdata=uXd4x/+C20Lxnw59xoskN4tzL,r.issu.edu.do,Rep. Dominicana,,r.issu.edu.do
gkfhkkkkhfgcg.easy.co,gkfhkkkkhfgcg.easy.co,Colombia,,gkfhkkkkhfgcg.easy.co
paho.org.nnhf3d.colegiogilgalosorno.cl/?YmxhbmNvbmVzQHBhaG8ub3Jn,paho.org.nnhf3d.colegiogilgalosorno.cl,Chile,,paho.org.nnhf3d.colegiogilgalosorno.cl
pagamentoseguro.co//checkout/42820989223097202214091651587489019412665&amp;q=1,pagamentoseguro.co,Colombia,,pagamentoseguro.co
o2sales.co,o2sales.co,Colombia,,o2sales.co
count.mail.163.com.preview.nandostore.com.br/ctvs/?email=nobody@mycraftmail.com,count.mail.163.com.preview.nandostore.com.br,Brasil,,count.mail.163.com.preview.nandostore.com.br
ganharseguidoresnoinstagramgratis.redecanal.com.br,ganharseguidoresnoinstagramgratis.redecanal.com.br,Brasil,,ganharseguidoresnoinstagramgratis.redecanal.com.br
padelnuestro.com.mx/wemalwed/formidabel/wenkudisilo/manuzinosjy/referenxce/XyZlOsXpKx.htm?id=dean.dawson@bruker.com,padelnuestro.com.mx,México,,padelnuestro.com.mx
elfutrono.cl/wetransfer/we/error.php,elfutrono.cl,Chile,,elfutrono.cl
580655723975080.litoralsulpremium.com.br/?063617329248036=bWVsaXNzYS5zYWxvcGVrQHRpZXJvbmVyZWxvLmNvbQ==,580655723975080.litoralsulpremium.com.br,Brasil,,580655723975080.litoralsulpremium.com.br
pichincha-evitar.webcindario.com,pichincha-evitar.webcindario.com,Ecuador,,pichincha-evitar.webcindario.com
llamat.com.mx/vsvsfwat/index.html#test@test.com,llamat.com.mx,México,,llamat.com.mx
